kode,kabkota,provinsi,pulau,tahun,ipm,miskin_persen,penduduk,luas_km2,kepadatan,jml_miskin,lon,lat
1101,Kab/Kota Dummy 11-01,Aceh,Sumatera,2021,67.16,12.9,530995,2494.2,212.9,68.5,96.2,5.1
1101,Kab/Kota Dummy 11-01,Aceh,Sumatera,2022,68.49,13.9,536305,2494.2,215.0,74.53,96.2,5.1
1101,Kab/Kota Dummy 11-01,Aceh,Sumatera,2023,68.77,13.14,541615,2494.2,217.2,71.15,96.2,5.1
1101,Kab/Kota Dummy 11-01,Aceh,Sumatera,2024,69.5,12.98,546925,2494.2,219.3,71.0,96.2,5.1
1101,Kab/Kota Dummy 11-01,Aceh,Sumatera,2025,70.11,13.69,552235,2494.2,221.4,75.61,96.2,5.1
1102,Kab/Kota Dummy 11-02,Aceh,Sumatera,2021,69.79,12.12,798231,1125.6,709.2,96.76,96.5,5.1
1102,Kab/Kota Dummy 11-02,Aceh,Sumatera,2022,69.57,10.88,806213,1125.6,716.3,87.75,96.5,5.1
1102,Kab/Kota Dummy 11-02,Aceh,Sumatera,2023,72.25,10.86,814195,1125.6,723.4,88.4,96.5,5.1
1102,Kab/Kota Dummy 11-02,Aceh,Sumatera,2024,70.75,10.11,822178,1125.6,730.5,83.13,96.5,5.1
1102,Kab/Kota Dummy 11-02,Aceh,Sumatera,2025,72.41,10.5,830160,1125.6,737.5,87.17,96.5,5.1
1103,Kab/Kota Dummy 11-03,Aceh,Sumatera,2021,69.2,12.31,138021,4456.9,31.0,16.99,96.8,5.1
1103,Kab/Kota Dummy 11-03,Aceh,Sumatera,2022,69.64,11.41,139402,4456.9,31.3,15.91,96.8,5.1
1103,Kab/Kota Dummy 11-03,Aceh,Sumatera,2023,70.61,11.16,140782,4456.9,31.6,15.71,96.8,5.1
1103,Kab/Kota Dummy 11-03,Aceh,Sumatera,2024,71.25,9.67,142162,4456.9,31.9,13.75,96.8,5.1
1103,Kab/Kota Dummy 11-03,Aceh,Sumatera,2025,72.92,11.65,143542,4456.9,32.2,16.72,96.8,5.1
1104,Kab/Kota Dummy 11-04,Aceh,Sumatera,2021,69.91,9.61,106645,1894.4,56.3,10.25,97.1,5.1
1104,Kab/Kota Dummy 11-04,Aceh,Sumatera,2022,71.02,10.53,107711,1894.4,56.9,11.35,97.1,5.1
1104,Kab/Kota Dummy 11-04,Aceh,Sumatera,2023,71.82,11.0,108778,1894.4,57.4,11.96,97.1,5.1
1104,Kab/Kota Dummy 11-04,Aceh,Sumatera,2024,72.52,9.19,109844,1894.4,58.0,10.1,97.1,5.1
1104,Kab/Kota Dummy 11-04,Aceh,Sumatera,2025,74.1,9.25,110911,1894.4,58.5,10.25,97.1,5.1
1105,Kab/Kota Dummy 11-05,Aceh,Sumatera,2021,68.75,12.47,509891,767.1,664.7,63.6,97.4,5.1
1105,Kab/Kota Dummy 11-05,Aceh,Sumatera,2022,68.66,11.67,514990,767.1,671.3,60.08,97.4,5.1
1105,Kab/Kota Dummy 11-05,Aceh,Sumatera,2023,70.08,11.63,520089,767.1,678.0,60.47,97.4,5.1
1105,Kab/Kota Dummy 11-05,Aceh,Sumatera,2024,70.41,11.5,525188,767.1,684.6,60.41,97.4,5.1
1105,Kab/Kota Dummy 11-05,Aceh,Sumatera,2025,72.27,11.37,530286,767.1,691.3,60.31,97.4,5.1
1106,Kab/Kota Dummy 11-06,Aceh,Sumatera,2021,72.33,8.42,310421,202.9,1530.1,26.14,96.2,4.8
1106,Kab/Kota Dummy 11-06,Aceh,Sumatera,2022,72.99,8.64,313525,202.9,1545.4,27.08,96.2,4.8
1106,Kab/Kota Dummy 11-06,Aceh,Sumatera,2023,74.84,9.56,316629,202.9,1560.7,30.28,96.2,4.8
1106,Kab/Kota Dummy 11-06,Aceh,Sumatera,2024,74.09,6.73,319733,202.9,1576.0,21.53,96.2,4.8
1106,Kab/Kota Dummy 11-06,Aceh,Sumatera,2025,76.21,7.5,322838,202.9,1591.3,24.22,96.2,4.8
1107,Kab/Kota Dummy 11-07,Aceh,Sumatera,2021,72.94,8.88,351395,643.7,545.9,31.2,96.5,4.8
1107,Kab/Kota Dummy 11-07,Aceh,Sumatera,2022,73.52,7.7,354909,643.7,551.3,27.32,96.5,4.8
1107,Kab/Kota Dummy 11-07,Aceh,Sumatera,2023,74.81,7.35,358423,643.7,556.8,26.35,96.5,4.8
1107,Kab/Kota Dummy 11-07,Aceh,Sumatera,2024,76.8,7.28,361937,643.7,562.2,26.36,96.5,4.8
1107,Kab/Kota Dummy 11-07,Aceh,Sumatera,2025,76.89,7.45,365451,643.7,567.7,27.23,96.5,4.8
1108,Kab/Kota Dummy 11-08,Aceh,Sumatera,2021,73.89,7.65,167560,3233.6,51.8,12.82,96.8,4.8
1108,Kab/Kota Dummy 11-08,Aceh,Sumatera,2022,74.08,8.3,169236,3233.6,52.3,14.04,96.8,4.8
1108,Kab/Kota Dummy 11-08,Aceh,Sumatera,2023,75.56,7.38,170912,3233.6,52.9,12.61,96.8,4.8
1108,Kab/Kota Dummy 11-08,Aceh,Sumatera,2024,76.25,7.7,172587,3233.6,53.4,13.3,96.8,4.8
1108,Kab/Kota Dummy 11-08,Aceh,Sumatera,2025,78.1,9.03,174263,3233.6,53.9,15.73,96.8,4.8
1109,Kab/Kota Dummy 11-09,Aceh,Sumatera,2021,68.86,12.01,413479,2245.7,184.1,49.66,97.1,4.8
1109,Kab/Kota Dummy 11-09,Aceh,Sumatera,2022,71.87,9.98,417614,2245.7,186.0,41.69,97.1,4.8
1109,Kab/Kota Dummy 11-09,Aceh,Sumatera,2023,73.04,11.29,421749,2245.7,187.8,47.6,97.1,4.8
1109,Kab/Kota Dummy 11-09,Aceh,Sumatera,2024,72.05,11.29,425884,2245.7,189.6,48.1,97.1,4.8
1109,Kab/Kota Dummy 11-09,Aceh,Sumatera,2025,73.35,10.56,430018,2245.7,191.5,45.41,97.1,4.8
1110,Kab/Kota Dummy 11-10,Aceh,Sumatera,2021,69.87,11.7,224130,1059.9,211.5,26.21,97.4,4.8
1110,Kab/Kota Dummy 11-10,Aceh,Sumatera,2022,71.18,11.0,226371,1059.9,213.6,24.91,97.4,4.8
1110,Kab/Kota Dummy 11-10,Aceh,Sumatera,2023,71.6,10.18,228613,1059.9,215.7,23.27,97.4,4.8
1110,Kab/Kota Dummy 11-10,Aceh,Sumatera,2024,71.69,11.06,230854,1059.9,217.8,25.53,97.4,4.8
1110,Kab/Kota Dummy 11-10,Aceh,Sumatera,2025,72.67,9.48,233095,1059.9,219.9,22.1,97.4,4.8
1111,Kab/Kota Dummy 11-11,Aceh,Sumatera,2021,75.69,7.12,141877,4954.7,28.6,10.1,96.2,4.5
1111,Kab/Kota Dummy 11-11,Aceh,Sumatera,2022,77.55,4.88,143296,4954.7,28.9,7.0,96.2,4.5
1111,Kab/Kota Dummy 11-11,Aceh,Sumatera,2023,78.5,4.83,144714,4954.7,29.2,6.99,96.2,4.5
1111,Kab/Kota Dummy 11-11,Aceh,Sumatera,2024,79.51,6.18,146133,4954.7,29.5,9.03,96.2,4.5
1111,Kab/Kota Dummy 11-11,Aceh,Sumatera,2025,80.24,4.78,147552,4954.7,29.8,7.06,96.2,4.5
1112,Kab/Kota Dummy 11-12,Aceh,Sumatera,2021,66.99,13.62,206646,2512.5,82.2,28.15,96.5,4.5
1112,Kab/Kota Dummy 11-12,Aceh,Sumatera,2022,66.42,13.99,208712,2512.5,83.1,29.2,96.5,4.5
1112,Kab/Kota Dummy 11-12,Aceh,Sumatera,2023,67.48,14.11,210779,2512.5,83.9,29.73,96.5,4.5
1112,Kab/Kota Dummy 11-12,Aceh,Sumatera,2024,69.31,12.78,212845,2512.5,84.7,27.19,96.5,4.5
1112,Kab/Kota Dummy 11-12,Aceh,Sumatera,2025,70.13,12.37,214912,2512.5,85.5,26.57,96.5,4.5
1113,Kab/Kota Dummy 11-13,Aceh,Sumatera,2021,68.33,12.17,278357,1928.7,144.3,33.87,96.8,4.5
1113,Kab/Kota Dummy 11-13,Aceh,Sumatera,2022,68.68,11.74,281141,1928.7,145.8,33.01,96.8,4.5
1113,Kab/Kota Dummy 11-13,Aceh,Sumatera,2023,69.99,11.88,283925,1928.7,147.2,33.72,96.8,4.5
1113,Kab/Kota Dummy 11-13,Aceh,Sumatera,2024,70.76,11.53,286708,1928.7,148.7,33.04,96.8,4.5
1113,Kab/Kota Dummy 11-13,Aceh,Sumatera,2025,71.13,12.57,289492,1928.7,150.1,36.39,96.8,4.5
1114,Kab/Kota Dummy 11-14,Aceh,Sumatera,2021,66.4,15.26,434091,1379.9,314.6,66.25,97.1,4.5
1114,Kab/Kota Dummy 11-14,Aceh,Sumatera,2022,67.98,12.9,438432,1379.9,317.7,56.57,97.1,4.5
1114,Kab/Kota Dummy 11-14,Aceh,Sumatera,2023,68.3,13.47,442773,1379.9,320.9,59.65,97.1,4.5
1114,Kab/Kota Dummy 11-14,Aceh,Sumatera,2024,69.25,11.19,447114,1379.9,324.0,50.05,97.1,4.5
1114,Kab/Kota Dummy 11-14,Aceh,Sumatera,2025,69.9,12.51,451455,1379.9,327.2,56.47,97.1,4.5
1115,Kab/Kota Dummy 11-15,Aceh,Sumatera,2021,73.1,7.71,290167,1304.3,222.5,22.38,97.4,4.5
1115,Kab/Kota Dummy 11-15,Aceh,Sumatera,2022,74.68,7.73,293069,1304.3,224.7,22.67,97.4,4.5
1115,Kab/Kota Dummy 11-15,Aceh,Sumatera,2023,74.49,8.37,295971,1304.3,226.9,24.78,97.4,4.5
1115,Kab/Kota Dummy 11-15,Aceh,Sumatera,2024,76.32,7.77,298872,1304.3,229.1,23.22,97.4,4.5
1115,Kab/Kota Dummy 11-15,Aceh,Sumatera,2025,76.39,7.69,301774,1304.3,231.4,23.22,97.4,4.5
1116,Kab/Kota Dummy 11-16,Aceh,Sumatera,2021,71.25,10.33,500471,1177.5,425.0,51.69,96.2,4.2
1116,Kab/Kota Dummy 11-16,Aceh,Sumatera,2022,71.81,10.26,505475,1177.5,429.3,51.87,96.2,4.2
1116,Kab/Kota Dummy 11-16,Aceh,Sumatera,2023,72.43,9.95,510480,1177.5,433.5,50.79,96.2,4.2
1116,Kab/Kota Dummy 11-16,Aceh,Sumatera,2024,72.57,9.6,515485,1177.5,437.8,49.49,96.2,4.2
1116,Kab/Kota Dummy 11-16,Aceh,Sumatera,2025,73.73,10.31,520489,1177.5,442.0,53.65,96.2,4.2
1117,Kab/Kota Dummy 11-17,Aceh,Sumatera,2021,69.81,11.6,196061,4959.0,39.5,22.73,96.5,4.2
1117,Kab/Kota Dummy 11-17,Aceh,Sumatera,2022,71.22,10.23,198022,4959.0,39.9,20.25,96.5,4.2
1117,Kab/Kota Dummy 11-17,Aceh,Sumatera,2023,71.02,10.06,199983,4959.0,40.3,20.12,96.5,4.2
1117,Kab/Kota Dummy 11-17,Aceh,Sumatera,2024,72.85,9.08,201943,4959.0,40.7,18.34,96.5,4.2
1117,Kab/Kota Dummy 11-17,Aceh,Sumatera,2025,72.71,8.85,203904,4959.0,41.1,18.05,96.5,4.2
1118,Kab/Kota Dummy 11-18,Aceh,Sumatera,2021,72.01,10.46,143897,934.1,154.0,15.04,96.8,4.2
1118,Kab/Kota Dummy 11-18,Aceh,Sumatera,2022,72.76,9.15,145336,934.1,155.6,13.3,96.8,4.2
1118,Kab/Kota Dummy 11-18,Aceh,Sumatera,2023,72.95,9.46,146775,934.1,157.1,13.89,96.8,4.2
1118,Kab/Kota Dummy 11-18,Aceh,Sumatera,2024,74.86,8.16,148214,934.1,158.7,12.1,96.8,4.2
1118,Kab/Kota Dummy 11-18,Aceh,Sumatera,2025,75.56,9.8,149653,934.1,160.2,14.67,96.8,4.2
1119,Kab/Kota Dummy 11-19,Aceh,Sumatera,2021,68.19,13.48,300921,4108.1,73.3,40.55,97.1,4.2
1119,Kab/Kota Dummy 11-19,Aceh,Sumatera,2022,68.28,12.58,303930,4108.1,74.0,38.22,97.1,4.2
1119,Kab/Kota Dummy 11-19,Aceh,Sumatera,2023,70.53,11.9,306939,4108.1,74.7,36.53,97.1,4.2
1119,Kab/Kota Dummy 11-19,Aceh,Sumatera,2024,70.83,11.6,309949,4108.1,75.4,35.95,97.1,4.2
1119,Kab/Kota Dummy 11-19,Aceh,Sumatera,2025,71.81,12.02,312958,4108.1,76.2,37.63,97.1,4.2
1120,Kab/Kota Dummy 11-20,Aceh,Sumatera,2021,68.86,12.15,79555,580.6,137.0,9.66,97.4,4.2
1120,Kab/Kota Dummy 11-20,Aceh,Sumatera,2022,69.88,12.21,80351,580.6,138.4,9.81,97.4,4.2
1120,Kab/Kota Dummy 11-20,Aceh,Sumatera,2023,69.22,10.91,81146,580.6,139.8,8.85,97.4,4.2
1120,Kab/Kota Dummy 11-20,Aceh,Sumatera,2024,71.79,11.88,81942,580.6,141.1,9.74,97.4,4.2
1120,Kab/Kota Dummy 11-20,Aceh,Sumatera,2025,71.43,11.3,82737,580.6,142.5,9.35,97.4,4.2
1121,Kab/Kota Dummy 11-21,Aceh,Sumatera,2021,77.55,6.29,225134,78.5,2868.0,14.16,96.2,3.9
1121,Kab/Kota Dummy 11-21,Aceh,Sumatera,2022,78.07,4.73,227386,78.5,2896.7,10.76,96.2,3.9
1121,Kab/Kota Dummy 11-21,Aceh,Sumatera,2023,78.29,4.37,229637,78.5,2925.4,10.04,96.2,3.9
1121,Kab/Kota Dummy 11-21,Aceh,Sumatera,2024,79.18,4.91,231888,78.5,2954.1,11.38,96.2,3.9
1121,Kab/Kota Dummy 11-21,Aceh,Sumatera,2025,80.16,4.3,234140,78.5,2982.7,10.07,96.2,3.9
1122,Kab/Kota Dummy 11-22,Aceh,Sumatera,2021,68.78,12.14,248342,415.8,597.3,30.14,96.5,3.9
1122,Kab/Kota Dummy 11-22,Aceh,Sumatera,2022,70.0,11.11,250825,415.8,603.3,27.88,96.5,3.9
1122,Kab/Kota Dummy 11-22,Aceh,Sumatera,2023,71.43,12.0,253309,415.8,609.2,30.4,96.5,3.9
1122,Kab/Kota Dummy 11-22,Aceh,Sumatera,2024,71.51,11.2,255792,415.8,615.2,28.65,96.5,3.9
1122,Kab/Kota Dummy 11-22,Aceh,Sumatera,2025,71.86,10.11,258275,415.8,621.2,26.12,96.5,3.9
1123,Kab/Kota Dummy 11-23,Aceh,Sumatera,2021,68.66,12.07,851715,541.1,1574.1,102.76,96.8,3.9
1123,Kab/Kota Dummy 11-23,Aceh,Sumatera,2022,69.4,11.41,860232,541.1,1589.9,98.16,96.8,3.9
1123,Kab/Kota Dummy 11-23,Aceh,Sumatera,2023,70.44,11.45,868749,541.1,1605.6,99.45,96.8,3.9
1123,Kab/Kota Dummy 11-23,Aceh,Sumatera,2024,71.67,11.22,877266,541.1,1621.4,98.45,96.8,3.9
1123,Kab/Kota Dummy 11-23,Aceh,Sumatera,2025,72.33,12.72,885783,541.1,1637.1,112.7,96.8,3.9
1201,Kab/Kota Dummy 12-01,Sumatera Utara,Sumatera,2021,68.76,11.97,212598,373.3,569.6,25.45,98.25,3.25
1201,Kab/Kota Dummy 12-01,Sumatera Utara,Sumatera,2022,69.92,11.81,214724,373.3,575.3,25.36,98.25,3.25
1201,Kab/Kota Dummy 12-01,Sumatera Utara,Sumatera,2023,71.36,11.29,216850,373.3,581.0,24.48,98.25,3.25
1201,Kab/Kota Dummy 12-01,Sumatera Utara,Sumatera,2024,71.5,9.42,218976,373.3,586.7,20.63,98.25,3.25
1201,Kab/Kota Dummy 12-01,Sumatera Utara,Sumatera,2025,72.94,10.69,221102,373.3,592.3,23.63,98.25,3.25
1202,Kab/Kota Dummy 12-02,Sumatera Utara,Sumatera,2021,71.56,10.53,280505,8173.2,34.3,29.54,98.55,3.25
1202,Kab/Kota Dummy 12-02,Sumatera Utara,Sumatera,2022,71.19,9.91,283310,8173.2,34.7,28.06,98.55,3.25
1202,Kab/Kota Dummy 12-02,Sumatera Utara,Sumatera,2023,73.02,10.12,286115,8173.2,35.0,28.95,98.55,3.25
1202,Kab/Kota Dummy 12-02,Sumatera Utara,Sumatera,2024,73.09,10.15,288920,8173.2,35.3,29.33,98.55,3.25
1202,Kab/Kota Dummy 12-02,Sumatera Utara,Sumatera,2025,73.26,8.7,291725,8173.2,35.7,25.37,98.55,3.25
1203,Kab/Kota Dummy 12-03,Sumatera Utara,Sumatera,2021,74.83,8.04,198162,1120.2,176.9,15.94,98.85,3.25
1203,Kab/Kota Dummy 12-03,Sumatera Utara,Sumatera,2022,75.4,8.53,200144,1120.2,178.7,17.07,98.85,3.25
1203,Kab/Kota Dummy 12-03,Sumatera Utara,Sumatera,2023,75.41,7.49,202125,1120.2,180.4,15.14,98.85,3.25
1203,Kab/Kota Dummy 12-03,Sumatera Utara,Sumatera,2024,75.6,8.07,204107,1120.2,182.2,16.46,98.85,3.25
1203,Kab/Kota Dummy 12-03,Sumatera Utara,Sumatera,2025,76.58,7.35,206089,1120.2,184.0,15.15,98.85,3.25
1204,Kab/Kota Dummy 12-04,Sumatera Utara,Sumatera,2021,72.74,7.98,173960,2011.0,86.5,13.88,99.15,3.25
1204,Kab/Kota Dummy 12-04,Sumatera Utara,Sumatera,2022,73.69,8.2,175699,2011.0,87.4,14.4,99.15,3.25
1204,Kab/Kota Dummy 12-04,Sumatera Utara,Sumatera,2023,75.91,8.87,177439,2011.0,88.2,15.73,99.15,3.25
1204,Kab/Kota Dummy 12-04,Sumatera Utara,Sumatera,2024,75.67,7.88,179179,2011.0,89.1,14.11,99.15,3.25
1204,Kab/Kota Dummy 12-04,Sumatera Utara,Sumatera,2025,76.31,8.09,180918,2011.0,90.0,14.64,99.15,3.25
1205,Kab/Kota Dummy 12-05,Sumatera Utara,Sumatera,2021,67.75,11.98,194525,424.7,458.0,23.31,99.45,3.25
1205,Kab/Kota Dummy 12-05,Sumatera Utara,Sumatera,2022,68.86,12.81,196470,424.7,462.6,25.16,99.45,3.25
1205,Kab/Kota Dummy 12-05,Sumatera Utara,Sumatera,2023,68.84,13.77,198416,424.7,467.2,27.33,99.45,3.25
1205,Kab/Kota Dummy 12-05,Sumatera Utara,Sumatera,2024,69.29,12.13,200361,424.7,471.7,24.3,99.45,3.25
1205,Kab/Kota Dummy 12-05,Sumatera Utara,Sumatera,2025,70.2,10.41,202306,424.7,476.3,21.06,99.45,3.25
1206,Kab/Kota Dummy 12-06,Sumatera Utara,Sumatera,2021,70.34,10.78,164030,1511.1,108.6,17.68,99.75,3.25
1206,Kab/Kota Dummy 12-06,Sumatera Utara,Sumatera,2022,72.01,10.04,165670,1511.1,109.6,16.64,99.75,3.25
1206,Kab/Kota Dummy 12-06,Sumatera Utara,Sumatera,2023,71.79,10.81,167310,1511.1,110.7,18.09,99.75,3.25
1206,Kab/Kota Dummy 12-06,Sumatera Utara,Sumatera,2024,72.19,9.59,168951,1511.1,111.8,16.2,99.75,3.25
1206,Kab/Kota Dummy 12-06,Sumatera Utara,Sumatera,2025,73.26,10.39,170591,1511.1,112.9,17.72,99.75,3.25
1207,Kab/Kota Dummy 12-07,Sumatera Utara,Sumatera,2021,73.36,8.15,375180,1005.0,373.3,30.59,98.25,2.95
1207,Kab/Kota Dummy 12-07,Sumatera Utara,Sumatera,2022,74.13,7.0,378932,1005.0,377.1,26.53,98.25,2.95
1207,Kab/Kota Dummy 12-07,Sumatera Utara,Sumatera,2023,75.68,7.09,382683,1005.0,380.8,27.12,98.25,2.95
1207,Kab/Kota Dummy 12-07,Sumatera Utara,Sumatera,2024,76.3,8.3,386435,1005.0,384.5,32.07,98.25,2.95
1207,Kab/Kota Dummy 12-07,Sumatera Utara,Sumatera,2025,77.7,6.87,390187,1005.0,388.3,26.81,98.25,2.95
1208,Kab/Kota Dummy 12-08,Sumatera Utara,Sumatera,2021,72.75,7.75,454002,7952.9,57.1,35.16,98.55,2.95
1208,Kab/Kota Dummy 12-08,Sumatera Utara,Sumatera,2022,73.8,8.35,458542,7952.9,57.7,38.28,98.55,2.95
1208,Kab/Kota Dummy 12-08,Sumatera Utara,Sumatera,2023,75.17,7.87,463082,7952.9,58.2,36.44,98.55,2.95
1208,Kab/Kota Dummy 12-08,Sumatera Utara,Sumatera,2024,75.11,7.58,467622,7952.9,58.8,35.44,98.55,2.95
1208,Kab/Kota Dummy 12-08,Sumatera Utara,Sumatera,2025,75.86,8.03,472162,7952.9,59.4,37.93,98.55,2.95
1209,Kab/Kota Dummy 12-09,Sumatera Utara,Sumatera,2021,72.84,9.78,426036,215.4,1978.3,41.66,98.85,2.95
1209,Kab/Kota Dummy 12-09,Sumatera Utara,Sumatera,2022,73.13,9.0,430296,215.4,1998.0,38.74,98.85,2.95
1209,Kab/Kota Dummy 12-09,Sumatera Utara,Sumatera,2023,73.6,8.55,434557,215.4,2017.8,37.17,98.85,2.95
1209,Kab/Kota Dummy 12-09,Sumatera Utara,Sumatera,2024,75.51,8.43,438817,215.4,2037.6,36.99,98.85,2.95
1209,Kab/Kota Dummy 12-09,Sumatera Utara,Sumatera,2025,76.47,6.89,443077,215.4,2057.4,30.51,98.85,2.95
1210,Kab/Kota Dummy 12-10,Sumatera Utara,Sumatera,2021,70.53,11.02,150699,837.7,179.9,16.61,99.15,2.95
1210,Kab/Kota Dummy 12-10,Sumatera Utara,Sumatera,2022,70.24,10.27,152206,837.7,181.7,15.63,99.15,2.95
1210,Kab/Kota Dummy 12-10,Sumatera Utara,Sumatera,2023,71.23,10.15,153713,837.7,183.5,15.6,99.15,2.95
1210,Kab/Kota Dummy 12-10,Sumatera Utara,Sumatera,2024,71.64,9.92,155220,837.7,185.3,15.4,99.15,2.95
1210,Kab/Kota Dummy 12-10,Sumatera Utara,Sumatera,2025,73.04,10.24,156727,837.7,187.1,16.06,99.15,2.95
1211,Kab/Kota Dummy 12-11,Sumatera Utara,Sumatera,2021,75.53,7.83,112205,6380.1,17.6,8.79,99.45,2.95
1211,Kab/Kota Dummy 12-11,Sumatera Utara,Sumatera,2022,76.02,7.11,113327,6380.1,17.8,8.06,99.45,2.95
1211,Kab/Kota Dummy 12-11,Sumatera Utara,Sumatera,2023,77.17,7.27,114449,6380.1,17.9,8.32,99.45,2.95
1211,Kab/Kota Dummy 12-11,Sumatera Utara,Sumatera,2024,76.99,6.15,115571,6380.1,18.1,7.11,99.45,2.95
1211,Kab/Kota Dummy 12-11,Sumatera Utara,Sumatera,2025,78.77,6.1,116693,6380.1,18.3,7.12,99.45,2.95
1212,Kab/Kota Dummy 12-12,Sumatera Utara,Sumatera,2021,69.33,11.76,396973,1546.7,256.7,46.69,99.75,2.95
1212,Kab/Kota Dummy 12-12,Sumatera Utara,Sumatera,2022,70.16,12.93,400943,1546.7,259.2,51.84,99.75,2.95
1212,Kab/Kota Dummy 12-12,Sumatera Utara,Sumatera,2023,70.35,11.01,404912,1546.7,261.8,44.59,99.75,2.95
1212,Kab/Kota Dummy 12-12,Sumatera Utara,Sumatera,2024,71.6,11.39,408882,1546.7,264.4,46.57,99.75,2.95
1212,Kab/Kota Dummy 12-12,Sumatera Utara,Sumatera,2025,72.97,11.53,412852,1546.7,266.9,47.61,99.75,2.95
1213,Kab/Kota Dummy 12-13,Sumatera Utara,Sumatera,2021,72.77,7.97,803055,5234.3,153.4,64.03,98.25,2.65
1213,Kab/Kota Dummy 12-13,Sumatera Utara,Sumatera,2022,73.4,7.35,811085,5234.3,155.0,59.62,98.25,2.65
1213,Kab/Kota Dummy 12-13,Sumatera Utara,Sumatera,2023,74.46,8.28,819116,5234.3,156.5,67.8,98.25,2.65
1213,Kab/Kota Dummy 12-13,Sumatera Utara,Sumatera,2024,75.47,8.18,827146,5234.3,158.0,67.68,98.25,2.65
1213,Kab/Kota Dummy 12-13,Sumatera Utara,Sumatera,2025,77.0,8.07,835177,5234.3,159.6,67.42,98.25,2.65
1214,Kab/Kota Dummy 12-14,Sumatera Utara,Sumatera,2021,73.3,8.5,135522,194.5,696.8,11.52,98.55,2.65
1214,Kab/Kota Dummy 12-14,Sumatera Utara,Sumatera,2022,74.2,7.67,136877,194.5,703.8,10.49,98.55,2.65
1214,Kab/Kota Dummy 12-14,Sumatera Utara,Sumatera,2023,74.73,8.7,138233,194.5,710.8,12.02,98.55,2.65
1214,Kab/Kota Dummy 12-14,Sumatera Utara,Sumatera,2024,75.43,8.16,139588,194.5,717.8,11.39,98.55,2.65
1214,Kab/Kota Dummy 12-14,Sumatera Utara,Sumatera,2025,75.64,7.78,140943,194.5,724.7,10.96,98.55,2.65
1215,Kab/Kota Dummy 12-15,Sumatera Utara,Sumatera,2021,73.33,8.1,397640,815.3,487.7,32.22,98.85,2.65
1215,Kab/Kota Dummy 12-15,Sumatera Utara,Sumatera,2022,73.34,7.81,401616,815.3,492.6,31.37,98.85,2.65
1215,Kab/Kota Dummy 12-15,Sumatera Utara,Sumatera,2023,74.43,8.46,405593,815.3,497.5,34.33,98.85,2.65
1215,Kab/Kota Dummy 12-15,Sumatera Utara,Sumatera,2024,75.1,8.47,409569,815.3,502.4,34.7,98.85,2.65
1215,Kab/Kota Dummy 12-15,Sumatera Utara,Sumatera,2025,75.77,6.94,413546,815.3,507.2,28.7,98.85,2.65
1216,Kab/Kota Dummy 12-16,Sumatera Utara,Sumatera,2021,72.55,9.37,331405,4354.6,76.1,31.06,99.15,2.65
1216,Kab/Kota Dummy 12-16,Sumatera Utara,Sumatera,2022,74.21,8.53,334719,4354.6,76.9,28.55,99.15,2.65
1216,Kab/Kota Dummy 12-16,Sumatera Utara,Sumatera,2023,75.54,7.83,338033,4354.6,77.6,26.46,99.15,2.65
1216,Kab/Kota Dummy 12-16,Sumatera Utara,Sumatera,2024,74.94,7.5,341347,4354.6,78.4,25.6,99.15,2.65
1216,Kab/Kota Dummy 12-16,Sumatera Utara,Sumatera,2025,76.15,6.34,344661,4354.6,79.1,21.85,99.15,2.65
1217,Kab/Kota Dummy 12-17,Sumatera Utara,Sumatera,2021,74.6,8.28,122332,99.5,1229.9,10.13,99.45,2.65
1217,Kab/Kota Dummy 12-17,Sumatera Utara,Sumatera,2022,75.41,7.6,123556,99.5,1242.2,9.4,99.45,2.65
1217,Kab/Kota Dummy 12-17,Sumatera Utara,Sumatera,2023,77.2,6.31,124779,99.5,1254.5,7.87,99.45,2.65
1217,Kab/Kota Dummy 12-17,Sumatera Utara,Sumatera,2024,77.77,7.1,126002,99.5,1266.8,8.94,99.45,2.65
1217,Kab/Kota Dummy 12-17,Sumatera Utara,Sumatera,2025,78.13,7.93,127226,99.5,1279.1,10.09,99.45,2.65
1218,Kab/Kota Dummy 12-18,Sumatera Utara,Sumatera,2021,75.93,5.81,1122680,211.4,5310.2,65.28,99.75,2.65
1218,Kab/Kota Dummy 12-18,Sumatera Utara,Sumatera,2022,77.4,6.4,1133907,211.4,5363.3,72.59,99.75,2.65
1218,Kab/Kota Dummy 12-18,Sumatera Utara,Sumatera,2023,78.22,6.17,1145134,211.4,5416.4,70.63,99.75,2.65
1218,Kab/Kota Dummy 12-18,Sumatera Utara,Sumatera,2024,79.05,5.41,1156361,211.4,5469.5,62.51,99.75,2.65
1218,Kab/Kota Dummy 12-18,Sumatera Utara,Sumatera,2025,79.1,5.69,1167588,211.4,5522.6,66.44,99.75,2.65
1219,Kab/Kota Dummy 12-19,Sumatera Utara,Sumatera,2021,72.8,9.83,232004,467.8,496.0,22.81,98.25,2.35
1219,Kab/Kota Dummy 12-19,Sumatera Utara,Sumatera,2022,73.37,9.97,234324,467.8,500.9,23.35,98.25,2.35
1219,Kab/Kota Dummy 12-19,Sumatera Utara,Sumatera,2023,73.47,8.74,236645,467.8,505.9,20.69,98.25,2.35
1219,Kab/Kota Dummy 12-19,Sumatera Utara,Sumatera,2024,75.3,9.38,238965,467.8,510.8,22.41,98.25,2.35
1219,Kab/Kota Dummy 12-19,Sumatera Utara,Sumatera,2025,75.67,8.72,241285,467.8,515.8,21.03,98.25,2.35
1220,Kab/Kota Dummy 12-20,Sumatera Utara,Sumatera,2021,72.98,10.52,187745,829.1,226.4,19.75,98.55,2.35
1220,Kab/Kota Dummy 12-20,Sumatera Utara,Sumatera,2022,72.9,8.33,189623,829.1,228.7,15.8,98.55,2.35
1220,Kab/Kota Dummy 12-20,Sumatera Utara,Sumatera,2023,74.57,7.69,191500,829.1,231.0,14.73,98.55,2.35
1220,Kab/Kota Dummy 12-20,Sumatera Utara,Sumatera,2024,74.66,7.54,193378,829.1,233.2,14.59,98.55,2.35
1220,Kab/Kota Dummy 12-20,Sumatera Utara,Sumatera,2025,76.19,7.77,195255,829.1,235.5,15.16,98.55,2.35
1221,Kab/Kota Dummy 12-21,Sumatera Utara,Sumatera,2021,70.32,10.98,193414,2270.3,85.2,21.23,98.85,2.35
1221,Kab/Kota Dummy 12-21,Sumatera Utara,Sumatera,2022,70.04,10.69,195348,2270.3,86.0,20.88,98.85,2.35
1221,Kab/Kota Dummy 12-21,Sumatera Utara,Sumatera,2023,70.73,10.22,197282,2270.3,86.9,20.15,98.85,2.35
1221,Kab/Kota Dummy 12-21,Sumatera Utara,Sumatera,2024,72.54,10.04,199217,2270.3,87.8,20.01,98.85,2.35
1221,Kab/Kota Dummy 12-21,Sumatera Utara,Sumatera,2025,73.04,10.15,201151,2270.3,88.6,20.42,98.85,2.35
1222,Kab/Kota Dummy 12-22,Sumatera Utara,Sumatera,2021,69.7,12.98,232167,2026.3,114.6,30.13,99.15,2.35
1222,Kab/Kota Dummy 12-22,Sumatera Utara,Sumatera,2022,70.26,11.57,234488,2026.3,115.7,27.12,99.15,2.35
1222,Kab/Kota Dummy 12-22,Sumatera Utara,Sumatera,2023,70.65,9.88,236810,2026.3,116.9,23.4,99.15,2.35
1222,Kab/Kota Dummy 12-22,Sumatera Utara,Sumatera,2024,72.96,9.76,239132,2026.3,118.0,23.33,99.15,2.35
1222,Kab/Kota Dummy 12-22,Sumatera Utara,Sumatera,2025,73.85,9.99,241454,2026.3,119.2,24.11,99.15,2.35
1223,Kab/Kota Dummy 12-23,Sumatera Utara,Sumatera,2021,78.46,5.85,333855,196.8,1696.4,19.54,99.45,2.35
1223,Kab/Kota Dummy 12-23,Sumatera Utara,Sumatera,2022,80.29,3.46,337194,196.8,1713.4,11.68,99.45,2.35
1223,Kab/Kota Dummy 12-23,Sumatera Utara,Sumatera,2023,79.89,3.5,340532,196.8,1730.4,11.92,99.45,2.35
1223,Kab/Kota Dummy 12-23,Sumatera Utara,Sumatera,2024,81.43,3.59,343871,196.8,1747.3,12.35,99.45,2.35
1223,Kab/Kota Dummy 12-23,Sumatera Utara,Sumatera,2025,82.1,3.99,347209,196.8,1764.3,13.86,99.45,2.35
1224,Kab/Kota Dummy 12-24,Sumatera Utara,Sumatera,2021,72.05,9.27,476893,7157.0,66.6,44.22,99.75,2.35
1224,Kab/Kota Dummy 12-24,Sumatera Utara,Sumatera,2022,72.56,10.52,481662,7157.0,67.3,50.69,99.75,2.35
1224,Kab/Kota Dummy 12-24,Sumatera Utara,Sumatera,2023,73.08,9.06,486431,7157.0,68.0,44.09,99.75,2.35
1224,Kab/Kota Dummy 12-24,Sumatera Utara,Sumatera,2024,73.51,9.53,491200,7157.0,68.6,46.8,99.75,2.35
1224,Kab/Kota Dummy 12-24,Sumatera Utara,Sumatera,2025,74.4,9.78,495969,7157.0,69.3,48.53,99.75,2.35
1225,Kab/Kota Dummy 12-25,Sumatera Utara,Sumatera,2021,67.79,13.09,129735,316.0,410.6,16.98,98.25,2.05
1225,Kab/Kota Dummy 12-25,Sumatera Utara,Sumatera,2022,69.5,11.72,131032,316.0,414.7,15.35,98.25,2.05
1225,Kab/Kota Dummy 12-25,Sumatera Utara,Sumatera,2023,69.46,13.21,132329,316.0,418.8,17.48,98.25,2.05
1225,Kab/Kota Dummy 12-25,Sumatera Utara,Sumatera,2024,70.91,12.65,133627,316.0,422.9,16.9,98.25,2.05
1225,Kab/Kota Dummy 12-25,Sumatera Utara,Sumatera,2025,70.84,11.38,134924,316.0,427.0,15.36,98.25,2.05
1226,Kab/Kota Dummy 12-26,Sumatera Utara,Sumatera,2021,71.47,8.94,319305,889.5,359.0,28.53,98.55,2.05
1226,Kab/Kota Dummy 12-26,Sumatera Utara,Sumatera,2022,73.27,9.58,322498,889.5,362.6,30.89,98.55,2.05
1226,Kab/Kota Dummy 12-26,Sumatera Utara,Sumatera,2023,74.04,9.54,325691,889.5,366.1,31.06,98.55,2.05
1226,Kab/Kota Dummy 12-26,Sumatera Utara,Sumatera,2024,75.33,8.35,328884,889.5,369.7,27.46,98.55,2.05
1226,Kab/Kota Dummy 12-26,Sumatera Utara,Sumatera,2025,75.61,7.72,332077,889.5,373.3,25.65,98.55,2.05
1227,Kab/Kota Dummy 12-27,Sumatera Utara,Sumatera,2021,72.29,10.31,150718,925.3,162.9,15.53,98.85,2.05
1227,Kab/Kota Dummy 12-27,Sumatera Utara,Sumatera,2022,71.08,9.85,152225,925.3,164.5,14.99,98.85,2.05
1227,Kab/Kota Dummy 12-27,Sumatera Utara,Sumatera,2023,72.28,9.84,153732,925.3,166.1,15.12,98.85,2.05
1227,Kab/Kota Dummy 12-27,Sumatera Utara,Sumatera,2024,74.25,10.37,155239,925.3,167.8,16.1,98.85,2.05
1227,Kab/Kota Dummy 12-27,Sumatera Utara,Sumatera,2025,75.45,8.83,156746,925.3,169.4,13.84,98.85,2.05
1228,Kab/Kota Dummy 12-28,Sumatera Utara,Sumatera,2021,75.45,7.26,375566,111.2,3376.4,27.26,99.15,2.05
1228,Kab/Kota Dummy 12-28,Sumatera Utara,Sumatera,2022,76.09,4.57,379321,111.2,3410.1,17.33,99.15,2.05
1228,Kab/Kota Dummy 12-28,Sumatera Utara,Sumatera,2023,78.3,5.48,383077,111.2,3443.9,20.99,99.15,2.05
1228,Kab/Kota Dummy 12-28,Sumatera Utara,Sumatera,2024,78.2,6.86,386832,111.2,3477.7,26.53,99.15,2.05
1228,Kab/Kota Dummy 12-28,Sumatera Utara,Sumatera,2025,78.87,6.33,390588,111.2,3511.4,24.73,99.15,2.05
1229,Kab/Kota Dummy 12-29,Sumatera Utara,Sumatera,2021,74.48,8.79,494357,1933.5,255.7,43.47,99.45,2.05
1229,Kab/Kota Dummy 12-29,Sumatera Utara,Sumatera,2022,74.19,7.96,499300,1933.5,258.2,39.75,99.45,2.05
1229,Kab/Kota Dummy 12-29,Sumatera Utara,Sumatera,2023,76.32,8.23,504244,1933.5,260.8,41.49,99.45,2.05
1229,Kab/Kota Dummy 12-29,Sumatera Utara,Sumatera,2024,76.94,6.52,509187,1933.5,263.4,33.18,99.45,2.05
1229,Kab/Kota Dummy 12-29,Sumatera Utara,Sumatera,2025,77.46,7.24,514131,1933.5,265.9,37.21,99.45,2.05
1230,Kab/Kota Dummy 12-30,Sumatera Utara,Sumatera,2021,69.78,12.76,353675,4133.7,85.6,45.12,99.75,2.05
1230,Kab/Kota Dummy 12-30,Sumatera Utara,Sumatera,2022,70.25,10.81,357212,4133.7,86.4,38.6,99.75,2.05
1230,Kab/Kota Dummy 12-30,Sumatera Utara,Sumatera,2023,70.98,10.99,360749,4133.7,87.3,39.63,99.75,2.05
1230,Kab/Kota Dummy 12-30,Sumatera Utara,Sumatera,2024,71.05,11.64,364285,4133.7,88.1,42.4,99.75,2.05
1230,Kab/Kota Dummy 12-30,Sumatera Utara,Sumatera,2025,72.77,10.93,367822,4133.7,89.0,40.19,99.75,2.05
1231,Kab/Kota Dummy 12-31,Sumatera Utara,Sumatera,2021,70.68,10.35,165619,4553.1,36.4,17.14,98.25,1.75
1231,Kab/Kota Dummy 12-31,Sumatera Utara,Sumatera,2022,72.02,8.64,167275,4553.1,36.7,14.45,98.25,1.75
1231,Kab/Kota Dummy 12-31,Sumatera Utara,Sumatera,2023,72.1,9.96,168931,4553.1,37.1,16.83,98.25,1.75
1231,Kab/Kota Dummy 12-31,Sumatera Utara,Sumatera,2024,72.09,10.89,170588,4553.1,37.5,18.57,98.25,1.75
1231,Kab/Kota Dummy 12-31,Sumatera Utara,Sumatera,2025,74.39,10.17,172244,4553.1,37.8,17.52,98.25,1.75
1232,Kab/Kota Dummy 12-32,Sumatera Utara,Sumatera,2021,73.03,8.33,235878,652.9,361.3,19.64,98.55,1.75
1232,Kab/Kota Dummy 12-32,Sumatera Utara,Sumatera,2022,72.9,9.76,238237,652.9,364.9,23.25,98.55,1.75
1232,Kab/Kota Dummy 12-32,Sumatera Utara,Sumatera,2023,74.68,7.97,240596,652.9,368.5,19.17,98.55,1.75
1232,Kab/Kota Dummy 12-32,Sumatera Utara,Sumatera,2024,74.28,10.04,242955,652.9,372.1,24.4,98.55,1.75
1232,Kab/Kota Dummy 12-32,Sumatera Utara,Sumatera,2025,75.32,7.0,245314,652.9,375.7,17.18,98.55,1.75
1233,Kab/Kota Dummy 12-33,Sumatera Utara,Sumatera,2021,75.48,7.83,159002,12755.4,12.5,12.44,98.85,1.75
1233,Kab/Kota Dummy 12-33,Sumatera Utara,Sumatera,2022,75.23,7.65,160592,12755.4,12.6,12.28,98.85,1.75
1233,Kab/Kota Dummy 12-33,Sumatera Utara,Sumatera,2023,77.04,5.9,162182,12755.4,12.7,9.56,98.85,1.75
1233,Kab/Kota Dummy 12-33,Sumatera Utara,Sumatera,2024,77.58,7.47,163772,12755.4,12.8,12.24,98.85,1.75
1233,Kab/Kota Dummy 12-33,Sumatera Utara,Sumatera,2025,78.21,6.3,165362,12755.4,13.0,10.42,98.85,1.75
1301,Kab/Kota Dummy 13-01,Sumatera Barat,Sumatera,2021,68.18,10.32,310551,1680.5,184.8,32.06,99.9,-0.45
1301,Kab/Kota Dummy 13-01,Sumatera Barat,Sumatera,2022,69.31,11.12,313657,1680.5,186.7,34.87,99.9,-0.45
1301,Kab/Kota Dummy 13-01,Sumatera Barat,Sumatera,2023,70.27,9.31,316762,1680.5,188.5,29.48,99.9,-0.45
1301,Kab/Kota Dummy 13-01,Sumatera Barat,Sumatera,2024,71.94,10.84,319868,1680.5,190.3,34.66,99.9,-0.45
1301,Kab/Kota Dummy 13-01,Sumatera Barat,Sumatera,2025,73.64,10.45,322973,1680.5,192.2,33.77,99.9,-0.45
1302,Kab/Kota Dummy 13-02,Sumatera Barat,Sumatera,2021,78.02,7.08,334694,4456.7,75.1,23.7,100.2,-0.45
1302,Kab/Kota Dummy 13-02,Sumatera Barat,Sumatera,2022,77.18,5.49,338041,4456.7,75.9,18.55,100.2,-0.45
1302,Kab/Kota Dummy 13-02,Sumatera Barat,Sumatera,2023,79.3,5.39,341388,4456.7,76.6,18.39,100.2,-0.45
1302,Kab/Kota Dummy 13-02,Sumatera Barat,Sumatera,2024,79.46,6.19,344735,4456.7,77.4,21.33,100.2,-0.45
1302,Kab/Kota Dummy 13-02,Sumatera Barat,Sumatera,2025,81.02,5.02,348082,4456.7,78.1,17.46,100.2,-0.45
1303,Kab/Kota Dummy 13-03,Sumatera Barat,Sumatera,2021,76.03,7.03,528130,1352.5,390.5,37.14,100.5,-0.45
1303,Kab/Kota Dummy 13-03,Sumatera Barat,Sumatera,2022,75.0,6.93,533411,1352.5,394.4,36.94,100.5,-0.45
1303,Kab/Kota Dummy 13-03,Sumatera Barat,Sumatera,2023,76.43,6.86,538692,1352.5,398.3,36.97,100.5,-0.45
1303,Kab/Kota Dummy 13-03,Sumatera Barat,Sumatera,2024,76.98,6.96,543973,1352.5,402.2,37.87,100.5,-0.45
1303,Kab/Kota Dummy 13-03,Sumatera Barat,Sumatera,2025,78.84,6.81,549255,1352.5,406.1,37.41,100.5,-0.45
1304,Kab/Kota Dummy 13-04,Sumatera Barat,Sumatera,2021,72.75,8.03,707019,659.6,1071.8,56.76,100.8,-0.45
1304,Kab/Kota Dummy 13-04,Sumatera Barat,Sumatera,2022,74.38,8.51,714089,659.6,1082.5,60.79,100.8,-0.45
1304,Kab/Kota Dummy 13-04,Sumatera Barat,Sumatera,2023,74.36,7.1,721159,659.6,1093.2,51.23,100.8,-0.45
1304,Kab/Kota Dummy 13-04,Sumatera Barat,Sumatera,2024,74.69,7.18,728230,659.6,1104.0,52.31,100.8,-0.45
1304,Kab/Kota Dummy 13-04,Sumatera Barat,Sumatera,2025,76.7,6.76,735300,659.6,1114.7,49.68,100.8,-0.45
1305,Kab/Kota Dummy 13-05,Sumatera Barat,Sumatera,2021,74.4,8.98,435727,2484.0,175.4,39.14,101.1,-0.45
1305,Kab/Kota Dummy 13-05,Sumatera Barat,Sumatera,2022,72.79,8.86,440084,2484.0,177.2,38.99,101.1,-0.45
1305,Kab/Kota Dummy 13-05,Sumatera Barat,Sumatera,2023,75.51,8.49,444442,2484.0,178.9,37.71,101.1,-0.45
1305,Kab/Kota Dummy 13-05,Sumatera Barat,Sumatera,2024,75.49,8.13,448799,2484.0,180.7,36.5,101.1,-0.45
1305,Kab/Kota Dummy 13-05,Sumatera Barat,Sumatera,2025,76.63,6.72,453156,2484.0,182.4,30.44,101.1,-0.45
1306,Kab/Kota Dummy 13-06,Sumatera Barat,Sumatera,2021,75.67,8.19,93467,2262.1,41.3,7.66,99.9,-0.75
1306,Kab/Kota Dummy 13-06,Sumatera Barat,Sumatera,2022,75.71,8.82,94402,2262.1,41.7,8.32,99.9,-0.75
1306,Kab/Kota Dummy 13-06,Sumatera Barat,Sumatera,2023,77.33,5.77,95336,2262.1,42.1,5.5,99.9,-0.75
1306,Kab/Kota Dummy 13-06,Sumatera Barat,Sumatera,2024,77.14,7.46,96271,2262.1,42.6,7.18,99.9,-0.75
1306,Kab/Kota Dummy 13-06,Sumatera Barat,Sumatera,2025,78.59,6.09,97206,2262.1,43.0,5.92,99.9,-0.75
1307,Kab/Kota Dummy 13-07,Sumatera Barat,Sumatera,2021,75.5,6.26,1290324,976.5,1321.4,80.75,100.2,-0.75
1307,Kab/Kota Dummy 13-07,Sumatera Barat,Sumatera,2022,76.5,6.75,1303227,976.5,1334.6,88.0,100.2,-0.75
1307,Kab/Kota Dummy 13-07,Sumatera Barat,Sumatera,2023,78.12,5.98,1316131,976.5,1347.9,78.66,100.2,-0.75
1307,Kab/Kota Dummy 13-07,Sumatera Barat,Sumatera,2024,78.66,6.56,1329034,976.5,1361.1,87.12,100.2,-0.75
1307,Kab/Kota Dummy 13-07,Sumatera Barat,Sumatera,2025,79.15,4.93,1341937,976.5,1374.3,66.15,100.2,-0.75
1308,Kab/Kota Dummy 13-08,Sumatera Barat,Sumatera,2021,72.7,10.61,307111,3353.6,91.6,32.57,100.5,-0.75
1308,Kab/Kota Dummy 13-08,Sumatera Barat,Sumatera,2022,72.34,8.34,310182,3353.6,92.5,25.86,100.5,-0.75
1308,Kab/Kota Dummy 13-08,Sumatera Barat,Sumatera,2023,74.0,9.32,313253,3353.6,93.4,29.2,100.5,-0.75
1308,Kab/Kota Dummy 13-08,Sumatera Barat,Sumatera,2024,75.18,8.96,316324,3353.6,94.3,28.35,100.5,-0.75
1308,Kab/Kota Dummy 13-08,Sumatera Barat,Sumatera,2025,75.26,9.58,319395,3353.6,95.2,30.6,100.5,-0.75
1309,Kab/Kota Dummy 13-09,Sumatera Barat,Sumatera,2021,74.91,5.89,509710,660.1,772.2,30.03,100.8,-0.75
1309,Kab/Kota Dummy 13-09,Sumatera Barat,Sumatera,2022,76.32,6.52,514808,660.1,779.9,33.57,100.8,-0.75
1309,Kab/Kota Dummy 13-09,Sumatera Barat,Sumatera,2023,76.63,5.73,519905,660.1,787.7,29.81,100.8,-0.75
1309,Kab/Kota Dummy 13-09,Sumatera Barat,Sumatera,2024,77.44,5.89,525002,660.1,795.4,30.91,100.8,-0.75
1309,Kab/Kota Dummy 13-09,Sumatera Barat,Sumatera,2025,78.84,4.78,530099,660.1,803.1,25.32,100.8,-0.75
1310,Kab/Kota Dummy 13-10,Sumatera Barat,Sumatera,2021,72.87,8.63,449635,1536.3,292.7,38.79,101.1,-0.75
1310,Kab/Kota Dummy 13-10,Sumatera Barat,Sumatera,2022,73.85,7.98,454132,1536.3,295.6,36.25,101.1,-0.75
1310,Kab/Kota Dummy 13-10,Sumatera Barat,Sumatera,2023,75.02,9.18,458628,1536.3,298.5,42.08,101.1,-0.75
1310,Kab/Kota Dummy 13-10,Sumatera Barat,Sumatera,2024,75.63,8.54,463124,1536.3,301.5,39.57,101.1,-0.75
1310,Kab/Kota Dummy 13-10,Sumatera Barat,Sumatera,2025,76.29,7.89,467621,1536.3,304.4,36.9,101.1,-0.75
1311,Kab/Kota Dummy 13-11,Sumatera Barat,Sumatera,2021,70.4,10.73,163972,3789.4,43.3,17.59,99.9,-1.05
1311,Kab/Kota Dummy 13-11,Sumatera Barat,Sumatera,2022,70.74,10.06,165612,3789.4,43.7,16.67,99.9,-1.05
1311,Kab/Kota Dummy 13-11,Sumatera Barat,Sumatera,2023,72.03,9.88,167252,3789.4,44.1,16.53,99.9,-1.05
1311,Kab/Kota Dummy 13-11,Sumatera Barat,Sumatera,2024,71.85,11.67,168891,3789.4,44.6,19.72,99.9,-1.05
1311,Kab/Kota Dummy 13-11,Sumatera Barat,Sumatera,2025,72.86,10.18,170531,3789.4,45.0,17.37,99.9,-1.05
1312,Kab/Kota Dummy 13-12,Sumatera Barat,Sumatera,2021,76.83,5.7,213390,4046.5,52.7,12.16,100.2,-1.05
1312,Kab/Kota Dummy 13-12,Sumatera Barat,Sumatera,2022,78.59,5.21,215524,4046.5,53.3,11.22,100.2,-1.05
1312,Kab/Kota Dummy 13-12,Sumatera Barat,Sumatera,2023,78.76,5.49,217658,4046.5,53.8,11.95,100.2,-1.05
1312,Kab/Kota Dummy 13-12,Sumatera Barat,Sumatera,2024,79.28,4.77,219792,4046.5,54.3,10.48,100.2,-1.05
1312,Kab/Kota Dummy 13-12,Sumatera Barat,Sumatera,2025,81.5,5.05,221926,4046.5,54.8,11.22,100.2,-1.05
1313,Kab/Kota Dummy 13-13,Sumatera Barat,Sumatera,2021,69.76,11.75,376027,2709.2,138.8,44.19,100.5,-1.05
1313,Kab/Kota Dummy 13-13,Sumatera Barat,Sumatera,2022,70.74,10.89,379787,2709.2,140.2,41.37,100.5,-1.05
1313,Kab/Kota Dummy 13-13,Sumatera Barat,Sumatera,2023,72.36,11.37,383548,2709.2,141.6,43.59,100.5,-1.05
1313,Kab/Kota Dummy 13-13,Sumatera Barat,Sumatera,2024,72.16,9.95,387308,2709.2,143.0,38.52,100.5,-1.05
1313,Kab/Kota Dummy 13-13,Sumatera Barat,Sumatera,2025,73.5,11.14,391068,2709.2,144.3,43.58,100.5,-1.05
1314,Kab/Kota Dummy 13-14,Sumatera Barat,Sumatera,2021,68.26,11.15,323284,3386.3,95.5,36.04,100.8,-1.05
1314,Kab/Kota Dummy 13-14,Sumatera Barat,Sumatera,2022,68.17,13.3,326517,3386.3,96.4,43.44,100.8,-1.05
1314,Kab/Kota Dummy 13-14,Sumatera Barat,Sumatera,2023,69.54,12.0,329750,3386.3,97.4,39.58,100.8,-1.05
1314,Kab/Kota Dummy 13-14,Sumatera Barat,Sumatera,2024,70.2,11.34,332983,3386.3,98.3,37.77,100.8,-1.05
1314,Kab/Kota Dummy 13-14,Sumatera Barat,Sumatera,2025,70.93,10.85,336216,3386.3,99.3,36.48,100.8,-1.05
1315,Kab/Kota Dummy 13-15,Sumatera Barat,Sumatera,2021,73.81,8.9,131222,963.1,136.3,11.68,101.1,-1.05
1315,Kab/Kota Dummy 13-15,Sumatera Barat,Sumatera,2022,73.99,9.39,132535,963.1,137.6,12.44,101.1,-1.05
1315,Kab/Kota Dummy 13-15,Sumatera Barat,Sumatera,2023,74.08,8.31,133847,963.1,139.0,11.12,101.1,-1.05
1315,Kab/Kota Dummy 13-15,Sumatera Barat,Sumatera,2024,74.64,7.98,135159,963.1,140.3,10.79,101.1,-1.05
1315,Kab/Kota Dummy 13-15,Sumatera Barat,Sumatera,2025,75.74,7.35,136471,963.1,141.7,10.04,101.1,-1.05
1316,Kab/Kota Dummy 13-16,Sumatera Barat,Sumatera,2021,73.08,8.87,335653,5141.5,65.3,29.78,99.9,-1.35
1316,Kab/Kota Dummy 13-16,Sumatera Barat,Sumatera,2022,73.3,8.87,339009,5141.5,65.9,30.06,99.9,-1.35
1316,Kab/Kota Dummy 13-16,Sumatera Barat,Sumatera,2023,73.86,9.3,342366,5141.5,66.6,31.84,99.9,-1.35
1316,Kab/Kota Dummy 13-16,Sumatera Barat,Sumatera,2024,76.01,8.28,345722,5141.5,67.2,28.63,99.9,-1.35
1316,Kab/Kota Dummy 13-16,Sumatera Barat,Sumatera,2025,76.31,7.1,349079,5141.5,67.9,24.79,99.9,-1.35
1317,Kab/Kota Dummy 13-17,Sumatera Barat,Sumatera,2021,77.58,6.05,652498,69.5,9391.0,39.46,100.2,-1.35
1317,Kab/Kota Dummy 13-17,Sumatera Barat,Sumatera,2022,78.46,4.91,659023,69.5,9484.9,32.34,100.2,-1.35
1317,Kab/Kota Dummy 13-17,Sumatera Barat,Sumatera,2023,78.87,5.47,665548,69.5,9578.9,36.4,100.2,-1.35
1317,Kab/Kota Dummy 13-17,Sumatera Barat,Sumatera,2024,79.79,5.39,672072,69.5,9672.8,36.21,100.2,-1.35
1317,Kab/Kota Dummy 13-17,Sumatera Barat,Sumatera,2025,80.11,4.04,678597,69.5,9766.7,27.4,100.2,-1.35
1318,Kab/Kota Dummy 13-18,Sumatera Barat,Sumatera,2021,75.14,6.92,327776,1154.2,284.0,22.68,100.5,-1.35
1318,Kab/Kota Dummy 13-18,Sumatera Barat,Sumatera,2022,77.24,7.39,331054,1154.2,286.8,24.47,100.5,-1.35
1318,Kab/Kota Dummy 13-18,Sumatera Barat,Sumatera,2023,77.77,7.46,334332,1154.2,289.7,24.93,100.5,-1.35
1318,Kab/Kota Dummy 13-18,Sumatera Barat,Sumatera,2024,78.06,5.51,337610,1154.2,292.5,18.62,100.5,-1.35
1318,Kab/Kota Dummy 13-18,Sumatera Barat,Sumatera,2025,79.14,5.41,340887,1154.2,295.3,18.44,100.5,-1.35
1319,Kab/Kota Dummy 13-19,Sumatera Barat,Sumatera,2021,67.15,13.85,373744,2024.0,184.7,51.77,100.8,-1.35
1319,Kab/Kota Dummy 13-19,Sumatera Barat,Sumatera,2022,68.08,12.75,377481,2024.0,186.5,48.12,100.8,-1.35
1319,Kab/Kota Dummy 13-19,Sumatera Barat,Sumatera,2023,68.31,13.28,381219,2024.0,188.3,50.62,100.8,-1.35
1319,Kab/Kota Dummy 13-19,Sumatera Barat,Sumatera,2024,69.0,12.77,384956,2024.0,190.2,49.15,100.8,-1.35
1319,Kab/Kota Dummy 13-19,Sumatera Barat,Sumatera,2025,70.3,12.52,388694,2024.0,192.0,48.66,100.8,-1.35
1401,Kab/Kota Dummy 14-01,Riau,Sumatera,2021,71.19,9.46,221079,1570.7,140.8,20.92,101.35,0.8
1401,Kab/Kota Dummy 14-01,Riau,Sumatera,2022,73.46,9.68,223290,1570.7,142.2,21.62,101.35,0.8
1401,Kab/Kota Dummy 14-01,Riau,Sumatera,2023,73.75,8.57,225501,1570.7,143.6,19.34,101.35,0.8
1401,Kab/Kota Dummy 14-01,Riau,Sumatera,2024,74.57,8.28,227711,1570.7,145.0,18.86,101.35,0.8
1401,Kab/Kota Dummy 14-01,Riau,Sumatera,2025,75.81,8.31,229922,1570.7,146.4,19.11,101.35,0.8
1402,Kab/Kota Dummy 14-02,Riau,Sumatera,2021,73.71,7.87,190373,1009.0,188.7,14.99,101.65,0.8
1402,Kab/Kota Dummy 14-02,Riau,Sumatera,2022,75.73,6.88,192277,1009.0,190.6,13.23,101.65,0.8
1402,Kab/Kota Dummy 14-02,Riau,Sumatera,2023,75.45,6.72,194180,1009.0,192.4,13.05,101.65,0.8
1402,Kab/Kota Dummy 14-02,Riau,Sumatera,2024,76.96,5.9,196084,1009.0,194.3,11.57,101.65,0.8
1402,Kab/Kota Dummy 14-02,Riau,Sumatera,2025,77.74,6.21,197988,1009.0,196.2,12.29,101.65,0.8
1403,Kab/Kota Dummy 14-03,Riau,Sumatera,2021,71.23,11.14,182165,3121.3,58.4,20.29,101.95,0.8
1403,Kab/Kota Dummy 14-03,Riau,Sumatera,2022,72.12,8.83,183987,3121.3,58.9,16.24,101.95,0.8
1403,Kab/Kota Dummy 14-03,Riau,Sumatera,2023,72.1,10.76,185809,3121.3,59.5,19.99,101.95,0.8
1403,Kab/Kota Dummy 14-03,Riau,Sumatera,2024,73.51,9.81,187630,3121.3,60.1,18.41,101.95,0.8
1403,Kab/Kota Dummy 14-03,Riau,Sumatera,2025,74.16,9.03,189452,3121.3,60.7,17.11,101.95,0.8
1404,Kab/Kota Dummy 14-04,Riau,Sumatera,2021,72.71,10.07,265974,2003.5,132.8,26.78,102.25,0.8
1404,Kab/Kota Dummy 14-04,Riau,Sumatera,2022,74.08,9.28,268634,2003.5,134.1,24.92,102.25,0.8
1404,Kab/Kota Dummy 14-04,Riau,Sumatera,2023,73.78,8.16,271293,2003.5,135.4,22.14,102.25,0.8
1404,Kab/Kota Dummy 14-04,Riau,Sumatera,2024,75.06,8.53,273953,2003.5,136.7,23.38,102.25,0.8
1404,Kab/Kota Dummy 14-04,Riau,Sumatera,2025,76.3,6.89,276613,2003.5,138.1,19.07,102.25,0.8
1405,Kab/Kota Dummy 14-05,Riau,Sumatera,2021,70.35,12.36,692007,2912.1,237.6,85.52,101.35,0.5
1405,Kab/Kota Dummy 14-05,Riau,Sumatera,2022,72.51,9.83,698927,2912.1,240.0,68.67,101.35,0.5
1405,Kab/Kota Dummy 14-05,Riau,Sumatera,2023,72.47,9.19,705847,2912.1,242.4,64.9,101.35,0.5
1405,Kab/Kota Dummy 14-05,Riau,Sumatera,2024,73.0,9.57,712767,2912.1,244.8,68.23,101.35,0.5
1405,Kab/Kota Dummy 14-05,Riau,Sumatera,2025,73.6,8.5,719687,2912.1,247.1,61.16,101.35,0.5
1406,Kab/Kota Dummy 14-06,Riau,Sumatera,2021,73.71,8.78,732835,946.5,774.3,64.36,101.65,0.5
1406,Kab/Kota Dummy 14-06,Riau,Sumatera,2022,74.1,8.83,740164,946.5,782.0,65.37,101.65,0.5
1406,Kab/Kota Dummy 14-06,Riau,Sumatera,2023,75.54,8.14,747492,946.5,789.8,60.82,101.65,0.5
1406,Kab/Kota Dummy 14-06,Riau,Sumatera,2024,74.9,8.01,754820,946.5,797.5,60.5,101.65,0.5
1406,Kab/Kota Dummy 14-06,Riau,Sumatera,2025,76.04,7.06,762149,946.5,805.3,53.84,101.65,0.5
1407,Kab/Kota Dummy 14-07,Riau,Sumatera,2021,75.83,7.3,172427,190.3,906.1,12.58,101.95,0.5
1407,Kab/Kota Dummy 14-07,Riau,Sumatera,2022,78.0,6.02,174151,190.3,915.1,10.49,101.95,0.5
1407,Kab/Kota Dummy 14-07,Riau,Sumatera,2023,77.77,5.84,175875,190.3,924.2,10.26,101.95,0.5
1407,Kab/Kota Dummy 14-07,Riau,Sumatera,2024,79.26,5.87,177599,190.3,933.3,10.42,101.95,0.5
1407,Kab/Kota Dummy 14-07,Riau,Sumatera,2025,79.95,5.7,179324,190.3,942.3,10.22,101.95,0.5
1408,Kab/Kota Dummy 14-08,Riau,Sumatera,2021,76.46,7.72,283924,823.4,344.8,21.91,102.25,0.5
1408,Kab/Kota Dummy 14-08,Riau,Sumatera,2022,76.51,7.18,286764,823.4,348.3,20.6,102.25,0.5
1408,Kab/Kota Dummy 14-08,Riau,Sumatera,2023,76.02,6.55,289603,823.4,351.7,18.96,102.25,0.5
1408,Kab/Kota Dummy 14-08,Riau,Sumatera,2024,77.09,6.81,292442,823.4,355.2,19.93,102.25,0.5
1408,Kab/Kota Dummy 14-08,Riau,Sumatera,2025,79.38,5.98,295281,823.4,358.6,17.65,102.25,0.5
1409,Kab/Kota Dummy 14-09,Riau,Sumatera,2021,74.05,7.86,408547,2244.9,182.0,32.13,101.35,0.2
1409,Kab/Kota Dummy 14-09,Riau,Sumatera,2022,75.53,7.31,412633,2244.9,183.8,30.16,101.35,0.2
1409,Kab/Kota Dummy 14-09,Riau,Sumatera,2023,76.22,7.79,416718,2244.9,185.6,32.45,101.35,0.2
1409,Kab/Kota Dummy 14-09,Riau,Sumatera,2024,76.79,7.17,420804,2244.9,187.5,30.18,101.35,0.2
1409,Kab/Kota Dummy 14-09,Riau,Sumatera,2025,76.59,7.56,424889,2244.9,189.3,32.12,101.35,0.2
1410,Kab/Kota Dummy 14-10,Riau,Sumatera,2021,78.72,3.23,570454,519.4,1098.3,18.41,101.65,0.2
1410,Kab/Kota Dummy 14-10,Riau,Sumatera,2022,81.52,2.95,576159,519.4,1109.3,16.99,101.65,0.2
1410,Kab/Kota Dummy 14-10,Riau,Sumatera,2023,80.95,3.94,581863,519.4,1120.3,22.93,101.65,0.2
1410,Kab/Kota Dummy 14-10,Riau,Sumatera,2024,81.91,2.03,587568,519.4,1131.3,11.93,101.65,0.2
1410,Kab/Kota Dummy 14-10,Riau,Sumatera,2025,83.28,3.37,593272,519.4,1142.3,20.02,101.65,0.2
1411,Kab/Kota Dummy 14-11,Riau,Sumatera,2021,71.32,10.03,324411,902.0,359.7,32.55,101.95,0.2
1411,Kab/Kota Dummy 14-11,Riau,Sumatera,2022,72.57,9.66,327655,902.0,363.3,31.66,101.95,0.2
1411,Kab/Kota Dummy 14-11,Riau,Sumatera,2023,73.0,9.24,330899,902.0,366.9,30.58,101.95,0.2
1411,Kab/Kota Dummy 14-11,Riau,Sumatera,2024,74.47,8.65,334144,902.0,370.5,28.9,101.95,0.2
1411,Kab/Kota Dummy 14-11,Riau,Sumatera,2025,75.65,10.18,337388,902.0,374.1,34.34,101.95,0.2
1412,Kab/Kota Dummy 14-12,Riau,Sumatera,2021,72.39,8.96,173096,673.7,256.9,15.5,102.25,0.2
1412,Kab/Kota Dummy 14-12,Riau,Sumatera,2022,73.94,9.24,174827,673.7,259.5,16.16,102.25,0.2
1412,Kab/Kota Dummy 14-12,Riau,Sumatera,2023,74.5,7.47,176558,673.7,262.1,13.19,102.25,0.2
1412,Kab/Kota Dummy 14-12,Riau,Sumatera,2024,75.99,8.71,178289,673.7,264.6,15.52,102.25,0.2
1412,Kab/Kota Dummy 14-12,Riau,Sumatera,2025,76.53,7.97,180020,673.7,267.2,14.34,102.25,0.2
1501,Kab/Kota Dummy 15-01,Jambi,Sumatera,2021,70.65,10.52,334730,1942.2,172.3,35.2,102.05,-1.3
1501,Kab/Kota Dummy 15-01,Jambi,Sumatera,2022,71.52,10.61,338077,1942.2,174.1,35.86,102.05,-1.3
1501,Kab/Kota Dummy 15-01,Jambi,Sumatera,2023,72.12,10.33,341425,1942.2,175.8,35.28,102.05,-1.3
1501,Kab/Kota Dummy 15-01,Jambi,Sumatera,2024,74.1,8.76,344772,1942.2,177.5,30.22,102.05,-1.3
1501,Kab/Kota Dummy 15-01,Jambi,Sumatera,2025,73.94,10.23,348119,1942.2,179.2,35.6,102.05,-1.3
1502,Kab/Kota Dummy 15-02,Jambi,Sumatera,2021,74.3,9.33,409543,3138.7,130.5,38.19,102.35,-1.3
1502,Kab/Kota Dummy 15-02,Jambi,Sumatera,2022,74.21,6.92,413639,3138.7,131.8,28.64,102.35,-1.3
1502,Kab/Kota Dummy 15-02,Jambi,Sumatera,2023,75.67,8.53,417734,3138.7,133.1,35.62,102.35,-1.3
1502,Kab/Kota Dummy 15-02,Jambi,Sumatera,2024,76.52,7.64,421829,3138.7,134.4,32.23,102.35,-1.3
1502,Kab/Kota Dummy 15-02,Jambi,Sumatera,2025,76.94,7.28,425925,3138.7,135.7,30.99,102.35,-1.3
1503,Kab/Kota Dummy 15-03,Jambi,Sumatera,2021,66.08,14.34,261194,533.3,489.8,37.46,102.65,-1.3
1503,Kab/Kota Dummy 15-03,Jambi,Sumatera,2022,66.9,13.93,263806,533.3,494.7,36.75,102.65,-1.3
1503,Kab/Kota Dummy 15-03,Jambi,Sumatera,2023,67.09,12.51,266418,533.3,499.6,33.32,102.65,-1.3
1503,Kab/Kota Dummy 15-03,Jambi,Sumatera,2024,68.62,13.28,269030,533.3,504.5,35.74,102.65,-1.3
1503,Kab/Kota Dummy 15-03,Jambi,Sumatera,2025,68.37,13.31,271642,533.3,509.4,36.16,102.65,-1.3
1504,Kab/Kota Dummy 15-04,Jambi,Sumatera,2021,71.6,11.09,797682,3128.9,254.9,88.46,102.95,-1.3
1504,Kab/Kota Dummy 15-04,Jambi,Sumatera,2022,72.0,9.66,805659,3128.9,257.5,77.81,102.95,-1.3
1504,Kab/Kota Dummy 15-04,Jambi,Sumatera,2023,72.76,10.29,813636,3128.9,260.0,83.7,102.95,-1.3
1504,Kab/Kota Dummy 15-04,Jambi,Sumatera,2024,73.73,8.05,821613,3128.9,262.6,66.15,102.95,-1.3
1504,Kab/Kota Dummy 15-04,Jambi,Sumatera,2025,74.76,9.24,829589,3128.9,265.1,76.69,102.95,-1.3
1505,Kab/Kota Dummy 15-05,Jambi,Sumatera,2021,76.56,6.8,122741,8198.5,15.0,8.34,102.05,-1.6
1505,Kab/Kota Dummy 15-05,Jambi,Sumatera,2022,77.4,5.05,123968,8198.5,15.1,6.26,102.05,-1.6
1505,Kab/Kota Dummy 15-05,Jambi,Sumatera,2023,78.14,6.11,125196,8198.5,15.3,7.65,102.05,-1.6
1505,Kab/Kota Dummy 15-05,Jambi,Sumatera,2024,78.66,5.07,126423,8198.5,15.4,6.41,102.05,-1.6
1505,Kab/Kota Dummy 15-05,Jambi,Sumatera,2025,80.08,4.54,127650,8198.5,15.6,5.79,102.05,-1.6
1506,Kab/Kota Dummy 15-06,Jambi,Sumatera,2021,73.98,10.02,187599,5519.2,34.0,18.8,102.35,-1.6
1506,Kab/Kota Dummy 15-06,Jambi,Sumatera,2022,74.07,8.79,189475,5519.2,34.3,16.65,102.35,-1.6
1506,Kab/Kota Dummy 15-06,Jambi,Sumatera,2023,75.84,9.35,191351,5519.2,34.7,17.89,102.35,-1.6
1506,Kab/Kota Dummy 15-06,Jambi,Sumatera,2024,76.48,8.25,193227,5519.2,35.0,15.93,102.35,-1.6
1506,Kab/Kota Dummy 15-06,Jambi,Sumatera,2025,77.38,5.98,195103,5519.2,35.4,11.66,102.35,-1.6
1507,Kab/Kota Dummy 15-07,Jambi,Sumatera,2021,73.66,8.31,180409,128.0,1409.8,14.98,102.65,-1.6
1507,Kab/Kota Dummy 15-07,Jambi,Sumatera,2022,74.2,8.57,182213,128.0,1423.9,15.61,102.65,-1.6
1507,Kab/Kota Dummy 15-07,Jambi,Sumatera,2023,75.25,7.49,184017,128.0,1438.0,13.78,102.65,-1.6
1507,Kab/Kota Dummy 15-07,Jambi,Sumatera,2024,76.51,6.94,185821,128.0,1452.1,12.9,102.65,-1.6
1507,Kab/Kota Dummy 15-07,Jambi,Sumatera,2025,76.79,6.96,187625,128.0,1466.2,13.06,102.65,-1.6
1508,Kab/Kota Dummy 15-08,Jambi,Sumatera,2021,70.81,10.23,748406,1348.5,555.0,76.57,102.95,-1.6
1508,Kab/Kota Dummy 15-08,Jambi,Sumatera,2022,71.56,10.95,755890,1348.5,560.6,82.78,102.95,-1.6
1508,Kab/Kota Dummy 15-08,Jambi,Sumatera,2023,72.67,10.38,763374,1348.5,566.1,79.26,102.95,-1.6
1508,Kab/Kota Dummy 15-08,Jambi,Sumatera,2024,73.27,10.32,770858,1348.5,571.7,79.57,102.95,-1.6
1508,Kab/Kota Dummy 15-08,Jambi,Sumatera,2025,73.9,8.52,778342,1348.5,577.2,66.35,102.95,-1.6
1509,Kab/Kota Dummy 15-09,Jambi,Sumatera,2021,73.54,9.24,643289,1197.1,537.4,59.45,102.05,-1.9
1509,Kab/Kota Dummy 15-09,Jambi,Sumatera,2022,74.85,8.26,649721,1197.1,542.7,53.69,102.05,-1.9
1509,Kab/Kota Dummy 15-09,Jambi,Sumatera,2023,74.61,7.8,656154,1197.1,548.1,51.2,102.05,-1.9
1509,Kab/Kota Dummy 15-09,Jambi,Sumatera,2024,76.27,7.22,662587,1197.1,553.5,47.81,102.05,-1.9
1509,Kab/Kota Dummy 15-09,Jambi,Sumatera,2025,76.17,7.0,669020,1197.1,558.8,46.85,102.05,-1.9
1510,Kab/Kota Dummy 15-10,Jambi,Sumatera,2021,71.86,9.61,270495,782.6,345.6,26.0,102.35,-1.9
1510,Kab/Kota Dummy 15-10,Jambi,Sumatera,2022,73.26,9.28,273200,782.6,349.1,25.36,102.35,-1.9
1510,Kab/Kota Dummy 15-10,Jambi,Sumatera,2023,74.08,8.8,275905,782.6,352.5,24.27,102.35,-1.9
1510,Kab/Kota Dummy 15-10,Jambi,Sumatera,2024,73.89,8.97,278609,782.6,356.0,25.0,102.35,-1.9
1510,Kab/Kota Dummy 15-10,Jambi,Sumatera,2025,75.95,7.52,281314,782.6,359.4,21.15,102.35,-1.9
1511,Kab/Kota Dummy 15-11,Jambi,Sumatera,2021,73.67,9.2,817594,6603.0,123.8,75.25,102.65,-1.9
1511,Kab/Kota Dummy 15-11,Jambi,Sumatera,2022,74.12,9.04,825770,6603.0,125.1,74.67,102.65,-1.9
1511,Kab/Kota Dummy 15-11,Jambi,Sumatera,2023,75.09,8.06,833946,6603.0,126.3,67.19,102.65,-1.9
1511,Kab/Kota Dummy 15-11,Jambi,Sumatera,2024,75.65,7.29,842122,6603.0,127.5,61.43,102.65,-1.9
1511,Kab/Kota Dummy 15-11,Jambi,Sumatera,2025,76.06,7.62,850297,6603.0,128.8,64.76,102.65,-1.9
1601,Kab/Kota Dummy 16-01,Sumatera Selatan,Sumatera,2021,77.74,5.48,607710,192.1,3163.1,33.3,103.4,-2.75
1601,Kab/Kota Dummy 16-01,Sumatera Selatan,Sumatera,2022,78.05,4.92,613787,192.1,3194.7,30.2,103.4,-2.75
1601,Kab/Kota Dummy 16-01,Sumatera Selatan,Sumatera,2023,80.0,4.18,619864,192.1,3226.3,25.93,103.4,-2.75
1601,Kab/Kota Dummy 16-01,Sumatera Selatan,Sumatera,2024,80.69,3.99,625941,192.1,3258.0,25.0,103.4,-2.75
1601,Kab/Kota Dummy 16-01,Sumatera Selatan,Sumatera,2025,80.26,3.52,632019,192.1,3289.6,22.25,103.4,-2.75
1602,Kab/Kota Dummy 16-02,Sumatera Selatan,Sumatera,2021,72.03,10.07,380233,737.3,515.7,38.29,103.7,-2.75
1602,Kab/Kota Dummy 16-02,Sumatera Selatan,Sumatera,2022,72.9,9.31,384035,737.3,520.9,35.75,103.7,-2.75
1602,Kab/Kota Dummy 16-02,Sumatera Selatan,Sumatera,2023,74.25,9.87,387838,737.3,526.0,38.3,103.7,-2.75
1602,Kab/Kota Dummy 16-02,Sumatera Selatan,Sumatera,2024,74.78,9.43,391640,737.3,531.2,36.94,103.7,-2.75
1602,Kab/Kota Dummy 16-02,Sumatera Selatan,Sumatera,2025,74.98,7.7,395442,737.3,536.4,30.46,103.7,-2.75
1603,Kab/Kota Dummy 16-03,Sumatera Selatan,Sumatera,2021,73.75,7.93,408577,889.5,459.3,32.42,104.0,-2.75
1603,Kab/Kota Dummy 16-03,Sumatera Selatan,Sumatera,2022,75.11,7.93,412663,889.5,463.9,32.71,104.0,-2.75
1603,Kab/Kota Dummy 16-03,Sumatera Selatan,Sumatera,2023,75.92,7.74,416749,889.5,468.5,32.27,104.0,-2.75
1603,Kab/Kota Dummy 16-03,Sumatera Selatan,Sumatera,2024,75.86,7.65,420834,889.5,473.1,32.21,104.0,-2.75
1603,Kab/Kota Dummy 16-03,Sumatera Selatan,Sumatera,2025,76.67,7.11,424920,889.5,477.7,30.22,104.0,-2.75
1604,Kab/Kota Dummy 16-04,Sumatera Selatan,Sumatera,2021,72.03,9.82,186842,524.2,356.4,18.35,104.3,-2.75
1604,Kab/Kota Dummy 16-04,Sumatera Selatan,Sumatera,2022,72.57,10.18,188711,524.2,360.0,19.22,104.3,-2.75
1604,Kab/Kota Dummy 16-04,Sumatera Selatan,Sumatera,2023,74.02,10.21,190579,524.2,363.5,19.46,104.3,-2.75
1604,Kab/Kota Dummy 16-04,Sumatera Selatan,Sumatera,2024,74.16,7.72,192447,524.2,367.1,14.87,104.3,-2.75
1604,Kab/Kota Dummy 16-04,Sumatera Selatan,Sumatera,2025,75.23,8.49,194316,524.2,370.7,16.51,104.3,-2.75
1605,Kab/Kota Dummy 16-05,Sumatera Selatan,Sumatera,2021,66.6,14.32,247332,1363.7,181.4,35.43,104.6,-2.75
1605,Kab/Kota Dummy 16-05,Sumatera Selatan,Sumatera,2022,67.69,12.88,249805,1363.7,183.2,32.16,104.6,-2.75
1605,Kab/Kota Dummy 16-05,Sumatera Selatan,Sumatera,2023,68.58,12.91,252279,1363.7,185.0,32.57,104.6,-2.75
1605,Kab/Kota Dummy 16-05,Sumatera Selatan,Sumatera,2024,68.63,12.7,254752,1363.7,186.8,32.35,104.6,-2.75
1605,Kab/Kota Dummy 16-05,Sumatera Selatan,Sumatera,2025,70.08,12.72,257225,1363.7,188.6,32.71,104.6,-2.75
1606,Kab/Kota Dummy 16-06,Sumatera Selatan,Sumatera,2021,66.94,11.94,530360,922.0,575.3,63.34,103.4,-3.05
1606,Kab/Kota Dummy 16-06,Sumatera Selatan,Sumatera,2022,69.34,13.55,535664,922.0,581.0,72.6,103.4,-3.05
1606,Kab/Kota Dummy 16-06,Sumatera Selatan,Sumatera,2023,69.24,11.97,540968,922.0,586.8,64.74,103.4,-3.05
1606,Kab/Kota Dummy 16-06,Sumatera Selatan,Sumatera,2024,69.56,12.01,546271,922.0,592.5,65.6,103.4,-3.05
1606,Kab/Kota Dummy 16-06,Sumatera Selatan,Sumatera,2025,71.26,11.84,551575,922.0,598.3,65.3,103.4,-3.05
1607,Kab/Kota Dummy 16-07,Sumatera Selatan,Sumatera,2021,71.37,9.41,231655,4103.4,56.5,21.79,103.7,-3.05
1607,Kab/Kota Dummy 16-07,Sumatera Selatan,Sumatera,2022,72.49,10.74,233972,4103.4,57.0,25.13,103.7,-3.05
1607,Kab/Kota Dummy 16-07,Sumatera Selatan,Sumatera,2023,73.57,11.13,236288,4103.4,57.6,26.29,103.7,-3.05
1607,Kab/Kota Dummy 16-07,Sumatera Selatan,Sumatera,2024,74.32,9.96,238605,4103.4,58.1,23.76,103.7,-3.05
1607,Kab/Kota Dummy 16-07,Sumatera Selatan,Sumatera,2025,75.27,8.32,240922,4103.4,58.7,20.04,103.7,-3.05
1608,Kab/Kota Dummy 16-08,Sumatera Selatan,Sumatera,2021,67.12,14.47,374816,4034.0,92.9,54.25,104.0,-3.05
1608,Kab/Kota Dummy 16-08,Sumatera Selatan,Sumatera,2022,67.64,13.26,378564,4034.0,93.8,50.19,104.0,-3.05
1608,Kab/Kota Dummy 16-08,Sumatera Selatan,Sumatera,2023,69.01,13.38,382312,4034.0,94.8,51.15,104.0,-3.05
1608,Kab/Kota Dummy 16-08,Sumatera Selatan,Sumatera,2024,69.63,12.73,386061,4034.0,95.7,49.13,104.0,-3.05
1608,Kab/Kota Dummy 16-08,Sumatera Selatan,Sumatera,2025,70.71,13.22,389809,4034.0,96.6,51.52,104.0,-3.05
1609,Kab/Kota Dummy 16-09,Sumatera Selatan,Sumatera,2021,73.13,10.09,838408,762.8,1099.1,84.56,104.3,-3.05
1609,Kab/Kota Dummy 16-09,Sumatera Selatan,Sumatera,2022,73.95,7.53,846792,762.8,1110.1,63.78,104.3,-3.05
1609,Kab/Kota Dummy 16-09,Sumatera Selatan,Sumatera,2023,74.03,8.54,855176,762.8,1121.1,73.0,104.3,-3.05
1609,Kab/Kota Dummy 16-09,Sumatera Selatan,Sumatera,2024,74.4,8.03,863560,762.8,1132.1,69.36,104.3,-3.05
1609,Kab/Kota Dummy 16-09,Sumatera Selatan,Sumatera,2025,76.16,8.9,871944,762.8,1143.1,77.61,104.3,-3.05
1610,Kab/Kota Dummy 16-10,Sumatera Selatan,Sumatera,2021,73.72,7.33,298548,547.7,545.1,21.88,104.6,-3.05
1610,Kab/Kota Dummy 16-10,Sumatera Selatan,Sumatera,2022,73.98,8.94,301533,547.7,550.6,26.96,104.6,-3.05
1610,Kab/Kota Dummy 16-10,Sumatera Selatan,Sumatera,2023,75.16,6.68,304519,547.7,556.0,20.34,104.6,-3.05
1610,Kab/Kota Dummy 16-10,Sumatera Selatan,Sumatera,2024,76.1,7.77,307504,547.7,561.5,23.89,104.6,-3.05
1610,Kab/Kota Dummy 16-10,Sumatera Selatan,Sumatera,2025,75.55,6.93,310490,547.7,566.9,21.5,104.6,-3.05
1611,Kab/Kota Dummy 16-11,Sumatera Selatan,Sumatera,2021,72.03,8.64,553507,1216.4,455.0,47.82,103.4,-3.35
1611,Kab/Kota Dummy 16-11,Sumatera Selatan,Sumatera,2022,73.5,9.56,559042,1216.4,459.6,53.47,103.4,-3.35
1611,Kab/Kota Dummy 16-11,Sumatera Selatan,Sumatera,2023,74.08,7.93,564577,1216.4,464.1,44.77,103.4,-3.35
1611,Kab/Kota Dummy 16-11,Sumatera Selatan,Sumatera,2024,75.54,7.85,570112,1216.4,468.7,44.77,103.4,-3.35
1611,Kab/Kota Dummy 16-11,Sumatera Selatan,Sumatera,2025,76.8,7.56,575647,1216.4,473.2,43.54,103.4,-3.35
1612,Kab/Kota Dummy 16-12,Sumatera Selatan,Sumatera,2021,72.31,9.9,643815,572.0,1125.5,63.75,103.7,-3.35
1612,Kab/Kota Dummy 16-12,Sumatera Selatan,Sumatera,2022,72.5,10.08,650253,572.0,1136.7,65.53,103.7,-3.35
1612,Kab/Kota Dummy 16-12,Sumatera Selatan,Sumatera,2023,72.58,8.37,656691,572.0,1148.0,54.94,103.7,-3.35
1612,Kab/Kota Dummy 16-12,Sumatera Selatan,Sumatera,2024,74.27,9.25,663130,572.0,1159.2,61.35,103.7,-3.35
1612,Kab/Kota Dummy 16-12,Sumatera Selatan,Sumatera,2025,75.2,8.48,669568,572.0,1170.5,56.8,103.7,-3.35
1613,Kab/Kota Dummy 16-13,Sumatera Selatan,Sumatera,2021,69.08,10.68,464897,508.0,915.1,49.64,104.0,-3.35
1613,Kab/Kota Dummy 16-13,Sumatera Selatan,Sumatera,2022,70.85,10.92,469546,508.0,924.3,51.29,104.0,-3.35
1613,Kab/Kota Dummy 16-13,Sumatera Selatan,Sumatera,2023,71.41,10.33,474195,508.0,933.4,48.98,104.0,-3.35
1613,Kab/Kota Dummy 16-13,Sumatera Selatan,Sumatera,2024,73.02,11.22,478844,508.0,942.6,53.72,104.0,-3.35
1613,Kab/Kota Dummy 16-13,Sumatera Selatan,Sumatera,2025,72.69,10.86,483493,508.0,951.7,52.51,104.0,-3.35
1614,Kab/Kota Dummy 16-14,Sumatera Selatan,Sumatera,2021,65.75,14.93,210023,1841.4,114.1,31.36,104.3,-3.35
1614,Kab/Kota Dummy 16-14,Sumatera Selatan,Sumatera,2022,65.28,14.04,212123,1841.4,115.2,29.78,104.3,-3.35
1614,Kab/Kota Dummy 16-14,Sumatera Selatan,Sumatera,2023,66.96,13.04,214223,1841.4,116.3,27.93,104.3,-3.35
1614,Kab/Kota Dummy 16-14,Sumatera Selatan,Sumatera,2024,66.28,13.91,216324,1841.4,117.5,30.1,104.3,-3.35
1614,Kab/Kota Dummy 16-14,Sumatera Selatan,Sumatera,2025,68.7,13.91,218424,1841.4,118.6,30.39,104.3,-3.35
1615,Kab/Kota Dummy 16-15,Sumatera Selatan,Sumatera,2021,70.12,10.82,430995,1135.9,379.4,46.62,104.6,-3.35
1615,Kab/Kota Dummy 16-15,Sumatera Selatan,Sumatera,2022,70.82,11.77,435305,1135.9,383.2,51.22,104.6,-3.35
1615,Kab/Kota Dummy 16-15,Sumatera Selatan,Sumatera,2023,71.41,8.96,439615,1135.9,387.0,39.39,104.6,-3.35
1615,Kab/Kota Dummy 16-15,Sumatera Selatan,Sumatera,2024,72.86,9.64,443925,1135.9,390.8,42.81,104.6,-3.35
1615,Kab/Kota Dummy 16-15,Sumatera Selatan,Sumatera,2025,73.67,9.38,448235,1135.9,394.6,42.03,104.6,-3.35
1616,Kab/Kota Dummy 16-16,Sumatera Selatan,Sumatera,2021,70.52,10.5,441503,729.6,605.2,46.36,103.4,-3.65
1616,Kab/Kota Dummy 16-16,Sumatera Selatan,Sumatera,2022,69.42,10.95,445918,729.6,611.2,48.85,103.4,-3.65
1616,Kab/Kota Dummy 16-16,Sumatera Selatan,Sumatera,2023,71.93,10.3,450334,729.6,617.3,46.38,103.4,-3.65
1616,Kab/Kota Dummy 16-16,Sumatera Selatan,Sumatera,2024,72.79,11.33,454749,729.6,623.3,51.54,103.4,-3.65
1616,Kab/Kota Dummy 16-16,Sumatera Selatan,Sumatera,2025,73.77,10.24,459164,729.6,629.4,47.0,103.4,-3.65
1617,Kab/Kota Dummy 16-17,Sumatera Selatan,Sumatera,2021,74.37,7.29,150080,1523.4,98.5,10.93,103.7,-3.65
1617,Kab/Kota Dummy 16-17,Sumatera Selatan,Sumatera,2022,74.13,7.57,151581,1523.4,99.5,11.47,103.7,-3.65
1617,Kab/Kota Dummy 16-17,Sumatera Selatan,Sumatera,2023,74.9,8.99,153081,1523.4,100.5,13.76,103.7,-3.65
1617,Kab/Kota Dummy 16-17,Sumatera Selatan,Sumatera,2024,76.23,7.15,154582,1523.4,101.5,11.05,103.7,-3.65
1617,Kab/Kota Dummy 16-17,Sumatera Selatan,Sumatera,2025,77.6,7.0,156083,1523.4,102.5,10.92,103.7,-3.65
1701,Kab/Kota Dummy 17-01,Bengkulu,Sumatera,2021,68.75,12.01,469867,1263.6,371.9,56.42,101.85,-3.5
1701,Kab/Kota Dummy 17-01,Bengkulu,Sumatera,2022,69.33,12.4,474565,1263.6,375.6,58.84,101.85,-3.5
1701,Kab/Kota Dummy 17-01,Bengkulu,Sumatera,2023,70.1,11.21,479264,1263.6,379.3,53.72,101.85,-3.5
1701,Kab/Kota Dummy 17-01,Bengkulu,Sumatera,2024,71.23,10.66,483963,1263.6,383.0,51.57,101.85,-3.5
1701,Kab/Kota Dummy 17-01,Bengkulu,Sumatera,2025,71.61,10.99,488661,1263.6,386.7,53.72,101.85,-3.5
1702,Kab/Kota Dummy 17-02,Bengkulu,Sumatera,2021,70.85,11.11,384217,852.9,450.5,42.7,102.15,-3.5
1702,Kab/Kota Dummy 17-02,Bengkulu,Sumatera,2022,70.96,9.34,388060,852.9,455.0,36.25,102.15,-3.5
1702,Kab/Kota Dummy 17-02,Bengkulu,Sumatera,2023,71.9,10.39,391902,852.9,459.5,40.7,102.15,-3.5
1702,Kab/Kota Dummy 17-02,Bengkulu,Sumatera,2024,73.35,10.34,395744,852.9,464.0,40.91,102.15,-3.5
1702,Kab/Kota Dummy 17-02,Bengkulu,Sumatera,2025,73.81,9.78,399586,852.9,468.5,39.07,102.15,-3.5
1703,Kab/Kota Dummy 17-03,Bengkulu,Sumatera,2021,77.04,6.4,723718,322.0,2247.4,46.34,102.45,-3.5
1703,Kab/Kota Dummy 17-03,Bengkulu,Sumatera,2022,78.62,5.53,730955,322.0,2269.9,40.41,102.45,-3.5
1703,Kab/Kota Dummy 17-03,Bengkulu,Sumatera,2023,77.57,5.14,738192,322.0,2292.3,37.95,102.45,-3.5
1703,Kab/Kota Dummy 17-03,Bengkulu,Sumatera,2024,79.96,5.99,745430,322.0,2314.8,44.68,102.45,-3.5
1703,Kab/Kota Dummy 17-03,Bengkulu,Sumatera,2025,80.7,4.65,752667,322.0,2337.3,35.01,102.45,-3.5
1704,Kab/Kota Dummy 17-04,Bengkulu,Sumatera,2021,71.19,10.58,236727,785.8,301.3,25.06,102.75,-3.5
1704,Kab/Kota Dummy 17-04,Bengkulu,Sumatera,2022,71.93,10.95,239094,785.8,304.3,26.19,102.75,-3.5
1704,Kab/Kota Dummy 17-04,Bengkulu,Sumatera,2023,72.88,9.79,241462,785.8,307.3,23.65,102.75,-3.5
1704,Kab/Kota Dummy 17-04,Bengkulu,Sumatera,2024,73.88,10.34,243829,785.8,310.3,25.21,102.75,-3.5
1704,Kab/Kota Dummy 17-04,Bengkulu,Sumatera,2025,74.24,9.14,246196,785.8,313.3,22.51,102.75,-3.5
1705,Kab/Kota Dummy 17-05,Bengkulu,Sumatera,2021,76.52,5.77,536164,4932.6,108.7,30.93,101.85,-3.8
1705,Kab/Kota Dummy 17-05,Bengkulu,Sumatera,2022,76.51,7.13,541525,4932.6,109.8,38.63,101.85,-3.8
1705,Kab/Kota Dummy 17-05,Bengkulu,Sumatera,2023,76.98,5.79,546887,4932.6,110.9,31.67,101.85,-3.8
1705,Kab/Kota Dummy 17-05,Bengkulu,Sumatera,2024,78.85,7.66,552249,4932.6,112.0,42.29,101.85,-3.8
1705,Kab/Kota Dummy 17-05,Bengkulu,Sumatera,2025,79.98,4.91,557610,4932.6,113.0,27.36,101.85,-3.8
1706,Kab/Kota Dummy 17-06,Bengkulu,Sumatera,2021,72.76,8.79,227737,4684.3,48.6,20.02,102.15,-3.8
1706,Kab/Kota Dummy 17-06,Bengkulu,Sumatera,2022,73.57,8.24,230015,4684.3,49.1,18.95,102.15,-3.8
1706,Kab/Kota Dummy 17-06,Bengkulu,Sumatera,2023,73.66,8.57,232292,4684.3,49.6,19.9,102.15,-3.8
1706,Kab/Kota Dummy 17-06,Bengkulu,Sumatera,2024,74.98,9.61,234569,4684.3,50.1,22.54,102.15,-3.8
1706,Kab/Kota Dummy 17-06,Bengkulu,Sumatera,2025,76.35,8.04,236847,4684.3,50.6,19.05,102.15,-3.8
1707,Kab/Kota Dummy 17-07,Bengkulu,Sumatera,2021,69.67,11.84,203048,4386.9,46.3,24.04,102.45,-3.8
1707,Kab/Kota Dummy 17-07,Bengkulu,Sumatera,2022,69.37,12.39,205079,4386.9,46.7,25.42,102.45,-3.8
1707,Kab/Kota Dummy 17-07,Bengkulu,Sumatera,2023,69.67,12.26,207109,4386.9,47.2,25.4,102.45,-3.8
1707,Kab/Kota Dummy 17-07,Bengkulu,Sumatera,2024,70.48,11.61,209140,4386.9,47.7,24.28,102.45,-3.8
1707,Kab/Kota Dummy 17-07,Bengkulu,Sumatera,2025,71.46,11.27,211170,4386.9,48.1,23.8,102.45,-3.8
1708,Kab/Kota Dummy 17-08,Bengkulu,Sumatera,2021,71.17,9.55,308693,1493.0,206.8,29.49,102.75,-3.8
1708,Kab/Kota Dummy 17-08,Bengkulu,Sumatera,2022,73.04,9.62,311780,1493.0,208.8,29.99,102.75,-3.8
1708,Kab/Kota Dummy 17-08,Bengkulu,Sumatera,2023,72.92,9.81,314867,1493.0,210.9,30.89,102.75,-3.8
1708,Kab/Kota Dummy 17-08,Bengkulu,Sumatera,2024,73.87,8.62,317954,1493.0,213.0,27.42,102.75,-3.8
1708,Kab/Kota Dummy 17-08,Bengkulu,Sumatera,2025,75.32,9.58,321041,1493.0,215.0,30.75,102.75,-3.8
1709,Kab/Kota Dummy 17-09,Bengkulu,Sumatera,2021,70.37,11.44,403613,868.4,464.8,46.17,101.85,-4.1
1709,Kab/Kota Dummy 17-09,Bengkulu,Sumatera,2022,70.43,10.87,407649,868.4,469.4,44.31,101.85,-4.1
1709,Kab/Kota Dummy 17-09,Bengkulu,Sumatera,2023,71.63,11.0,411685,868.4,474.1,45.28,101.85,-4.1
1709,Kab/Kota Dummy 17-09,Bengkulu,Sumatera,2024,71.28,10.88,415721,868.4,478.7,45.23,101.85,-4.1
1709,Kab/Kota Dummy 17-09,Bengkulu,Sumatera,2025,73.05,9.68,419757,868.4,483.4,40.64,101.85,-4.1
1710,Kab/Kota Dummy 17-10,Bengkulu,Sumatera,2021,70.2,11.07,134482,2122.8,63.4,14.89,102.15,-4.1
1710,Kab/Kota Dummy 17-10,Bengkulu,Sumatera,2022,70.21,11.31,135826,2122.8,64.0,15.36,102.15,-4.1
1710,Kab/Kota Dummy 17-10,Bengkulu,Sumatera,2023,71.18,9.91,137171,2122.8,64.6,13.59,102.15,-4.1
1710,Kab/Kota Dummy 17-10,Bengkulu,Sumatera,2024,72.6,10.73,138516,2122.8,65.3,14.87,102.15,-4.1
1710,Kab/Kota Dummy 17-10,Bengkulu,Sumatera,2025,73.73,8.84,139861,2122.8,65.9,12.37,102.15,-4.1
1801,Kab/Kota Dummy 18-01,Lampung,Sumatera,2021,73.75,9.24,148543,52.7,2817.8,13.73,104.75,-4.45
1801,Kab/Kota Dummy 18-01,Lampung,Sumatera,2022,74.35,8.2,150028,52.7,2846.0,12.31,104.75,-4.45
1801,Kab/Kota Dummy 18-01,Lampung,Sumatera,2023,75.15,7.49,151514,52.7,2874.2,11.35,104.75,-4.45
1801,Kab/Kota Dummy 18-01,Lampung,Sumatera,2024,76.54,8.15,152999,52.7,2902.4,12.47,104.75,-4.45
1801,Kab/Kota Dummy 18-01,Lampung,Sumatera,2025,76.8,7.68,154484,52.7,2930.6,11.86,104.75,-4.45
1802,Kab/Kota Dummy 18-02,Lampung,Sumatera,2021,77.41,3.94,802910,298.3,2691.4,31.66,105.05,-4.45
1802,Kab/Kota Dummy 18-02,Lampung,Sumatera,2022,79.12,5.17,810939,298.3,2718.3,41.9,105.05,-4.45
1802,Kab/Kota Dummy 18-02,Lampung,Sumatera,2023,80.37,1.8,818968,298.3,2745.2,14.74,105.05,-4.45
1802,Kab/Kota Dummy 18-02,Lampung,Sumatera,2024,80.95,4.78,826997,298.3,2772.1,39.56,105.05,-4.45
1802,Kab/Kota Dummy 18-02,Lampung,Sumatera,2025,80.83,3.81,835026,298.3,2799.0,31.83,105.05,-4.45
1803,Kab/Kota Dummy 18-03,Lampung,Sumatera,2021,77.28,6.17,1428898,1770.9,806.9,88.1,105.35,-4.45
1803,Kab/Kota Dummy 18-03,Lampung,Sumatera,2022,77.42,4.95,1443187,1770.9,814.9,71.5,105.35,-4.45
1803,Kab/Kota Dummy 18-03,Lampung,Sumatera,2023,78.63,5.95,1457476,1770.9,823.0,86.78,105.35,-4.45
1803,Kab/Kota Dummy 18-03,Lampung,Sumatera,2024,79.25,4.79,1471765,1770.9,831.1,70.47,105.35,-4.45
1803,Kab/Kota Dummy 18-03,Lampung,Sumatera,2025,79.9,4.01,1486054,1770.9,839.1,59.63,105.35,-4.45
1804,Kab/Kota Dummy 18-04,Lampung,Sumatera,2021,69.37,11.19,195826,1171.0,167.2,21.92,105.65,-4.45
1804,Kab/Kota Dummy 18-04,Lampung,Sumatera,2022,69.37,10.65,197784,1171.0,168.9,21.06,105.65,-4.45
1804,Kab/Kota Dummy 18-04,Lampung,Sumatera,2023,69.63,11.61,199742,1171.0,170.6,23.18,105.65,-4.45
1804,Kab/Kota Dummy 18-04,Lampung,Sumatera,2024,72.1,12.2,201700,1171.0,172.3,24.6,105.65,-4.45
1804,Kab/Kota Dummy 18-04,Lampung,Sumatera,2025,72.86,10.86,203659,1171.0,173.9,22.13,105.65,-4.45
1805,Kab/Kota Dummy 18-05,Lampung,Sumatera,2021,73.44,9.8,611501,12753.3,47.9,59.92,104.75,-4.75
1805,Kab/Kota Dummy 18-05,Lampung,Sumatera,2022,73.86,10.12,617616,12753.3,48.4,62.53,104.75,-4.75
1805,Kab/Kota Dummy 18-05,Lampung,Sumatera,2023,74.05,9.08,623731,12753.3,48.9,56.61,104.75,-4.75
1805,Kab/Kota Dummy 18-05,Lampung,Sumatera,2024,74.35,10.33,629846,12753.3,49.4,65.08,104.75,-4.75
1805,Kab/Kota Dummy 18-05,Lampung,Sumatera,2025,76.61,7.6,635961,12753.3,49.9,48.34,104.75,-4.75
1806,Kab/Kota Dummy 18-06,Lampung,Sumatera,2021,73.05,7.65,205376,1481.7,138.6,15.71,105.05,-4.75
1806,Kab/Kota Dummy 18-06,Lampung,Sumatera,2022,73.91,7.65,207430,1481.7,140.0,15.87,105.05,-4.75
1806,Kab/Kota Dummy 18-06,Lampung,Sumatera,2023,74.01,8.62,209484,1481.7,141.4,18.05,105.05,-4.75
1806,Kab/Kota Dummy 18-06,Lampung,Sumatera,2024,76.0,8.69,211538,1481.7,142.8,18.39,105.05,-4.75
1806,Kab/Kota Dummy 18-06,Lampung,Sumatera,2025,76.09,6.2,213591,1481.7,144.1,13.24,105.05,-4.75
1807,Kab/Kota Dummy 18-07,Lampung,Sumatera,2021,78.9,4.14,302360,483.2,625.7,12.52,105.35,-4.75
1807,Kab/Kota Dummy 18-07,Lampung,Sumatera,2022,81.03,3.18,305384,483.2,632.0,9.7,105.35,-4.75
1807,Kab/Kota Dummy 18-07,Lampung,Sumatera,2023,81.22,3.41,308408,483.2,638.2,10.52,105.35,-4.75
1807,Kab/Kota Dummy 18-07,Lampung,Sumatera,2024,82.98,3.9,311431,483.2,644.5,12.16,105.35,-4.75
1807,Kab/Kota Dummy 18-07,Lampung,Sumatera,2025,82.21,3.06,314455,483.2,650.7,9.62,105.35,-4.75
1808,Kab/Kota Dummy 18-08,Lampung,Sumatera,2021,72.33,9.71,276064,3125.6,88.3,26.81,105.65,-4.75
1808,Kab/Kota Dummy 18-08,Lampung,Sumatera,2022,71.36,10.3,278825,3125.6,89.2,28.72,105.65,-4.75
1808,Kab/Kota Dummy 18-08,Lampung,Sumatera,2023,73.36,9.65,281586,3125.6,90.1,27.18,105.65,-4.75
1808,Kab/Kota Dummy 18-08,Lampung,Sumatera,2024,74.59,9.65,284346,3125.6,91.0,27.44,105.65,-4.75
1808,Kab/Kota Dummy 18-08,Lampung,Sumatera,2025,73.79,8.3,287107,3125.6,91.9,23.84,105.65,-4.75
1809,Kab/Kota Dummy 18-09,Lampung,Sumatera,2021,72.81,7.93,385188,204.3,1885.6,30.56,104.75,-5.05
1809,Kab/Kota Dummy 18-09,Lampung,Sumatera,2022,74.66,7.51,389040,204.3,1904.4,29.21,104.75,-5.05
1809,Kab/Kota Dummy 18-09,Lampung,Sumatera,2023,74.71,7.92,392892,204.3,1923.3,31.1,104.75,-5.05
1809,Kab/Kota Dummy 18-09,Lampung,Sumatera,2024,76.24,6.23,396744,204.3,1942.1,24.72,104.75,-5.05
1809,Kab/Kota Dummy 18-09,Lampung,Sumatera,2025,77.02,6.65,400595,204.3,1961.0,26.65,104.75,-5.05
1810,Kab/Kota Dummy 18-10,Lampung,Sumatera,2021,70.87,8.8,192320,2270.2,84.7,16.92,105.05,-5.05
1810,Kab/Kota Dummy 18-10,Lampung,Sumatera,2022,72.84,10.38,194243,2270.2,85.6,20.16,105.05,-5.05
1810,Kab/Kota Dummy 18-10,Lampung,Sumatera,2023,72.52,10.04,196166,2270.2,86.4,19.7,105.05,-5.05
1810,Kab/Kota Dummy 18-10,Lampung,Sumatera,2024,73.72,8.94,198089,2270.2,87.3,17.72,105.05,-5.05
1810,Kab/Kota Dummy 18-10,Lampung,Sumatera,2025,75.0,8.24,200012,2270.2,88.1,16.48,105.05,-5.05
1811,Kab/Kota Dummy 18-11,Lampung,Sumatera,2021,68.91,11.73,75588,816.1,92.6,8.87,105.35,-5.05
1811,Kab/Kota Dummy 18-11,Lampung,Sumatera,2022,70.52,12.46,76344,816.1,93.5,9.51,105.35,-5.05
1811,Kab/Kota Dummy 18-11,Lampung,Sumatera,2023,71.41,10.68,77100,816.1,94.5,8.24,105.35,-5.05
1811,Kab/Kota Dummy 18-11,Lampung,Sumatera,2024,70.75,12.18,77856,816.1,95.4,9.48,105.35,-5.05
1811,Kab/Kota Dummy 18-11,Lampung,Sumatera,2025,72.46,10.5,78612,816.1,96.3,8.26,105.35,-5.05
1812,Kab/Kota Dummy 18-12,Lampung,Sumatera,2021,66.43,13.27,244402,886.5,275.7,32.44,105.65,-5.05
1812,Kab/Kota Dummy 18-12,Lampung,Sumatera,2022,67.66,14.14,246846,886.5,278.5,34.9,105.65,-5.05
1812,Kab/Kota Dummy 18-12,Lampung,Sumatera,2023,67.88,14.25,249290,886.5,281.2,35.53,105.65,-5.05
1812,Kab/Kota Dummy 18-12,Lampung,Sumatera,2024,69.2,13.1,251734,886.5,284.0,32.99,105.65,-5.05
1812,Kab/Kota Dummy 18-12,Lampung,Sumatera,2025,69.27,13.74,254178,886.5,286.7,34.93,105.65,-5.05
1813,Kab/Kota Dummy 18-13,Lampung,Sumatera,2021,68.03,11.92,377726,415.4,909.2,45.03,104.75,-5.35
1813,Kab/Kota Dummy 18-13,Lampung,Sumatera,2022,68.98,11.67,381503,415.4,918.3,44.54,104.75,-5.35
1813,Kab/Kota Dummy 18-13,Lampung,Sumatera,2023,68.44,11.57,385280,415.4,927.4,44.57,104.75,-5.35
1813,Kab/Kota Dummy 18-13,Lampung,Sumatera,2024,70.96,11.35,389057,415.4,936.5,44.17,104.75,-5.35
1813,Kab/Kota Dummy 18-13,Lampung,Sumatera,2025,71.5,11.85,392835,415.4,945.6,46.54,104.75,-5.35
1814,Kab/Kota Dummy 18-14,Lampung,Sumatera,2021,69.42,12.47,425160,1304.9,325.8,53.0,105.05,-5.35
1814,Kab/Kota Dummy 18-14,Lampung,Sumatera,2022,70.46,11.2,429411,1304.9,329.1,48.08,105.05,-5.35
1814,Kab/Kota Dummy 18-14,Lampung,Sumatera,2023,71.16,12.36,433663,1304.9,332.3,53.59,105.05,-5.35
1814,Kab/Kota Dummy 18-14,Lampung,Sumatera,2024,70.96,11.45,437915,1304.9,335.6,50.15,105.05,-5.35
1814,Kab/Kota Dummy 18-14,Lampung,Sumatera,2025,72.51,10.8,442166,1304.9,338.9,47.76,105.05,-5.35
1815,Kab/Kota Dummy 18-15,Lampung,Sumatera,2021,69.76,10.8,199224,4971.1,40.1,21.52,105.35,-5.35
1815,Kab/Kota Dummy 18-15,Lampung,Sumatera,2022,70.72,11.19,201216,4971.1,40.5,22.51,105.35,-5.35
1815,Kab/Kota Dummy 18-15,Lampung,Sumatera,2023,70.8,10.89,203208,4971.1,40.9,22.12,105.35,-5.35
1815,Kab/Kota Dummy 18-15,Lampung,Sumatera,2024,73.04,10.79,205200,4971.1,41.3,22.15,105.35,-5.35
1815,Kab/Kota Dummy 18-15,Lampung,Sumatera,2025,73.38,10.65,207192,4971.1,41.7,22.07,105.35,-5.35
1901,Kab/Kota Dummy 19-01,Kepulauan Bangka Belitung,Sumatera,2021,77.92,6.4,614612,1500.4,409.6,39.33,106.0,-1.9
1901,Kab/Kota Dummy 19-01,Kepulauan Bangka Belitung,Sumatera,2022,77.3,5.56,620758,1500.4,413.7,34.5,106.0,-1.9
1901,Kab/Kota Dummy 19-01,Kepulauan Bangka Belitung,Sumatera,2023,78.53,5.88,626904,1500.4,417.8,36.88,106.0,-1.9
1901,Kab/Kota Dummy 19-01,Kepulauan Bangka Belitung,Sumatera,2024,79.29,5.36,633050,1500.4,421.9,33.95,106.0,-1.9
1901,Kab/Kota Dummy 19-01,Kepulauan Bangka Belitung,Sumatera,2025,80.01,3.62,639196,1500.4,426.0,23.13,106.0,-1.9
1902,Kab/Kota Dummy 19-02,Kepulauan Bangka Belitung,Sumatera,2021,69.82,10.87,797291,278.6,2862.3,86.64,106.3,-1.9
1902,Kab/Kota Dummy 19-02,Kepulauan Bangka Belitung,Sumatera,2022,70.89,11.33,805264,278.6,2890.9,91.22,106.3,-1.9
1902,Kab/Kota Dummy 19-02,Kepulauan Bangka Belitung,Sumatera,2023,72.1,11.01,813237,278.6,2919.5,89.54,106.3,-1.9
1902,Kab/Kota Dummy 19-02,Kepulauan Bangka Belitung,Sumatera,2024,72.39,10.26,821210,278.6,2948.1,84.25,106.3,-1.9
1902,Kab/Kota Dummy 19-02,Kepulauan Bangka Belitung,Sumatera,2025,73.47,9.83,829183,278.6,2976.7,81.49,106.3,-1.9
1903,Kab/Kota Dummy 19-03,Kepulauan Bangka Belitung,Sumatera,2021,70.94,9.67,295410,737.6,400.5,28.57,106.6,-1.9
1903,Kab/Kota Dummy 19-03,Kepulauan Bangka Belitung,Sumatera,2022,72.51,9.42,298364,737.6,404.5,28.11,106.6,-1.9
1903,Kab/Kota Dummy 19-03,Kepulauan Bangka Belitung,Sumatera,2023,73.13,9.79,301318,737.6,408.5,29.5,106.6,-1.9
1903,Kab/Kota Dummy 19-03,Kepulauan Bangka Belitung,Sumatera,2024,74.12,8.13,304273,737.6,412.5,24.73,106.6,-1.9
1903,Kab/Kota Dummy 19-03,Kepulauan Bangka Belitung,Sumatera,2025,74.48,8.31,307227,737.6,416.5,25.54,106.6,-1.9
1904,Kab/Kota Dummy 19-04,Kepulauan Bangka Belitung,Sumatera,2021,71.77,9.07,1697875,1200.4,1414.4,154.01,106.0,-2.2
1904,Kab/Kota Dummy 19-04,Kepulauan Bangka Belitung,Sumatera,2022,73.08,8.94,1714854,1200.4,1428.6,153.25,106.0,-2.2
1904,Kab/Kota Dummy 19-04,Kepulauan Bangka Belitung,Sumatera,2023,73.52,8.86,1731833,1200.4,1442.7,153.47,106.0,-2.2
1904,Kab/Kota Dummy 19-04,Kepulauan Bangka Belitung,Sumatera,2024,74.25,9.49,1748811,1200.4,1456.9,165.93,106.0,-2.2
1904,Kab/Kota Dummy 19-04,Kepulauan Bangka Belitung,Sumatera,2025,74.81,8.76,1765790,1200.4,1471.0,154.76,106.0,-2.2
1905,Kab/Kota Dummy 19-05,Kepulauan Bangka Belitung,Sumatera,2021,77.65,6.22,264937,712.7,371.8,16.49,106.3,-2.2
1905,Kab/Kota Dummy 19-05,Kepulauan Bangka Belitung,Sumatera,2022,78.32,5.7,267587,712.7,375.5,15.25,106.3,-2.2
1905,Kab/Kota Dummy 19-05,Kepulauan Bangka Belitung,Sumatera,2023,78.3,4.93,270236,712.7,379.2,13.33,106.3,-2.2
1905,Kab/Kota Dummy 19-05,Kepulauan Bangka Belitung,Sumatera,2024,79.32,5.97,272886,712.7,382.9,16.29,106.3,-2.2
1905,Kab/Kota Dummy 19-05,Kepulauan Bangka Belitung,Sumatera,2025,80.86,4.63,275535,712.7,386.6,12.76,106.3,-2.2
1906,Kab/Kota Dummy 19-06,Kepulauan Bangka Belitung,Sumatera,2021,73.57,9.21,261127,809.8,322.4,24.04,106.6,-2.2
1906,Kab/Kota Dummy 19-06,Kepulauan Bangka Belitung,Sumatera,2022,74.35,8.69,263738,809.8,325.7,22.91,106.6,-2.2
1906,Kab/Kota Dummy 19-06,Kepulauan Bangka Belitung,Sumatera,2023,74.63,7.87,266349,809.8,328.9,20.96,106.6,-2.2
1906,Kab/Kota Dummy 19-06,Kepulauan Bangka Belitung,Sumatera,2024,75.59,8.63,268961,809.8,332.1,23.22,106.6,-2.2
1906,Kab/Kota Dummy 19-06,Kepulauan Bangka Belitung,Sumatera,2025,75.16,7.75,271572,809.8,335.3,21.03,106.6,-2.2
1907,Kab/Kota Dummy 19-07,Kepulauan Bangka Belitung,Sumatera,2021,74.31,8.57,443238,1549.8,286.0,37.96,106.0,-2.5
1907,Kab/Kota Dummy 19-07,Kepulauan Bangka Belitung,Sumatera,2022,76.48,7.6,447671,1549.8,288.9,34.04,106.0,-2.5
1907,Kab/Kota Dummy 19-07,Kepulauan Bangka Belitung,Sumatera,2023,77.44,8.12,452103,1549.8,291.7,36.7,106.0,-2.5
1907,Kab/Kota Dummy 19-07,Kepulauan Bangka Belitung,Sumatera,2024,77.05,5.84,456536,1549.8,294.6,26.67,106.0,-2.5
1907,Kab/Kota Dummy 19-07,Kepulauan Bangka Belitung,Sumatera,2025,78.46,6.52,460968,1549.8,297.4,30.06,106.0,-2.5
2001,Kab/Kota Dummy 20-01,Kepulauan Riau,Sumatera,2021,76.65,5.35,183273,1551.2,118.2,9.8,104.6,1.2
2001,Kab/Kota Dummy 20-01,Kepulauan Riau,Sumatera,2022,77.33,4.83,185106,1551.2,119.3,8.94,104.6,1.2
2001,Kab/Kota Dummy 20-01,Kepulauan Riau,Sumatera,2023,77.53,5.0,186939,1551.2,120.5,9.34,104.6,1.2
2001,Kab/Kota Dummy 20-01,Kepulauan Riau,Sumatera,2024,78.89,5.99,188772,1551.2,121.7,11.31,104.6,1.2
2001,Kab/Kota Dummy 20-01,Kepulauan Riau,Sumatera,2025,78.33,4.39,190604,1551.2,122.9,8.37,104.6,1.2
2002,Kab/Kota Dummy 20-02,Kepulauan Riau,Sumatera,2021,75.32,7.28,120463,8353.7,14.4,8.77,104.9,1.2
2002,Kab/Kota Dummy 20-02,Kepulauan Riau,Sumatera,2022,76.18,6.99,121668,8353.7,14.6,8.5,104.9,1.2
2002,Kab/Kota Dummy 20-02,Kepulauan Riau,Sumatera,2023,78.51,7.16,122872,8353.7,14.7,8.8,104.9,1.2
2002,Kab/Kota Dummy 20-02,Kepulauan Riau,Sumatera,2024,77.83,7.01,124077,8353.7,14.9,8.7,104.9,1.2
2002,Kab/Kota Dummy 20-02,Kepulauan Riau,Sumatera,2025,78.62,5.22,125282,8353.7,15.0,6.54,104.9,1.2
2003,Kab/Kota Dummy 20-03,Kepulauan Riau,Sumatera,2021,80.28,3.01,324645,1349.2,240.6,9.77,105.2,1.2
2003,Kab/Kota Dummy 20-03,Kepulauan Riau,Sumatera,2022,81.76,2.45,327891,1349.2,243.0,8.05,105.2,1.2
2003,Kab/Kota Dummy 20-03,Kepulauan Riau,Sumatera,2023,82.11,2.33,331138,1349.2,245.4,7.7,105.2,1.2
2003,Kab/Kota Dummy 20-03,Kepulauan Riau,Sumatera,2024,83.15,2.11,334384,1349.2,247.8,7.05,105.2,1.2
2003,Kab/Kota Dummy 20-03,Kepulauan Riau,Sumatera,2025,83.65,1.82,337631,1349.2,250.2,6.14,105.2,1.2
2004,Kab/Kota Dummy 20-04,Kepulauan Riau,Sumatera,2021,76.62,5.72,242378,1382.9,175.3,13.87,104.6,0.9
2004,Kab/Kota Dummy 20-04,Kepulauan Riau,Sumatera,2022,76.56,6.27,244802,1382.9,177.0,15.35,104.6,0.9
2004,Kab/Kota Dummy 20-04,Kepulauan Riau,Sumatera,2023,78.59,5.73,247226,1382.9,178.8,14.18,104.6,0.9
2004,Kab/Kota Dummy 20-04,Kepulauan Riau,Sumatera,2024,78.76,5.32,249649,1382.9,180.5,13.27,104.6,0.9
2004,Kab/Kota Dummy 20-04,Kepulauan Riau,Sumatera,2025,80.36,5.67,252073,1382.9,182.3,14.29,104.6,0.9
2005,Kab/Kota Dummy 20-05,Kepulauan Riau,Sumatera,2021,75.96,6.44,341431,277.7,1229.5,21.97,104.9,0.9
2005,Kab/Kota Dummy 20-05,Kepulauan Riau,Sumatera,2022,76.72,5.92,344846,277.7,1241.8,20.41,104.9,0.9
2005,Kab/Kota Dummy 20-05,Kepulauan Riau,Sumatera,2023,79.45,5.96,348260,277.7,1254.1,20.77,104.9,0.9
2005,Kab/Kota Dummy 20-05,Kepulauan Riau,Sumatera,2024,78.59,4.85,351674,277.7,1266.4,17.07,104.9,0.9
2005,Kab/Kota Dummy 20-05,Kepulauan Riau,Sumatera,2025,79.34,3.87,355089,277.7,1278.7,13.72,104.9,0.9
2006,Kab/Kota Dummy 20-06,Kepulauan Riau,Sumatera,2021,75.91,6.72,104712,1329.6,78.8,7.04,105.2,0.9
2006,Kab/Kota Dummy 20-06,Kepulauan Riau,Sumatera,2022,76.61,6.34,105760,1329.6,79.5,6.71,105.2,0.9
2006,Kab/Kota Dummy 20-06,Kepulauan Riau,Sumatera,2023,76.36,6.32,106807,1329.6,80.3,6.75,105.2,0.9
2006,Kab/Kota Dummy 20-06,Kepulauan Riau,Sumatera,2024,78.67,5.36,107854,1329.6,81.1,5.78,105.2,0.9
2006,Kab/Kota Dummy 20-06,Kepulauan Riau,Sumatera,2025,78.9,6.05,108901,1329.6,81.9,6.58,105.2,0.9
2007,Kab/Kota Dummy 20-07,Kepulauan Riau,Sumatera,2021,71.91,10.72,251096,2427.1,103.5,26.93,104.6,0.6
2007,Kab/Kota Dummy 20-07,Kepulauan Riau,Sumatera,2022,72.49,10.18,253607,2427.1,104.5,25.82,104.6,0.6
2007,Kab/Kota Dummy 20-07,Kepulauan Riau,Sumatera,2023,73.7,9.22,256118,2427.1,105.5,23.62,104.6,0.6
2007,Kab/Kota Dummy 20-07,Kepulauan Riau,Sumatera,2024,73.96,8.64,258629,2427.1,106.6,22.34,104.6,0.6
2007,Kab/Kota Dummy 20-07,Kepulauan Riau,Sumatera,2025,75.23,8.84,261140,2427.1,107.6,23.09,104.6,0.6
2101,Kab/Kota Dummy 21-01,DKI Jakarta,Jawa,2021,81.22,4.04,197163,4958.2,39.8,7.97,106.5,-6.05
2101,Kab/Kota Dummy 21-01,DKI Jakarta,Jawa,2022,81.69,2.87,199135,4958.2,40.2,5.72,106.5,-6.05
2101,Kab/Kota Dummy 21-01,DKI Jakarta,Jawa,2023,82.62,3.28,201106,4958.2,40.6,6.59,106.5,-6.05
2101,Kab/Kota Dummy 21-01,DKI Jakarta,Jawa,2024,82.94,3.0,203078,4958.2,41.0,6.09,106.5,-6.05
2101,Kab/Kota Dummy 21-01,DKI Jakarta,Jawa,2025,82.3,3.01,205050,4958.2,41.4,6.17,106.5,-6.05
2102,Kab/Kota Dummy 21-02,DKI Jakarta,Jawa,2021,76.63,6.88,617526,1494.2,413.3,42.48,106.8,-6.05
2102,Kab/Kota Dummy 21-02,DKI Jakarta,Jawa,2022,77.78,6.82,623701,1494.2,417.4,42.57,106.8,-6.05
2102,Kab/Kota Dummy 21-02,DKI Jakarta,Jawa,2023,78.42,5.76,629876,1494.2,421.5,36.29,106.8,-6.05
2102,Kab/Kota Dummy 21-02,DKI Jakarta,Jawa,2024,78.74,5.47,636052,1494.2,425.7,34.77,106.8,-6.05
2102,Kab/Kota Dummy 21-02,DKI Jakarta,Jawa,2025,80.55,5.52,642227,1494.2,429.8,35.42,106.8,-6.05
2103,Kab/Kota Dummy 21-03,DKI Jakarta,Jawa,2021,76.3,4.09,520918,875.0,595.4,21.31,107.1,-6.05
2103,Kab/Kota Dummy 21-03,DKI Jakarta,Jawa,2022,76.85,6.0,526127,875.0,601.3,31.58,107.1,-6.05
2103,Kab/Kota Dummy 21-03,DKI Jakarta,Jawa,2023,78.96,5.72,531336,875.0,607.3,30.38,107.1,-6.05
2103,Kab/Kota Dummy 21-03,DKI Jakarta,Jawa,2024,79.39,5.23,536545,875.0,613.2,28.05,107.1,-6.05
2103,Kab/Kota Dummy 21-03,DKI Jakarta,Jawa,2025,78.79,4.78,541754,875.0,619.2,25.92,107.1,-6.05
2104,Kab/Kota Dummy 21-04,DKI Jakarta,Jawa,2021,77.06,6.28,365180,314.4,1161.6,22.94,106.5,-6.35
2104,Kab/Kota Dummy 21-04,DKI Jakarta,Jawa,2022,77.71,6.83,368832,314.4,1173.2,25.21,106.5,-6.35
2104,Kab/Kota Dummy 21-04,DKI Jakarta,Jawa,2023,78.42,4.64,372483,314.4,1184.8,17.27,106.5,-6.35
2104,Kab/Kota Dummy 21-04,DKI Jakarta,Jawa,2024,78.25,3.9,376135,314.4,1196.5,14.66,106.5,-6.35
2104,Kab/Kota Dummy 21-04,DKI Jakarta,Jawa,2025,80.28,5.14,379787,314.4,1208.1,19.51,106.5,-6.35
2105,Kab/Kota Dummy 21-05,DKI Jakarta,Jawa,2021,85.36,1.0,805192,166.5,4837.0,8.05,106.8,-6.35
2105,Kab/Kota Dummy 21-05,DKI Jakarta,Jawa,2022,85.78,1.0,813244,166.5,4885.4,8.13,106.8,-6.35
2105,Kab/Kota Dummy 21-05,DKI Jakarta,Jawa,2023,86.54,1.0,821296,166.5,4933.8,8.21,106.8,-6.35
2105,Kab/Kota Dummy 21-05,DKI Jakarta,Jawa,2024,88.19,1.0,829348,166.5,4982.1,8.29,106.8,-6.35
2105,Kab/Kota Dummy 21-05,DKI Jakarta,Jawa,2025,88.93,1.0,837400,166.5,5030.5,8.37,106.8,-6.35
2106,Kab/Kota Dummy 21-06,DKI Jakarta,Jawa,2021,75.55,7.22,676337,2190.3,308.8,48.84,107.1,-6.35
2106,Kab/Kota Dummy 21-06,DKI Jakarta,Jawa,2022,76.99,5.54,683101,2190.3,311.9,37.82,107.1,-6.35
2106,Kab/Kota Dummy 21-06,DKI Jakarta,Jawa,2023,78.28,6.19,689864,2190.3,315.0,42.71,107.1,-6.35
2106,Kab/Kota Dummy 21-06,DKI Jakarta,Jawa,2024,78.34,5.35,696628,2190.3,318.0,37.26,107.1,-6.35
2106,Kab/Kota Dummy 21-06,DKI Jakarta,Jawa,2025,79.79,5.15,703391,2190.3,321.1,36.19,107.1,-6.35
2201,Kab/Kota Dummy 22-01,Banten,Jawa,2021,75.87,8.0,296912,2857.0,103.9,23.76,105.3,-6.2
2201,Kab/Kota Dummy 22-01,Banten,Jawa,2022,76.59,8.1,299881,2857.0,105.0,24.3,105.3,-6.2
2201,Kab/Kota Dummy 22-01,Banten,Jawa,2023,77.4,5.17,302850,2857.0,106.0,15.66,105.3,-6.2
2201,Kab/Kota Dummy 22-01,Banten,Jawa,2024,77.57,6.0,305819,2857.0,107.0,18.36,105.3,-6.2
2201,Kab/Kota Dummy 22-01,Banten,Jawa,2025,78.37,5.71,308788,2857.0,108.1,17.62,105.3,-6.2
2202,Kab/Kota Dummy 22-02,Banten,Jawa,2021,73.64,8.46,519192,3006.7,172.7,43.94,105.6,-6.2
2202,Kab/Kota Dummy 22-02,Banten,Jawa,2022,74.15,7.51,524384,3006.7,174.4,39.4,105.6,-6.2
2202,Kab/Kota Dummy 22-02,Banten,Jawa,2023,75.92,7.83,529576,3006.7,176.1,41.45,105.6,-6.2
2202,Kab/Kota Dummy 22-02,Banten,Jawa,2024,76.68,7.3,534768,3006.7,177.9,39.02,105.6,-6.2
2202,Kab/Kota Dummy 22-02,Banten,Jawa,2025,76.5,7.02,539960,3006.7,179.6,37.88,105.6,-6.2
2203,Kab/Kota Dummy 22-03,Banten,Jawa,2021,78.12,6.17,376904,1131.3,333.1,23.25,105.9,-6.2
2203,Kab/Kota Dummy 22-03,Banten,Jawa,2022,79.75,5.2,380673,1131.3,336.5,19.79,105.9,-6.2
2203,Kab/Kota Dummy 22-03,Banten,Jawa,2023,79.23,4.96,384442,1131.3,339.8,19.08,105.9,-6.2
2203,Kab/Kota Dummy 22-03,Banten,Jawa,2024,80.91,3.74,388211,1131.3,343.1,14.53,105.9,-6.2
2203,Kab/Kota Dummy 22-03,Banten,Jawa,2025,80.9,2.89,391981,1131.3,346.5,11.34,105.9,-6.2
2204,Kab/Kota Dummy 22-04,Banten,Jawa,2021,75.76,5.38,263285,1961.6,134.2,14.17,105.3,-6.5
2204,Kab/Kota Dummy 22-04,Banten,Jawa,2022,76.79,6.37,265918,1961.6,135.6,16.94,105.3,-6.5
2204,Kab/Kota Dummy 22-04,Banten,Jawa,2023,77.91,6.09,268551,1961.6,136.9,16.35,105.3,-6.5
2204,Kab/Kota Dummy 22-04,Banten,Jawa,2024,79.08,5.96,271183,1961.6,138.2,16.17,105.3,-6.5
2204,Kab/Kota Dummy 22-04,Banten,Jawa,2025,79.15,5.12,273816,1961.6,139.6,14.03,105.3,-6.5
2205,Kab/Kota Dummy 22-05,Banten,Jawa,2021,77.87,4.73,636319,512.2,1242.3,30.11,105.6,-6.5
2205,Kab/Kota Dummy 22-05,Banten,Jawa,2022,78.48,6.05,642682,512.2,1254.7,38.88,105.6,-6.5
2205,Kab/Kota Dummy 22-05,Banten,Jawa,2023,78.73,4.0,649046,512.2,1267.2,25.98,105.6,-6.5
2205,Kab/Kota Dummy 22-05,Banten,Jawa,2024,79.68,4.27,655409,512.2,1279.6,28.0,105.6,-6.5
2205,Kab/Kota Dummy 22-05,Banten,Jawa,2025,79.8,4.3,661772,512.2,1292.0,28.46,105.6,-6.5
2206,Kab/Kota Dummy 22-06,Banten,Jawa,2021,71.72,10.81,84200,7452.7,11.3,9.1,105.9,-6.5
2206,Kab/Kota Dummy 22-06,Banten,Jawa,2022,72.69,8.96,85042,7452.7,11.4,7.62,105.9,-6.5
2206,Kab/Kota Dummy 22-06,Banten,Jawa,2023,74.02,8.5,85884,7452.7,11.5,7.3,105.9,-6.5
2206,Kab/Kota Dummy 22-06,Banten,Jawa,2024,75.01,7.97,86726,7452.7,11.6,6.91,105.9,-6.5
2206,Kab/Kota Dummy 22-06,Banten,Jawa,2025,75.34,8.87,87568,7452.7,11.8,7.77,105.9,-6.5
2207,Kab/Kota Dummy 22-07,Banten,Jawa,2021,75.23,7.81,237826,1390.7,171.0,18.57,105.3,-6.8
2207,Kab/Kota Dummy 22-07,Banten,Jawa,2022,76.83,5.96,240204,1390.7,172.7,14.31,105.3,-6.8
2207,Kab/Kota Dummy 22-07,Banten,Jawa,2023,76.85,6.91,242583,1390.7,174.4,16.77,105.3,-6.8
2207,Kab/Kota Dummy 22-07,Banten,Jawa,2024,77.82,7.44,244961,1390.7,176.1,18.23,105.3,-6.8
2207,Kab/Kota Dummy 22-07,Banten,Jawa,2025,79.06,6.53,247339,1390.7,177.9,16.15,105.3,-6.8
2208,Kab/Kota Dummy 22-08,Banten,Jawa,2021,73.77,8.84,68552,4101.1,16.7,6.06,105.6,-6.8
2208,Kab/Kota Dummy 22-08,Banten,Jawa,2022,74.0,7.91,69238,4101.1,16.9,5.47,105.6,-6.8
2208,Kab/Kota Dummy 22-08,Banten,Jawa,2023,74.52,7.22,69923,4101.1,17.0,5.05,105.6,-6.8
2208,Kab/Kota Dummy 22-08,Banten,Jawa,2024,75.95,8.43,70609,4101.1,17.2,5.95,105.6,-6.8
2208,Kab/Kota Dummy 22-08,Banten,Jawa,2025,77.02,8.53,71294,4101.1,17.4,6.08,105.6,-6.8
2301,Kab/Kota Dummy 23-01,Jawa Barat,Jawa,2021,71.71,12.93,1151250,122.3,9415.0,148.87,107.45,-6.5
2301,Kab/Kota Dummy 23-01,Jawa Barat,Jawa,2022,71.7,10.86,1162762,122.3,9509.1,126.33,107.45,-6.5
2301,Kab/Kota Dummy 23-01,Jawa Barat,Jawa,2023,71.83,9.91,1174275,122.3,9603.3,116.36,107.45,-6.5
2301,Kab/Kota Dummy 23-01,Jawa Barat,Jawa,2024,73.15,9.38,1185787,122.3,9697.4,111.2,107.45,-6.5
2301,Kab/Kota Dummy 23-01,Jawa Barat,Jawa,2025,73.82,8.76,1197300,122.3,9791.6,104.9,107.45,-6.5
2302,Kab/Kota Dummy 23-02,Jawa Barat,Jawa,2021,74.12,7.9,424236,84.2,5039.9,33.51,107.75,-6.5
2302,Kab/Kota Dummy 23-02,Jawa Barat,Jawa,2022,74.23,7.19,428478,84.2,5090.3,30.82,107.75,-6.5
2302,Kab/Kota Dummy 23-02,Jawa Barat,Jawa,2023,76.52,7.07,432721,84.2,5140.7,30.59,107.75,-6.5
2302,Kab/Kota Dummy 23-02,Jawa Barat,Jawa,2024,77.54,7.37,436963,84.2,5191.1,32.21,107.75,-6.5
2302,Kab/Kota Dummy 23-02,Jawa Barat,Jawa,2025,77.93,5.88,441205,84.2,5241.5,25.92,107.75,-6.5
2303,Kab/Kota Dummy 23-03,Jawa Barat,Jawa,2021,77.26,5.75,584806,109.3,5348.1,33.64,108.05,-6.5
2303,Kab/Kota Dummy 23-03,Jawa Barat,Jawa,2022,76.63,7.23,590654,109.3,5401.6,42.69,108.05,-6.5
2303,Kab/Kota Dummy 23-03,Jawa Barat,Jawa,2023,77.72,6.2,596502,109.3,5455.1,36.98,108.05,-6.5
2303,Kab/Kota Dummy 23-03,Jawa Barat,Jawa,2024,78.45,6.07,602351,109.3,5508.6,36.58,108.05,-6.5
2303,Kab/Kota Dummy 23-03,Jawa Barat,Jawa,2025,79.89,4.39,608199,109.3,5562.0,26.69,108.05,-6.5
2304,Kab/Kota Dummy 23-04,Jawa Barat,Jawa,2021,74.22,6.67,233364,651.2,358.3,15.56,108.35,-6.5
2304,Kab/Kota Dummy 23-04,Jawa Barat,Jawa,2022,73.45,8.39,235698,651.2,361.9,19.78,108.35,-6.5
2304,Kab/Kota Dummy 23-04,Jawa Barat,Jawa,2023,75.19,7.1,238031,651.2,365.5,16.89,108.35,-6.5
2304,Kab/Kota Dummy 23-04,Jawa Barat,Jawa,2024,76.47,8.47,240365,651.2,369.1,20.36,108.35,-6.5
2304,Kab/Kota Dummy 23-04,Jawa Barat,Jawa,2025,77.12,7.81,242699,651.2,372.7,18.97,108.35,-6.5
2305,Kab/Kota Dummy 23-05,Jawa Barat,Jawa,2021,73.55,7.28,385759,988.7,390.2,28.07,108.65,-6.5
2305,Kab/Kota Dummy 23-05,Jawa Barat,Jawa,2022,73.41,8.28,389616,988.7,394.1,32.27,108.65,-6.5
2305,Kab/Kota Dummy 23-05,Jawa Barat,Jawa,2023,75.54,7.95,393474,988.7,398.0,31.27,108.65,-6.5
2305,Kab/Kota Dummy 23-05,Jawa Barat,Jawa,2024,75.6,7.18,397331,988.7,401.9,28.54,108.65,-6.5
2305,Kab/Kota Dummy 23-05,Jawa Barat,Jawa,2025,76.13,7.19,401189,988.7,405.8,28.83,108.65,-6.5
2306,Kab/Kota Dummy 23-06,Jawa Barat,Jawa,2021,76.36,6.94,805679,110.6,7283.2,55.94,108.95,-6.5
2306,Kab/Kota Dummy 23-06,Jawa Barat,Jawa,2022,76.48,6.11,813736,110.6,7356.0,49.69,108.95,-6.5
2306,Kab/Kota Dummy 23-06,Jawa Barat,Jawa,2023,78.51,6.04,821792,110.6,7428.9,49.66,108.95,-6.5
2306,Kab/Kota Dummy 23-06,Jawa Barat,Jawa,2024,79.38,5.5,829849,110.6,7501.7,45.63,108.95,-6.5
2306,Kab/Kota Dummy 23-06,Jawa Barat,Jawa,2025,79.75,5.97,837906,110.6,7574.5,50.01,108.95,-6.5
2307,Kab/Kota Dummy 23-07,Jawa Barat,Jawa,2021,77.56,6.57,188799,2370.4,79.6,12.41,107.45,-6.8
2307,Kab/Kota Dummy 23-07,Jawa Barat,Jawa,2022,78.74,6.32,190687,2370.4,80.4,12.04,107.45,-6.8
2307,Kab/Kota Dummy 23-07,Jawa Barat,Jawa,2023,79.77,4.26,192575,2370.4,81.2,8.2,107.45,-6.8
2307,Kab/Kota Dummy 23-07,Jawa Barat,Jawa,2024,80.05,4.98,194463,2370.4,82.0,9.68,107.45,-6.8
2307,Kab/Kota Dummy 23-07,Jawa Barat,Jawa,2025,80.91,4.28,196351,2370.4,82.8,8.41,107.45,-6.8
2308,Kab/Kota Dummy 23-08,Jawa Barat,Jawa,2021,79.16,5.02,881374,62.3,14144.1,44.25,107.75,-6.8
2308,Kab/Kota Dummy 23-08,Jawa Barat,Jawa,2022,78.23,5.23,890188,62.3,14285.6,46.58,107.75,-6.8
2308,Kab/Kota Dummy 23-08,Jawa Barat,Jawa,2023,79.18,5.06,899001,62.3,14427.0,45.5,107.75,-6.8
2308,Kab/Kota Dummy 23-08,Jawa Barat,Jawa,2024,80.53,3.18,907815,62.3,14568.4,28.84,107.75,-6.8
2308,Kab/Kota Dummy 23-08,Jawa Barat,Jawa,2025,81.82,4.88,916629,62.3,14709.9,44.75,107.75,-6.8
2309,Kab/Kota Dummy 23-09,Jawa Barat,Jawa,2021,80.23,5.54,403523,157.3,2565.2,22.36,108.05,-6.8
2309,Kab/Kota Dummy 23-09,Jawa Barat,Jawa,2022,80.18,2.92,407558,157.3,2590.8,11.92,108.05,-6.8
2309,Kab/Kota Dummy 23-09,Jawa Barat,Jawa,2023,81.3,3.26,411593,157.3,2616.5,13.41,108.05,-6.8
2309,Kab/Kota Dummy 23-09,Jawa Barat,Jawa,2024,81.63,3.9,415628,157.3,2642.1,16.2,108.05,-6.8
2309,Kab/Kota Dummy 23-09,Jawa Barat,Jawa,2025,82.64,2.63,419664,157.3,2667.8,11.05,108.05,-6.8
2310,Kab/Kota Dummy 23-10,Jawa Barat,Jawa,2021,73.98,8.63,283065,2355.3,120.2,24.43,108.35,-6.8
2310,Kab/Kota Dummy 23-10,Jawa Barat,Jawa,2022,74.25,6.39,285896,2355.3,121.4,18.28,108.35,-6.8
2310,Kab/Kota Dummy 23-10,Jawa Barat,Jawa,2023,75.33,7.68,288726,2355.3,122.6,22.18,108.35,-6.8
2310,Kab/Kota Dummy 23-10,Jawa Barat,Jawa,2024,76.08,8.31,291557,2355.3,123.8,24.23,108.35,-6.8
2310,Kab/Kota Dummy 23-10,Jawa Barat,Jawa,2025,76.53,7.47,294388,2355.3,125.0,21.98,108.35,-6.8
2311,Kab/Kota Dummy 23-11,Jawa Barat,Jawa,2021,72.71,9.66,477857,8986.6,53.2,46.15,108.65,-6.8
2311,Kab/Kota Dummy 23-11,Jawa Barat,Jawa,2022,73.12,9.36,482636,8986.6,53.7,45.18,108.65,-6.8
2311,Kab/Kota Dummy 23-11,Jawa Barat,Jawa,2023,73.78,8.22,487414,8986.6,54.2,40.04,108.65,-6.8
2311,Kab/Kota Dummy 23-11,Jawa Barat,Jawa,2024,75.35,8.58,492193,8986.6,54.8,42.22,108.65,-6.8
2311,Kab/Kota Dummy 23-11,Jawa Barat,Jawa,2025,75.63,8.36,496971,8986.6,55.3,41.52,108.65,-6.8
2312,Kab/Kota Dummy 23-12,Jawa Barat,Jawa,2021,71.86,9.79,373357,1071.9,348.3,36.56,108.95,-6.8
2312,Kab/Kota Dummy 23-12,Jawa Barat,Jawa,2022,73.38,8.13,377091,1071.9,351.8,30.67,108.95,-6.8
2312,Kab/Kota Dummy 23-12,Jawa Barat,Jawa,2023,73.7,9.92,380824,1071.9,355.3,37.79,108.95,-6.8
2312,Kab/Kota Dummy 23-12,Jawa Barat,Jawa,2024,75.28,6.88,384558,1071.9,358.8,26.45,108.95,-6.8
2312,Kab/Kota Dummy 23-12,Jawa Barat,Jawa,2025,76.68,8.44,388292,1071.9,362.3,32.78,108.95,-6.8
2313,Kab/Kota Dummy 23-13,Jawa Barat,Jawa,2021,72.62,9.49,298174,2683.9,111.1,28.31,107.45,-7.1
2313,Kab/Kota Dummy 23-13,Jawa Barat,Jawa,2022,72.25,10.08,301155,2683.9,112.2,30.35,107.45,-7.1
2313,Kab/Kota Dummy 23-13,Jawa Barat,Jawa,2023,72.8,10.28,304137,2683.9,113.3,31.26,107.45,-7.1
2313,Kab/Kota Dummy 23-13,Jawa Barat,Jawa,2024,73.61,9.44,307119,2683.9,114.4,28.99,107.45,-7.1
2313,Kab/Kota Dummy 23-13,Jawa Barat,Jawa,2025,74.64,9.42,310101,2683.9,115.5,29.22,107.45,-7.1
2314,Kab/Kota Dummy 23-14,Jawa Barat,Jawa,2021,73.44,8.41,377005,2401.2,157.0,31.69,107.75,-7.1
2314,Kab/Kota Dummy 23-14,Jawa Barat,Jawa,2022,74.73,7.86,380775,2401.2,158.6,29.93,107.75,-7.1
2314,Kab/Kota Dummy 23-14,Jawa Barat,Jawa,2023,75.24,7.93,384545,2401.2,160.1,30.51,107.75,-7.1
2314,Kab/Kota Dummy 23-14,Jawa Barat,Jawa,2024,76.11,7.93,388315,2401.2,161.7,30.81,107.75,-7.1
2314,Kab/Kota Dummy 23-14,Jawa Barat,Jawa,2025,76.65,6.65,392085,2401.2,163.3,26.08,107.75,-7.1
2315,Kab/Kota Dummy 23-15,Jawa Barat,Jawa,2021,71.4,10.91,202277,6159.9,32.8,22.06,108.05,-7.1
2315,Kab/Kota Dummy 23-15,Jawa Barat,Jawa,2022,71.71,9.35,204300,6159.9,33.2,19.09,108.05,-7.1
2315,Kab/Kota Dummy 23-15,Jawa Barat,Jawa,2023,71.26,10.76,206323,6159.9,33.5,22.21,108.05,-7.1
2315,Kab/Kota Dummy 23-15,Jawa Barat,Jawa,2024,73.0,10.11,208345,6159.9,33.8,21.07,108.05,-7.1
2315,Kab/Kota Dummy 23-15,Jawa Barat,Jawa,2025,73.39,9.96,210368,6159.9,34.2,20.96,108.05,-7.1
2316,Kab/Kota Dummy 23-16,Jawa Barat,Jawa,2021,75.13,7.44,162433,1180.5,137.6,12.09,108.35,-7.1
2316,Kab/Kota Dummy 23-16,Jawa Barat,Jawa,2022,76.39,7.33,164057,1180.5,139.0,12.02,108.35,-7.1
2316,Kab/Kota Dummy 23-16,Jawa Barat,Jawa,2023,75.68,7.06,165681,1180.5,140.4,11.7,108.35,-7.1
2316,Kab/Kota Dummy 23-16,Jawa Barat,Jawa,2024,78.24,6.79,167306,1180.5,141.7,11.37,108.35,-7.1
2316,Kab/Kota Dummy 23-16,Jawa Barat,Jawa,2025,78.44,6.29,168930,1180.5,143.1,10.63,108.35,-7.1
2317,Kab/Kota Dummy 23-17,Jawa Barat,Jawa,2021,71.47,9.07,524073,1558.9,336.2,47.54,108.65,-7.1
2317,Kab/Kota Dummy 23-17,Jawa Barat,Jawa,2022,71.57,10.14,529313,1558.9,339.5,53.66,108.65,-7.1
2317,Kab/Kota Dummy 23-17,Jawa Barat,Jawa,2023,74.12,9.69,534554,1558.9,342.9,51.81,108.65,-7.1
2317,Kab/Kota Dummy 23-17,Jawa Barat,Jawa,2024,74.05,9.03,539795,1558.9,346.3,48.74,108.65,-7.1
2317,Kab/Kota Dummy 23-17,Jawa Barat,Jawa,2025,74.44,9.09,545036,1558.9,349.6,49.54,108.65,-7.1
2318,Kab/Kota Dummy 23-18,Jawa Barat,Jawa,2021,75.49,7.37,382604,691.0,553.7,28.22,108.95,-7.1
2318,Kab/Kota Dummy 23-18,Jawa Barat,Jawa,2022,75.65,6.46,386430,691.0,559.3,24.95,108.95,-7.1
2318,Kab/Kota Dummy 23-18,Jawa Barat,Jawa,2023,76.4,7.43,390256,691.0,564.8,29.0,108.95,-7.1
2318,Kab/Kota Dummy 23-18,Jawa Barat,Jawa,2024,77.41,6.76,394082,691.0,570.3,26.63,108.95,-7.1
2318,Kab/Kota Dummy 23-18,Jawa Barat,Jawa,2025,77.6,6.44,397908,691.0,575.9,25.64,108.95,-7.1
2319,Kab/Kota Dummy 23-19,Jawa Barat,Jawa,2021,72.35,9.54,168000,9832.8,17.1,16.03,107.45,-7.4
2319,Kab/Kota Dummy 23-19,Jawa Barat,Jawa,2022,73.42,9.38,169680,9832.8,17.3,15.91,107.45,-7.4
2319,Kab/Kota Dummy 23-19,Jawa Barat,Jawa,2023,74.64,8.59,171360,9832.8,17.4,14.72,107.45,-7.4
2319,Kab/Kota Dummy 23-19,Jawa Barat,Jawa,2024,74.37,8.1,173040,9832.8,17.6,14.02,107.45,-7.4
2319,Kab/Kota Dummy 23-19,Jawa Barat,Jawa,2025,76.51,8.51,174720,9832.8,17.8,14.87,107.45,-7.4
2320,Kab/Kota Dummy 23-20,Jawa Barat,Jawa,2021,74.78,8.41,229617,860.8,266.8,19.31,107.75,-7.4
2320,Kab/Kota Dummy 23-20,Jawa Barat,Jawa,2022,74.95,6.99,231913,860.8,269.4,16.21,107.75,-7.4
2320,Kab/Kota Dummy 23-20,Jawa Barat,Jawa,2023,75.52,7.98,234209,860.8,272.1,18.69,107.75,-7.4
2320,Kab/Kota Dummy 23-20,Jawa Barat,Jawa,2024,76.04,7.09,236505,860.8,274.8,16.78,107.75,-7.4
2320,Kab/Kota Dummy 23-20,Jawa Barat,Jawa,2025,76.94,6.72,238801,860.8,277.4,16.04,107.75,-7.4
2321,Kab/Kota Dummy 23-21,Jawa Barat,Jawa,2021,71.07,9.42,359699,5150.9,69.8,33.88,108.05,-7.4
2321,Kab/Kota Dummy 23-21,Jawa Barat,Jawa,2022,72.05,9.84,363296,5150.9,70.5,35.76,108.05,-7.4
2321,Kab/Kota Dummy 23-21,Jawa Barat,Jawa,2023,73.52,10.2,366893,5150.9,71.2,37.41,108.05,-7.4
2321,Kab/Kota Dummy 23-21,Jawa Barat,Jawa,2024,74.52,9.43,370490,5150.9,71.9,34.95,108.05,-7.4
2321,Kab/Kota Dummy 23-21,Jawa Barat,Jawa,2025,74.78,8.71,374087,5150.9,72.6,32.59,108.05,-7.4
2322,Kab/Kota Dummy 23-22,Jawa Barat,Jawa,2021,79.15,5.46,235795,1280.8,184.1,12.88,108.35,-7.4
2322,Kab/Kota Dummy 23-22,Jawa Barat,Jawa,2022,80.13,3.07,238153,1280.8,185.9,7.3,108.35,-7.4
2322,Kab/Kota Dummy 23-22,Jawa Barat,Jawa,2023,80.8,3.78,240511,1280.8,187.8,9.08,108.35,-7.4
2322,Kab/Kota Dummy 23-22,Jawa Barat,Jawa,2024,81.27,4.13,242869,1280.8,189.6,10.04,108.35,-7.4
2322,Kab/Kota Dummy 23-22,Jawa Barat,Jawa,2025,81.96,2.79,245227,1280.8,191.5,6.85,108.35,-7.4
2323,Kab/Kota Dummy 23-23,Jawa Barat,Jawa,2021,72.53,8.62,63657,4052.9,15.7,5.49,108.65,-7.4
2323,Kab/Kota Dummy 23-23,Jawa Barat,Jawa,2022,75.66,9.17,64294,4052.9,15.9,5.89,108.65,-7.4
2323,Kab/Kota Dummy 23-23,Jawa Barat,Jawa,2023,75.86,7.8,64930,4052.9,16.0,5.06,108.65,-7.4
2323,Kab/Kota Dummy 23-23,Jawa Barat,Jawa,2024,76.09,7.14,65567,4052.9,16.2,4.68,108.65,-7.4
2323,Kab/Kota Dummy 23-23,Jawa Barat,Jawa,2025,76.91,7.93,66204,4052.9,16.3,5.25,108.65,-7.4
2324,Kab/Kota Dummy 23-24,Jawa Barat,Jawa,2021,73.37,8.6,129356,1146.6,112.8,11.12,108.95,-7.4
2324,Kab/Kota Dummy 23-24,Jawa Barat,Jawa,2022,74.85,7.63,130649,1146.6,113.9,9.97,108.95,-7.4
2324,Kab/Kota Dummy 23-24,Jawa Barat,Jawa,2023,75.24,6.87,131943,1146.6,115.1,9.07,108.95,-7.4
2324,Kab/Kota Dummy 23-24,Jawa Barat,Jawa,2024,76.31,6.45,133236,1146.6,116.2,8.59,108.95,-7.4
2324,Kab/Kota Dummy 23-24,Jawa Barat,Jawa,2025,77.32,6.23,134530,1146.6,117.3,8.38,108.95,-7.4
2325,Kab/Kota Dummy 23-25,Jawa Barat,Jawa,2021,70.87,9.99,356484,2051.5,173.8,35.61,107.45,-7.7
2325,Kab/Kota Dummy 23-25,Jawa Barat,Jawa,2022,71.44,10.53,360049,2051.5,175.5,37.93,107.45,-7.7
2325,Kab/Kota Dummy 23-25,Jawa Barat,Jawa,2023,71.43,9.87,363614,2051.5,177.2,35.9,107.45,-7.7
2325,Kab/Kota Dummy 23-25,Jawa Barat,Jawa,2024,72.26,10.1,367178,2051.5,179.0,37.07,107.45,-7.7
2325,Kab/Kota Dummy 23-25,Jawa Barat,Jawa,2025,74.62,10.47,370743,2051.5,180.7,38.82,107.45,-7.7
2326,Kab/Kota Dummy 23-26,Jawa Barat,Jawa,2021,72.59,8.82,231090,790.2,292.4,20.39,107.75,-7.7
2326,Kab/Kota Dummy 23-26,Jawa Barat,Jawa,2022,74.45,8.25,233401,790.2,295.4,19.24,107.75,-7.7
2326,Kab/Kota Dummy 23-26,Jawa Barat,Jawa,2023,74.98,8.12,235712,790.2,298.3,19.14,107.75,-7.7
2326,Kab/Kota Dummy 23-26,Jawa Barat,Jawa,2024,75.48,8.8,238023,790.2,301.2,20.94,107.75,-7.7
2326,Kab/Kota Dummy 23-26,Jawa Barat,Jawa,2025,76.29,8.04,240334,790.2,304.1,19.32,107.75,-7.7
2327,Kab/Kota Dummy 23-27,Jawa Barat,Jawa,2021,72.62,9.08,443459,522.6,848.6,40.26,108.05,-7.7
2327,Kab/Kota Dummy 23-27,Jawa Barat,Jawa,2022,73.24,9.52,447893,522.6,857.1,42.63,108.05,-7.7
2327,Kab/Kota Dummy 23-27,Jawa Barat,Jawa,2023,74.22,8.59,452328,522.6,865.5,38.87,108.05,-7.7
2327,Kab/Kota Dummy 23-27,Jawa Barat,Jawa,2024,74.84,8.73,456763,522.6,874.0,39.86,108.05,-7.7
2327,Kab/Kota Dummy 23-27,Jawa Barat,Jawa,2025,75.78,8.26,461197,522.6,882.5,38.08,108.05,-7.7
2401,Kab/Kota Dummy 24-01,Jawa Tengah,Jawa,2021,72.92,6.98,639860,1373.9,465.7,44.64,110.15,-6.65
2401,Kab/Kota Dummy 24-01,Jawa Tengah,Jawa,2022,73.83,8.79,646258,1373.9,470.4,56.82,110.15,-6.65
2401,Kab/Kota Dummy 24-01,Jawa Tengah,Jawa,2023,74.49,8.32,652657,1373.9,475.0,54.3,110.15,-6.65
2401,Kab/Kota Dummy 24-01,Jawa Tengah,Jawa,2024,75.97,8.09,659056,1373.9,479.7,53.3,110.15,-6.65
2401,Kab/Kota Dummy 24-01,Jawa Tengah,Jawa,2025,76.51,7.41,665454,1373.9,484.4,49.3,110.15,-6.65
2402,Kab/Kota Dummy 24-02,Jawa Tengah,Jawa,2021,67.13,13.81,357982,1335.2,268.1,49.44,110.45,-6.65
2402,Kab/Kota Dummy 24-02,Jawa Tengah,Jawa,2022,68.59,12.51,361562,1335.2,270.8,45.22,110.45,-6.65
2402,Kab/Kota Dummy 24-02,Jawa Tengah,Jawa,2023,70.21,12.42,365141,1335.2,273.5,45.35,110.45,-6.65
2402,Kab/Kota Dummy 24-02,Jawa Tengah,Jawa,2024,71.24,10.8,368721,1335.2,276.2,39.82,110.45,-6.65
2402,Kab/Kota Dummy 24-02,Jawa Tengah,Jawa,2025,71.21,11.16,372301,1335.2,278.8,41.55,110.45,-6.65
2403,Kab/Kota Dummy 24-03,Jawa Tengah,Jawa,2021,65.86,13.66,217258,535.4,405.8,29.68,110.75,-6.65
2403,Kab/Kota Dummy 24-03,Jawa Tengah,Jawa,2022,66.24,15.29,219431,535.4,409.9,33.55,110.75,-6.65
2403,Kab/Kota Dummy 24-03,Jawa Tengah,Jawa,2023,67.45,13.55,221604,535.4,413.9,30.03,110.75,-6.65
2403,Kab/Kota Dummy 24-03,Jawa Tengah,Jawa,2024,67.56,13.99,223776,535.4,418.0,31.31,110.75,-6.65
2403,Kab/Kota Dummy 24-03,Jawa Tengah,Jawa,2025,68.55,13.05,225949,535.4,422.0,29.48,110.75,-6.65
2404,Kab/Kota Dummy 24-04,Jawa Tengah,Jawa,2021,70.74,11.57,238182,2891.5,82.4,27.56,111.05,-6.65
2404,Kab/Kota Dummy 24-04,Jawa Tengah,Jawa,2022,70.26,10.68,240564,2891.5,83.2,25.7,111.05,-6.65
2404,Kab/Kota Dummy 24-04,Jawa Tengah,Jawa,2023,70.85,10.7,242946,2891.5,84.0,25.99,111.05,-6.65
2404,Kab/Kota Dummy 24-04,Jawa Tengah,Jawa,2024,72.99,9.65,245328,2891.5,84.8,23.66,111.05,-6.65
2404,Kab/Kota Dummy 24-04,Jawa Tengah,Jawa,2025,73.51,11.12,247710,2891.5,85.7,27.53,111.05,-6.65
2405,Kab/Kota Dummy 24-05,Jawa Tengah,Jawa,2021,69.75,11.35,314291,1694.4,185.5,35.67,111.35,-6.65
2405,Kab/Kota Dummy 24-05,Jawa Tengah,Jawa,2022,70.25,10.97,317433,1694.4,187.3,34.82,111.35,-6.65
2405,Kab/Kota Dummy 24-05,Jawa Tengah,Jawa,2023,72.31,9.42,320576,1694.4,189.2,30.19,111.35,-6.65
2405,Kab/Kota Dummy 24-05,Jawa Tengah,Jawa,2024,72.64,12.32,323719,1694.4,191.1,39.89,111.35,-6.65
2405,Kab/Kota Dummy 24-05,Jawa Tengah,Jawa,2025,74.03,9.97,326862,1694.4,192.9,32.58,111.35,-6.65
2406,Kab/Kota Dummy 24-06,Jawa Tengah,Jawa,2021,66.95,13.91,454494,5835.3,77.9,63.21,111.65,-6.65
2406,Kab/Kota Dummy 24-06,Jawa Tengah,Jawa,2022,67.59,14.44,459039,5835.3,78.7,66.28,111.65,-6.65
2406,Kab/Kota Dummy 24-06,Jawa Tengah,Jawa,2023,68.42,12.8,463583,5835.3,79.4,59.36,111.65,-6.65
2406,Kab/Kota Dummy 24-06,Jawa Tengah,Jawa,2024,69.34,11.76,468128,5835.3,80.2,55.06,111.65,-6.65
2406,Kab/Kota Dummy 24-06,Jawa Tengah,Jawa,2025,70.19,12.21,472673,5835.3,81.0,57.71,111.65,-6.65
2407,Kab/Kota Dummy 24-07,Jawa Tengah,Jawa,2021,68.95,10.89,632661,1251.1,505.7,68.88,110.15,-6.95
2407,Kab/Kota Dummy 24-07,Jawa Tengah,Jawa,2022,70.2,11.03,638988,1251.1,510.7,70.51,110.15,-6.95
2407,Kab/Kota Dummy 24-07,Jawa Tengah,Jawa,2023,71.17,11.31,645314,1251.1,515.8,72.99,110.15,-6.95
2407,Kab/Kota Dummy 24-07,Jawa Tengah,Jawa,2024,71.67,11.5,651641,1251.1,520.8,74.93,110.15,-6.95
2407,Kab/Kota Dummy 24-07,Jawa Tengah,Jawa,2025,72.76,10.89,657968,1251.1,525.9,71.68,110.15,-6.95
2408,Kab/Kota Dummy 24-08,Jawa Tengah,Jawa,2021,68.42,13.41,499728,678.6,736.5,67.02,110.45,-6.95
2408,Kab/Kota Dummy 24-08,Jawa Tengah,Jawa,2022,69.95,11.25,504726,678.6,743.8,56.76,110.45,-6.95
2408,Kab/Kota Dummy 24-08,Jawa Tengah,Jawa,2023,71.66,12.33,509723,678.6,751.2,62.84,110.45,-6.95
2408,Kab/Kota Dummy 24-08,Jawa Tengah,Jawa,2024,72.19,10.28,514720,678.6,758.5,52.9,110.45,-6.95
2408,Kab/Kota Dummy 24-08,Jawa Tengah,Jawa,2025,73.3,9.67,519718,678.6,765.9,50.28,110.45,-6.95
2409,Kab/Kota Dummy 24-09,Jawa Tengah,Jawa,2021,76.62,6.44,545953,58.1,9403.6,35.13,110.75,-6.95
2409,Kab/Kota Dummy 24-09,Jawa Tengah,Jawa,2022,77.41,5.27,551412,58.1,9497.7,29.08,110.75,-6.95
2409,Kab/Kota Dummy 24-09,Jawa Tengah,Jawa,2023,77.63,5.69,556872,58.1,9591.7,31.68,110.75,-6.95
2409,Kab/Kota Dummy 24-09,Jawa Tengah,Jawa,2024,78.46,6.22,562331,58.1,9685.7,34.99,110.75,-6.95
2409,Kab/Kota Dummy 24-09,Jawa Tengah,Jawa,2025,79.97,4.04,567791,58.1,9779.8,22.95,110.75,-6.95
2410,Kab/Kota Dummy 24-10,Jawa Tengah,Jawa,2021,71.61,10.43,166986,5292.7,31.6,17.42,111.05,-6.95
2410,Kab/Kota Dummy 24-10,Jawa Tengah,Jawa,2022,71.58,9.59,168656,5292.7,31.9,16.17,111.05,-6.95
2410,Kab/Kota Dummy 24-10,Jawa Tengah,Jawa,2023,73.16,9.65,170326,5292.7,32.2,16.43,111.05,-6.95
2410,Kab/Kota Dummy 24-10,Jawa Tengah,Jawa,2024,74.43,9.85,171996,5292.7,32.5,16.93,111.05,-6.95
2410,Kab/Kota Dummy 24-10,Jawa Tengah,Jawa,2025,75.25,9.32,173666,5292.7,32.8,16.18,111.05,-6.95
2411,Kab/Kota Dummy 24-11,Jawa Tengah,Jawa,2021,70.39,10.5,165176,1918.8,86.1,17.35,111.35,-6.95
2411,Kab/Kota Dummy 24-11,Jawa Tengah,Jawa,2022,71.07,10.86,166828,1918.8,86.9,18.12,111.35,-6.95
2411,Kab/Kota Dummy 24-11,Jawa Tengah,Jawa,2023,71.59,10.77,168480,1918.8,87.8,18.15,111.35,-6.95
2411,Kab/Kota Dummy 24-11,Jawa Tengah,Jawa,2024,73.59,11.0,170131,1918.8,88.7,18.72,111.35,-6.95
2411,Kab/Kota Dummy 24-11,Jawa Tengah,Jawa,2025,73.44,10.33,171783,1918.8,89.5,17.75,111.35,-6.95
2412,Kab/Kota Dummy 24-12,Jawa Tengah,Jawa,2021,69.74,11.93,182295,949.1,192.1,21.75,111.65,-6.95
2412,Kab/Kota Dummy 24-12,Jawa Tengah,Jawa,2022,69.69,12.4,184118,949.1,194.0,22.83,111.65,-6.95
2412,Kab/Kota Dummy 24-12,Jawa Tengah,Jawa,2023,71.88,11.38,185941,949.1,195.9,21.17,111.65,-6.95
2412,Kab/Kota Dummy 24-12,Jawa Tengah,Jawa,2024,72.42,9.87,187763,949.1,197.8,18.53,111.65,-6.95
2412,Kab/Kota Dummy 24-12,Jawa Tengah,Jawa,2025,72.79,10.8,189586,949.1,199.8,20.48,111.65,-6.95
2413,Kab/Kota Dummy 24-13,Jawa Tengah,Jawa,2021,69.17,11.73,490518,4098.7,119.7,57.56,110.15,-7.25
2413,Kab/Kota Dummy 24-13,Jawa Tengah,Jawa,2022,70.18,12.43,495423,4098.7,120.9,61.59,110.15,-7.25
2413,Kab/Kota Dummy 24-13,Jawa Tengah,Jawa,2023,71.25,11.64,500328,4098.7,122.1,58.22,110.15,-7.25
2413,Kab/Kota Dummy 24-13,Jawa Tengah,Jawa,2024,73.22,9.66,505233,4098.7,123.3,48.82,110.15,-7.25
2413,Kab/Kota Dummy 24-13,Jawa Tengah,Jawa,2025,73.45,11.06,510139,4098.7,124.5,56.4,110.15,-7.25
2414,Kab/Kota Dummy 24-14,Jawa Tengah,Jawa,2021,67.09,13.03,429260,419.8,1022.6,55.93,110.45,-7.25
2414,Kab/Kota Dummy 24-14,Jawa Tengah,Jawa,2022,67.96,12.29,433553,419.8,1032.9,53.27,110.45,-7.25
2414,Kab/Kota Dummy 24-14,Jawa Tengah,Jawa,2023,68.6,12.87,437845,419.8,1043.1,56.34,110.45,-7.25
2414,Kab/Kota Dummy 24-14,Jawa Tengah,Jawa,2024,70.18,12.21,442138,419.8,1053.3,53.99,110.45,-7.25
2414,Kab/Kota Dummy 24-14,Jawa Tengah,Jawa,2025,70.43,12.31,446431,419.8,1063.6,54.96,110.45,-7.25
2415,Kab/Kota Dummy 24-15,Jawa Tengah,Jawa,2021,70.1,11.38,259372,13187.6,19.7,29.52,110.75,-7.25
2415,Kab/Kota Dummy 24-15,Jawa Tengah,Jawa,2022,70.21,10.29,261966,13187.6,19.9,26.96,110.75,-7.25
2415,Kab/Kota Dummy 24-15,Jawa Tengah,Jawa,2023,71.04,10.85,264560,13187.6,20.1,28.72,110.75,-7.25
2415,Kab/Kota Dummy 24-15,Jawa Tengah,Jawa,2024,71.98,11.37,267153,13187.6,20.3,30.37,110.75,-7.25
2415,Kab/Kota Dummy 24-15,Jawa Tengah,Jawa,2025,71.98,10.08,269747,13187.6,20.5,27.19,110.75,-7.25
2416,Kab/Kota Dummy 24-16,Jawa Tengah,Jawa,2021,73.69,7.67,435233,5986.3,72.7,33.36,111.05,-7.25
2416,Kab/Kota Dummy 24-16,Jawa Tengah,Jawa,2022,75.43,7.56,439585,5986.3,73.4,33.24,111.05,-7.25
2416,Kab/Kota Dummy 24-16,Jawa Tengah,Jawa,2023,75.2,7.3,443937,5986.3,74.2,32.42,111.05,-7.25
2416,Kab/Kota Dummy 24-16,Jawa Tengah,Jawa,2024,76.26,7.81,448290,5986.3,74.9,35.0,111.05,-7.25
2416,Kab/Kota Dummy 24-16,Jawa Tengah,Jawa,2025,76.69,6.44,452642,5986.3,75.6,29.14,111.05,-7.25
2417,Kab/Kota Dummy 24-17,Jawa Tengah,Jawa,2021,71.91,10.42,526486,1210.6,434.9,54.86,111.35,-7.25
2417,Kab/Kota Dummy 24-17,Jawa Tengah,Jawa,2022,73.06,9.33,531751,1210.6,439.2,49.62,111.35,-7.25
2417,Kab/Kota Dummy 24-17,Jawa Tengah,Jawa,2023,72.84,9.81,537016,1210.6,443.6,52.69,111.35,-7.25
2417,Kab/Kota Dummy 24-17,Jawa Tengah,Jawa,2024,73.86,9.76,542280,1210.6,447.9,52.94,111.35,-7.25
2417,Kab/Kota Dummy 24-17,Jawa Tengah,Jawa,2025,74.6,8.87,547545,1210.6,452.3,48.54,111.35,-7.25
2418,Kab/Kota Dummy 24-18,Jawa Tengah,Jawa,2021,75.33,7.87,617350,5763.6,107.1,48.58,111.65,-7.25
2418,Kab/Kota Dummy 24-18,Jawa Tengah,Jawa,2022,75.97,6.33,623524,5763.6,108.2,39.44,111.65,-7.25
2418,Kab/Kota Dummy 24-18,Jawa Tengah,Jawa,2023,77.23,6.26,629697,5763.6,109.3,39.44,111.65,-7.25
2418,Kab/Kota Dummy 24-18,Jawa Tengah,Jawa,2024,77.49,4.78,635871,5763.6,110.3,30.4,111.65,-7.25
2418,Kab/Kota Dummy 24-18,Jawa Tengah,Jawa,2025,78.66,6.47,642044,5763.6,111.4,41.57,111.65,-7.25
2419,Kab/Kota Dummy 24-19,Jawa Tengah,Jawa,2021,72.67,10.36,136413,5802.9,23.5,14.14,110.15,-7.55
2419,Kab/Kota Dummy 24-19,Jawa Tengah,Jawa,2022,72.67,9.64,137777,5802.9,23.7,13.28,110.15,-7.55
2419,Kab/Kota Dummy 24-19,Jawa Tengah,Jawa,2023,73.35,9.77,139141,5802.9,24.0,13.6,110.15,-7.55
2419,Kab/Kota Dummy 24-19,Jawa Tengah,Jawa,2024,73.51,8.12,140506,5802.9,24.2,11.41,110.15,-7.55
2419,Kab/Kota Dummy 24-19,Jawa Tengah,Jawa,2025,75.14,7.97,141870,5802.9,24.4,11.3,110.15,-7.55
2420,Kab/Kota Dummy 24-20,Jawa Tengah,Jawa,2021,66.96,13.47,209453,4086.3,51.3,28.21,110.45,-7.55
2420,Kab/Kota Dummy 24-20,Jawa Tengah,Jawa,2022,67.69,12.63,211548,4086.3,51.8,26.72,110.45,-7.55
2420,Kab/Kota Dummy 24-20,Jawa Tengah,Jawa,2023,67.77,13.45,213643,4086.3,52.3,28.75,110.45,-7.55
2420,Kab/Kota Dummy 24-20,Jawa Tengah,Jawa,2024,69.03,12.43,215737,4086.3,52.8,26.81,110.45,-7.55
2420,Kab/Kota Dummy 24-20,Jawa Tengah,Jawa,2025,69.72,12.74,217832,4086.3,53.3,27.74,110.45,-7.55
2421,Kab/Kota Dummy 24-21,Jawa Tengah,Jawa,2021,69.22,11.14,696146,5367.2,129.7,77.57,110.75,-7.55
2421,Kab/Kota Dummy 24-21,Jawa Tengah,Jawa,2022,70.24,10.55,703108,5367.2,131.0,74.2,110.75,-7.55
2421,Kab/Kota Dummy 24-21,Jawa Tengah,Jawa,2023,71.63,11.06,710069,5367.2,132.3,78.51,110.75,-7.55
2421,Kab/Kota Dummy 24-21,Jawa Tengah,Jawa,2024,71.94,11.82,717031,5367.2,133.6,84.72,110.75,-7.55
2421,Kab/Kota Dummy 24-21,Jawa Tengah,Jawa,2025,73.38,11.56,723992,5367.2,134.9,83.72,110.75,-7.55
2422,Kab/Kota Dummy 24-22,Jawa Tengah,Jawa,2021,68.38,13.05,283231,6844.5,41.4,36.97,111.05,-7.55
2422,Kab/Kota Dummy 24-22,Jawa Tengah,Jawa,2022,69.22,12.12,286063,6844.5,41.8,34.66,111.05,-7.55
2422,Kab/Kota Dummy 24-22,Jawa Tengah,Jawa,2023,68.65,12.24,288896,6844.5,42.2,35.36,111.05,-7.55
2422,Kab/Kota Dummy 24-22,Jawa Tengah,Jawa,2024,69.61,11.92,291728,6844.5,42.6,34.78,111.05,-7.55
2422,Kab/Kota Dummy 24-22,Jawa Tengah,Jawa,2025,70.27,10.88,294560,6844.5,43.0,32.05,111.05,-7.55
2423,Kab/Kota Dummy 24-23,Jawa Tengah,Jawa,2021,74.8,7.62,431136,1015.8,424.5,32.85,111.35,-7.55
2423,Kab/Kota Dummy 24-23,Jawa Tengah,Jawa,2022,75.37,7.14,435448,1015.8,428.7,31.1,111.35,-7.55
2423,Kab/Kota Dummy 24-23,Jawa Tengah,Jawa,2023,76.07,8.49,439759,1015.8,432.9,37.33,111.35,-7.55
2423,Kab/Kota Dummy 24-23,Jawa Tengah,Jawa,2024,76.85,7.27,444070,1015.8,437.2,32.3,111.35,-7.55
2423,Kab/Kota Dummy 24-23,Jawa Tengah,Jawa,2025,77.86,6.87,448382,1015.8,441.4,30.81,111.35,-7.55
2424,Kab/Kota Dummy 24-24,Jawa Tengah,Jawa,2021,76.28,7.75,492477,1501.0,328.1,38.16,111.65,-7.55
2424,Kab/Kota Dummy 24-24,Jawa Tengah,Jawa,2022,76.01,6.4,497402,1501.0,331.4,31.85,111.65,-7.55
2424,Kab/Kota Dummy 24-24,Jawa Tengah,Jawa,2023,77.01,5.44,502327,1501.0,334.7,27.33,111.65,-7.55
2424,Kab/Kota Dummy 24-24,Jawa Tengah,Jawa,2024,78.08,5.86,507251,1501.0,337.9,29.71,111.65,-7.55
2424,Kab/Kota Dummy 24-24,Jawa Tengah,Jawa,2025,78.95,7.35,512176,1501.0,341.2,37.63,111.65,-7.55
2425,Kab/Kota Dummy 24-25,Jawa Tengah,Jawa,2021,69.68,11.71,723558,507.0,1427.2,84.76,110.15,-7.85
2425,Kab/Kota Dummy 24-25,Jawa Tengah,Jawa,2022,70.54,11.16,730793,507.0,1441.4,81.56,110.15,-7.85
2425,Kab/Kota Dummy 24-25,Jawa Tengah,Jawa,2023,70.79,10.55,738029,507.0,1455.7,77.85,110.15,-7.85
2425,Kab/Kota Dummy 24-25,Jawa Tengah,Jawa,2024,72.8,11.37,745265,507.0,1470.0,84.7,110.15,-7.85
2425,Kab/Kota Dummy 24-25,Jawa Tengah,Jawa,2025,73.55,10.81,752500,507.0,1484.3,81.32,110.15,-7.85
2426,Kab/Kota Dummy 24-26,Jawa Tengah,Jawa,2021,65.65,13.06,168397,2711.4,62.1,22.0,110.45,-7.85
2426,Kab/Kota Dummy 24-26,Jawa Tengah,Jawa,2022,66.53,14.62,170081,2711.4,62.7,24.87,110.45,-7.85
2426,Kab/Kota Dummy 24-26,Jawa Tengah,Jawa,2023,67.0,13.34,171765,2711.4,63.3,22.92,110.45,-7.85
2426,Kab/Kota Dummy 24-26,Jawa Tengah,Jawa,2024,68.1,13.55,173449,2711.4,64.0,23.51,110.45,-7.85
2426,Kab/Kota Dummy 24-26,Jawa Tengah,Jawa,2025,67.92,13.3,175133,2711.4,64.6,23.3,110.45,-7.85
2427,Kab/Kota Dummy 24-27,Jawa Tengah,Jawa,2021,72.1,10.34,268187,1095.9,244.7,27.72,110.75,-7.85
2427,Kab/Kota Dummy 24-27,Jawa Tengah,Jawa,2022,72.05,9.81,270869,1095.9,247.2,26.58,110.75,-7.85
2427,Kab/Kota Dummy 24-27,Jawa Tengah,Jawa,2023,74.25,7.77,273551,1095.9,249.6,21.26,110.75,-7.85
2427,Kab/Kota Dummy 24-27,Jawa Tengah,Jawa,2024,74.53,9.06,276233,1095.9,252.1,25.03,110.75,-7.85
2427,Kab/Kota Dummy 24-27,Jawa Tengah,Jawa,2025,75.0,9.42,278915,1095.9,254.5,26.28,110.75,-7.85
2428,Kab/Kota Dummy 24-28,Jawa Tengah,Jawa,2021,66.48,14.52,290557,1626.9,178.6,42.18,111.05,-7.85
2428,Kab/Kota Dummy 24-28,Jawa Tengah,Jawa,2022,66.23,14.97,293463,1626.9,180.4,43.93,111.05,-7.85
2428,Kab/Kota Dummy 24-28,Jawa Tengah,Jawa,2023,67.43,13.98,296368,1626.9,182.2,41.42,111.05,-7.85
2428,Kab/Kota Dummy 24-28,Jawa Tengah,Jawa,2024,69.5,13.62,299274,1626.9,183.9,40.75,111.05,-7.85
2428,Kab/Kota Dummy 24-28,Jawa Tengah,Jawa,2025,69.72,12.17,302179,1626.9,185.7,36.78,111.05,-7.85
2429,Kab/Kota Dummy 24-29,Jawa Tengah,Jawa,2021,73.48,9.0,225652,2371.5,95.2,20.3,111.35,-7.85
2429,Kab/Kota Dummy 24-29,Jawa Tengah,Jawa,2022,74.18,8.77,227908,2371.5,96.1,20.0,111.35,-7.85
2429,Kab/Kota Dummy 24-29,Jawa Tengah,Jawa,2023,75.11,8.86,230165,2371.5,97.1,20.39,111.35,-7.85
2429,Kab/Kota Dummy 24-29,Jawa Tengah,Jawa,2024,75.47,8.52,232421,2371.5,98.0,19.79,111.35,-7.85
2429,Kab/Kota Dummy 24-29,Jawa Tengah,Jawa,2025,75.99,7.68,234678,2371.5,99.0,18.03,111.35,-7.85
2430,Kab/Kota Dummy 24-30,Jawa Tengah,Jawa,2021,69.14,12.58,271116,1634.3,165.9,34.1,111.65,-7.85
2430,Kab/Kota Dummy 24-30,Jawa Tengah,Jawa,2022,69.8,12.37,273828,1634.3,167.6,33.88,111.65,-7.85
2430,Kab/Kota Dummy 24-30,Jawa Tengah,Jawa,2023,70.26,10.64,276539,1634.3,169.2,29.42,111.65,-7.85
2430,Kab/Kota Dummy 24-30,Jawa Tengah,Jawa,2024,71.48,11.4,279250,1634.3,170.9,31.84,111.65,-7.85
2430,Kab/Kota Dummy 24-30,Jawa Tengah,Jawa,2025,71.8,10.46,281961,1634.3,172.5,29.49,111.65,-7.85
2431,Kab/Kota Dummy 24-31,Jawa Tengah,Jawa,2021,67.68,11.75,280347,4755.3,59.0,32.94,110.15,-8.15
2431,Kab/Kota Dummy 24-31,Jawa Tengah,Jawa,2022,69.07,13.01,283150,4755.3,59.5,36.83,110.15,-8.15
2431,Kab/Kota Dummy 24-31,Jawa Tengah,Jawa,2023,69.29,13.09,285953,4755.3,60.1,37.44,110.15,-8.15
2431,Kab/Kota Dummy 24-31,Jawa Tengah,Jawa,2024,70.88,12.39,288757,4755.3,60.7,35.76,110.15,-8.15
2431,Kab/Kota Dummy 24-31,Jawa Tengah,Jawa,2025,71.73,10.58,291560,4755.3,61.3,30.85,110.15,-8.15
2432,Kab/Kota Dummy 24-32,Jawa Tengah,Jawa,2021,72.72,7.89,354790,1312.8,270.3,27.99,110.45,-8.15
2432,Kab/Kota Dummy 24-32,Jawa Tengah,Jawa,2022,74.61,8.23,358338,1312.8,273.0,29.48,110.45,-8.15
2432,Kab/Kota Dummy 24-32,Jawa Tengah,Jawa,2023,75.78,8.08,361886,1312.8,275.7,29.23,110.45,-8.15
2432,Kab/Kota Dummy 24-32,Jawa Tengah,Jawa,2024,75.24,7.24,365434,1312.8,278.4,26.46,110.45,-8.15
2432,Kab/Kota Dummy 24-32,Jawa Tengah,Jawa,2025,76.53,7.64,368982,1312.8,281.1,28.19,110.45,-8.15
2433,Kab/Kota Dummy 24-33,Jawa Tengah,Jawa,2021,74.09,9.64,322904,923.5,349.6,31.14,110.75,-8.15
2433,Kab/Kota Dummy 24-33,Jawa Tengah,Jawa,2022,73.07,8.94,326133,923.5,353.1,29.16,110.75,-8.15
2433,Kab/Kota Dummy 24-33,Jawa Tengah,Jawa,2023,74.32,7.48,329363,923.5,356.6,24.64,110.75,-8.15
2433,Kab/Kota Dummy 24-33,Jawa Tengah,Jawa,2024,74.95,8.42,332592,923.5,360.1,27.99,110.75,-8.15
2433,Kab/Kota Dummy 24-33,Jawa Tengah,Jawa,2025,75.86,7.66,335821,923.5,363.6,25.71,110.75,-8.15
2434,Kab/Kota Dummy 24-34,Jawa Tengah,Jawa,2021,67.88,13.81,236683,4716.7,50.2,32.7,111.05,-8.15
2434,Kab/Kota Dummy 24-34,Jawa Tengah,Jawa,2022,69.9,12.35,239050,4716.7,50.7,29.51,111.05,-8.15
2434,Kab/Kota Dummy 24-34,Jawa Tengah,Jawa,2023,69.38,13.07,241416,4716.7,51.2,31.55,111.05,-8.15
2434,Kab/Kota Dummy 24-34,Jawa Tengah,Jawa,2024,70.64,11.21,243783,4716.7,51.7,27.33,111.05,-8.15
2434,Kab/Kota Dummy 24-34,Jawa Tengah,Jawa,2025,71.18,10.95,246150,4716.7,52.2,26.96,111.05,-8.15
2435,Kab/Kota Dummy 24-35,Jawa Tengah,Jawa,2021,67.74,13.28,374352,2829.4,132.3,49.72,111.35,-8.15
2435,Kab/Kota Dummy 24-35,Jawa Tengah,Jawa,2022,67.98,12.7,378096,2829.4,133.6,48.02,111.35,-8.15
2435,Kab/Kota Dummy 24-35,Jawa Tengah,Jawa,2023,67.45,11.59,381839,2829.4,135.0,44.26,111.35,-8.15
2435,Kab/Kota Dummy 24-35,Jawa Tengah,Jawa,2024,69.67,11.77,385583,2829.4,136.3,45.37,111.35,-8.15
2435,Kab/Kota Dummy 24-35,Jawa Tengah,Jawa,2025,70.35,12.21,389326,2829.4,137.6,47.55,111.35,-8.15
2501,Kab/Kota Dummy 25-01,DI Yogyakarta,Jawa,2021,80.78,2.29,511366,64.5,7929.5,11.69,110.1,-8.75
2501,Kab/Kota Dummy 25-01,DI Yogyakarta,Jawa,2022,82.0,2.16,516480,64.5,8008.8,11.16,110.1,-8.75
2501,Kab/Kota Dummy 25-01,DI Yogyakarta,Jawa,2023,81.89,2.05,521593,64.5,8088.1,10.67,110.1,-8.75
2501,Kab/Kota Dummy 25-01,DI Yogyakarta,Jawa,2024,82.63,3.12,526707,64.5,8167.4,16.45,110.1,-8.75
2501,Kab/Kota Dummy 25-01,DI Yogyakarta,Jawa,2025,83.56,1.35,531821,64.5,8246.7,7.18,110.1,-8.75
2502,Kab/Kota Dummy 25-02,DI Yogyakarta,Jawa,2021,75.99,7.16,274799,1560.1,176.1,19.66,110.4,-8.75
2502,Kab/Kota Dummy 25-02,DI Yogyakarta,Jawa,2022,78.6,6.18,277547,1560.1,177.9,17.15,110.4,-8.75
2502,Kab/Kota Dummy 25-02,DI Yogyakarta,Jawa,2023,78.63,5.69,280295,1560.1,179.7,15.95,110.4,-8.75
2502,Kab/Kota Dummy 25-02,DI Yogyakarta,Jawa,2024,78.75,4.89,283043,1560.1,181.4,13.85,110.4,-8.75
2502,Kab/Kota Dummy 25-02,DI Yogyakarta,Jawa,2025,79.78,5.14,285791,1560.1,183.2,14.69,110.4,-8.75
2503,Kab/Kota Dummy 25-03,DI Yogyakarta,Jawa,2021,83.36,1.63,370488,183.0,2024.4,6.03,110.7,-8.75
2503,Kab/Kota Dummy 25-03,DI Yogyakarta,Jawa,2022,83.05,1.28,374193,183.0,2044.6,4.79,110.7,-8.75
2503,Kab/Kota Dummy 25-03,DI Yogyakarta,Jawa,2023,83.58,1.88,377897,183.0,2064.8,7.11,110.7,-8.75
2503,Kab/Kota Dummy 25-03,DI Yogyakarta,Jawa,2024,84.92,1.0,381602,183.0,2085.1,3.82,110.7,-8.75
2503,Kab/Kota Dummy 25-03,DI Yogyakarta,Jawa,2025,86.1,1.21,385307,183.0,2105.3,4.67,110.7,-8.75
2504,Kab/Kota Dummy 25-04,DI Yogyakarta,Jawa,2021,79.97,2.39,327670,539.3,607.6,7.85,110.1,-9.05
2504,Kab/Kota Dummy 25-04,DI Yogyakarta,Jawa,2022,81.43,2.86,330947,539.3,613.7,9.46,110.1,-9.05
2504,Kab/Kota Dummy 25-04,DI Yogyakarta,Jawa,2023,82.38,2.82,334224,539.3,619.7,9.42,110.1,-9.05
2504,Kab/Kota Dummy 25-04,DI Yogyakarta,Jawa,2024,83.91,2.4,337500,539.3,625.8,8.1,110.1,-9.05
2504,Kab/Kota Dummy 25-04,DI Yogyakarta,Jawa,2025,83.45,2.2,340777,539.3,631.9,7.5,110.1,-9.05
2505,Kab/Kota Dummy 25-05,DI Yogyakarta,Jawa,2021,74.71,7.97,286155,466.6,613.3,22.8,110.4,-9.05
2505,Kab/Kota Dummy 25-05,DI Yogyakarta,Jawa,2022,76.57,7.26,289016,466.6,619.4,20.98,110.4,-9.05
2505,Kab/Kota Dummy 25-05,DI Yogyakarta,Jawa,2023,77.03,7.11,291878,466.6,625.6,20.74,110.4,-9.05
2505,Kab/Kota Dummy 25-05,DI Yogyakarta,Jawa,2024,78.56,6.36,294739,466.6,631.7,18.75,110.4,-9.05
2505,Kab/Kota Dummy 25-05,DI Yogyakarta,Jawa,2025,77.88,6.56,297601,466.6,637.8,19.53,110.4,-9.05
2601,Kab/Kota Dummy 26-01,Jawa Timur,Jawa,2021,69.95,13.2,489349,3426.0,142.8,64.61,112.4,-7.25
2601,Kab/Kota Dummy 26-01,Jawa Timur,Jawa,2022,70.54,10.97,494243,3426.0,144.3,54.2,112.4,-7.25
2601,Kab/Kota Dummy 26-01,Jawa Timur,Jawa,2023,71.74,11.23,499136,3426.0,145.7,56.07,112.4,-7.25
2601,Kab/Kota Dummy 26-01,Jawa Timur,Jawa,2024,72.89,10.84,504029,3426.0,147.1,54.66,112.4,-7.25
2601,Kab/Kota Dummy 26-01,Jawa Timur,Jawa,2025,72.35,10.58,508923,3426.0,148.5,53.84,112.4,-7.25
2602,Kab/Kota Dummy 26-02,Jawa Timur,Jawa,2021,72.79,9.85,407169,627.7,648.6,40.12,112.7,-7.25
2602,Kab/Kota Dummy 26-02,Jawa Timur,Jawa,2022,74.21,9.41,411241,627.7,655.1,38.71,112.7,-7.25
2602,Kab/Kota Dummy 26-02,Jawa Timur,Jawa,2023,74.92,8.01,415312,627.7,661.6,33.28,112.7,-7.25
2602,Kab/Kota Dummy 26-02,Jawa Timur,Jawa,2024,75.46,8.99,419384,627.7,668.1,37.72,112.7,-7.25
2602,Kab/Kota Dummy 26-02,Jawa Timur,Jawa,2025,75.6,8.33,423456,627.7,674.6,35.26,112.7,-7.25
2603,Kab/Kota Dummy 26-03,Jawa Timur,Jawa,2021,78.11,5.36,164170,69.7,2357.1,8.8,113.0,-7.25
2603,Kab/Kota Dummy 26-03,Jawa Timur,Jawa,2022,79.07,6.09,165812,69.7,2380.6,10.1,113.0,-7.25
2603,Kab/Kota Dummy 26-03,Jawa Timur,Jawa,2023,79.21,3.93,167453,69.7,2404.2,6.58,113.0,-7.25
2603,Kab/Kota Dummy 26-03,Jawa Timur,Jawa,2024,79.97,4.82,169095,69.7,2427.8,8.16,113.0,-7.25
2603,Kab/Kota Dummy 26-03,Jawa Timur,Jawa,2025,80.47,4.52,170737,69.7,2451.3,7.72,113.0,-7.25
2604,Kab/Kota Dummy 26-04,Jawa Timur,Jawa,2021,71.7,9.69,173289,19244.7,9.0,16.78,113.3,-7.25
2604,Kab/Kota Dummy 26-04,Jawa Timur,Jawa,2022,72.55,10.48,175021,19244.7,9.1,18.35,113.3,-7.25
2604,Kab/Kota Dummy 26-04,Jawa Timur,Jawa,2023,74.64,10.36,176754,19244.7,9.2,18.32,113.3,-7.25
2604,Kab/Kota Dummy 26-04,Jawa Timur,Jawa,2024,75.69,9.31,178487,19244.7,9.3,16.62,113.3,-7.25
2604,Kab/Kota Dummy 26-04,Jawa Timur,Jawa,2025,73.76,8.53,180220,19244.7,9.4,15.37,113.3,-7.25
2605,Kab/Kota Dummy 26-05,Jawa Timur,Jawa,2021,73.39,7.52,147176,549.7,267.7,11.07,113.6,-7.25
2605,Kab/Kota Dummy 26-05,Jawa Timur,Jawa,2022,74.68,7.83,148648,549.7,270.4,11.64,113.6,-7.25
2605,Kab/Kota Dummy 26-05,Jawa Timur,Jawa,2023,76.38,8.74,150119,549.7,273.1,13.12,113.6,-7.25
2605,Kab/Kota Dummy 26-05,Jawa Timur,Jawa,2024,76.52,7.06,151591,549.7,275.8,10.71,113.6,-7.25
2605,Kab/Kota Dummy 26-05,Jawa Timur,Jawa,2025,77.82,7.92,153063,549.7,278.4,12.12,113.6,-7.25
2606,Kab/Kota Dummy 26-06,Jawa Timur,Jawa,2021,72.97,9.58,402944,2142.3,188.1,38.6,113.9,-7.25
2606,Kab/Kota Dummy 26-06,Jawa Timur,Jawa,2022,74.52,7.37,406973,2142.3,190.0,30.0,113.9,-7.25
2606,Kab/Kota Dummy 26-06,Jawa Timur,Jawa,2023,74.56,7.59,411003,2142.3,191.8,31.19,113.9,-7.25
2606,Kab/Kota Dummy 26-06,Jawa Timur,Jawa,2024,74.89,8.2,415032,2142.3,193.7,34.02,113.9,-7.25
2606,Kab/Kota Dummy 26-06,Jawa Timur,Jawa,2025,75.85,7.6,419061,2142.3,195.6,31.84,113.9,-7.25
2607,Kab/Kota Dummy 26-07,Jawa Timur,Jawa,2021,70.13,11.7,147351,3556.7,41.4,17.24,114.2,-7.25
2607,Kab/Kota Dummy 26-07,Jawa Timur,Jawa,2022,70.26,10.52,148825,3556.7,41.8,15.65,114.2,-7.25
2607,Kab/Kota Dummy 26-07,Jawa Timur,Jawa,2023,71.37,8.85,150298,3556.7,42.3,13.3,114.2,-7.25
2607,Kab/Kota Dummy 26-07,Jawa Timur,Jawa,2024,72.62,10.08,151772,3556.7,42.7,15.29,114.2,-7.25
2607,Kab/Kota Dummy 26-07,Jawa Timur,Jawa,2025,73.23,10.67,153245,3556.7,43.1,16.35,114.2,-7.25
2608,Kab/Kota Dummy 26-08,Jawa Timur,Jawa,2021,74.88,6.87,430290,150.5,2858.8,29.55,112.4,-7.55
2608,Kab/Kota Dummy 26-08,Jawa Timur,Jawa,2022,75.24,7.26,434593,150.5,2887.4,31.57,112.4,-7.55
2608,Kab/Kota Dummy 26-08,Jawa Timur,Jawa,2023,77.19,6.14,438896,150.5,2916.0,26.96,112.4,-7.55
2608,Kab/Kota Dummy 26-08,Jawa Timur,Jawa,2024,77.14,7.18,443199,150.5,2944.6,31.83,112.4,-7.55
2608,Kab/Kota Dummy 26-08,Jawa Timur,Jawa,2025,78.5,6.29,447502,150.5,2973.2,28.17,112.4,-7.55
2609,Kab/Kota Dummy 26-09,Jawa Timur,Jawa,2021,71.43,9.59,491281,797.2,616.2,47.1,112.7,-7.55
2609,Kab/Kota Dummy 26-09,Jawa Timur,Jawa,2022,73.14,9.18,496194,797.2,622.4,45.55,112.7,-7.55
2609,Kab/Kota Dummy 26-09,Jawa Timur,Jawa,2023,74.12,10.16,501106,797.2,628.6,50.92,112.7,-7.55
2609,Kab/Kota Dummy 26-09,Jawa Timur,Jawa,2024,75.07,8.21,506019,797.2,634.7,41.53,112.7,-7.55
2609,Kab/Kota Dummy 26-09,Jawa Timur,Jawa,2025,75.13,8.39,510932,797.2,640.9,42.86,112.7,-7.55
2610,Kab/Kota Dummy 26-10,Jawa Timur,Jawa,2021,72.21,8.45,952521,2451.3,388.6,80.46,113.0,-7.55
2610,Kab/Kota Dummy 26-10,Jawa Timur,Jawa,2022,73.09,9.47,962046,2451.3,392.5,91.11,113.0,-7.55
2610,Kab/Kota Dummy 26-10,Jawa Timur,Jawa,2023,73.73,9.91,971572,2451.3,396.3,96.26,113.0,-7.55
2610,Kab/Kota Dummy 26-10,Jawa Timur,Jawa,2024,74.43,9.75,981097,2451.3,400.2,95.7,113.0,-7.55
2610,Kab/Kota Dummy 26-10,Jawa Timur,Jawa,2025,76.13,8.31,990622,2451.3,404.1,82.35,113.0,-7.55
2611,Kab/Kota Dummy 26-11,Jawa Timur,Jawa,2021,70.64,10.55,424990,6438.7,66.0,44.82,113.3,-7.55
2611,Kab/Kota Dummy 26-11,Jawa Timur,Jawa,2022,71.43,9.9,429239,6438.7,66.7,42.51,113.3,-7.55
2611,Kab/Kota Dummy 26-11,Jawa Timur,Jawa,2023,71.81,11.51,433489,6438.7,67.3,49.91,113.3,-7.55
2611,Kab/Kota Dummy 26-11,Jawa Timur,Jawa,2024,73.41,9.79,437739,6438.7,68.0,42.84,113.3,-7.55
2611,Kab/Kota Dummy 26-11,Jawa Timur,Jawa,2025,74.06,10.3,441989,6438.7,68.6,45.51,113.3,-7.55
2612,Kab/Kota Dummy 26-12,Jawa Timur,Jawa,2021,72.77,9.26,546827,8524.2,64.1,50.65,113.6,-7.55
2612,Kab/Kota Dummy 26-12,Jawa Timur,Jawa,2022,73.85,8.93,552295,8524.2,64.8,49.31,113.6,-7.55
2612,Kab/Kota Dummy 26-12,Jawa Timur,Jawa,2023,73.28,9.32,557763,8524.2,65.4,51.96,113.6,-7.55
2612,Kab/Kota Dummy 26-12,Jawa Timur,Jawa,2024,74.46,8.75,563232,8524.2,66.1,49.31,113.6,-7.55
2612,Kab/Kota Dummy 26-12,Jawa Timur,Jawa,2025,75.44,8.9,568700,8524.2,66.7,50.62,113.6,-7.55
2613,Kab/Kota Dummy 26-13,Jawa Timur,Jawa,2021,73.9,7.71,227977,165.1,1380.6,17.59,113.9,-7.55
2613,Kab/Kota Dummy 26-13,Jawa Timur,Jawa,2022,74.18,8.84,230257,165.1,1394.4,20.36,113.9,-7.55
2613,Kab/Kota Dummy 26-13,Jawa Timur,Jawa,2023,75.87,8.72,232537,165.1,1408.2,20.29,113.9,-7.55
2613,Kab/Kota Dummy 26-13,Jawa Timur,Jawa,2024,76.51,7.47,234816,165.1,1422.0,17.55,113.9,-7.55
2613,Kab/Kota Dummy 26-13,Jawa Timur,Jawa,2025,77.11,6.76,237096,165.1,1435.8,16.03,113.9,-7.55
2614,Kab/Kota Dummy 26-14,Jawa Timur,Jawa,2021,71.29,10.69,392738,1986.3,197.7,42.0,114.2,-7.55
2614,Kab/Kota Dummy 26-14,Jawa Timur,Jawa,2022,70.72,10.75,396665,1986.3,199.7,42.64,114.2,-7.55
2614,Kab/Kota Dummy 26-14,Jawa Timur,Jawa,2023,72.13,8.9,400593,1986.3,201.7,35.67,114.2,-7.55
2614,Kab/Kota Dummy 26-14,Jawa Timur,Jawa,2024,74.14,10.75,404520,1986.3,203.7,43.47,114.2,-7.55
2614,Kab/Kota Dummy 26-14,Jawa Timur,Jawa,2025,74.02,9.22,408448,1986.3,205.6,37.65,114.2,-7.55
2615,Kab/Kota Dummy 26-15,Jawa Timur,Jawa,2021,73.6,8.64,358236,958.3,373.8,30.95,112.4,-7.85
2615,Kab/Kota Dummy 26-15,Jawa Timur,Jawa,2022,75.12,9.61,361818,958.3,377.6,34.79,112.4,-7.85
2615,Kab/Kota Dummy 26-15,Jawa Timur,Jawa,2023,74.65,9.93,365400,958.3,381.3,36.3,112.4,-7.85
2615,Kab/Kota Dummy 26-15,Jawa Timur,Jawa,2024,75.81,6.26,368983,958.3,385.1,23.12,112.4,-7.85
2615,Kab/Kota Dummy 26-15,Jawa Timur,Jawa,2025,76.82,6.72,372565,958.3,388.8,25.04,112.4,-7.85
2616,Kab/Kota Dummy 26-16,Jawa Timur,Jawa,2021,70.68,11.02,289067,4186.6,69.0,31.85,112.7,-7.85
2616,Kab/Kota Dummy 26-16,Jawa Timur,Jawa,2022,70.92,9.87,291958,4186.6,69.7,28.81,112.7,-7.85
2616,Kab/Kota Dummy 26-16,Jawa Timur,Jawa,2023,72.08,10.41,294848,4186.6,70.4,30.7,112.7,-7.85
2616,Kab/Kota Dummy 26-16,Jawa Timur,Jawa,2024,73.36,9.16,297739,4186.6,71.1,27.29,112.7,-7.85
2616,Kab/Kota Dummy 26-16,Jawa Timur,Jawa,2025,73.74,9.55,300630,4186.6,71.8,28.7,112.7,-7.85
2617,Kab/Kota Dummy 26-17,Jawa Timur,Jawa,2021,70.96,10.9,533625,1900.6,280.8,58.17,113.0,-7.85
2617,Kab/Kota Dummy 26-17,Jawa Timur,Jawa,2022,72.47,10.97,538961,1900.6,283.6,59.14,113.0,-7.85
2617,Kab/Kota Dummy 26-17,Jawa Timur,Jawa,2023,73.11,9.07,544298,1900.6,286.4,49.38,113.0,-7.85
2617,Kab/Kota Dummy 26-17,Jawa Timur,Jawa,2024,73.48,9.5,549634,1900.6,289.2,52.21,113.0,-7.85
2617,Kab/Kota Dummy 26-17,Jawa Timur,Jawa,2025,73.84,9.6,554970,1900.6,292.0,53.27,113.0,-7.85
2618,Kab/Kota Dummy 26-18,Jawa Timur,Jawa,2021,72.95,7.92,208547,3136.3,66.5,16.51,113.3,-7.85
2618,Kab/Kota Dummy 26-18,Jawa Timur,Jawa,2022,73.75,9.63,210633,3136.3,67.2,20.28,113.3,-7.85
2618,Kab/Kota Dummy 26-18,Jawa Timur,Jawa,2023,74.6,7.71,212718,3136.3,67.8,16.4,113.3,-7.85
2618,Kab/Kota Dummy 26-18,Jawa Timur,Jawa,2024,75.83,7.36,214804,3136.3,68.5,15.81,113.3,-7.85
2618,Kab/Kota Dummy 26-18,Jawa Timur,Jawa,2025,76.12,7.85,216889,3136.3,69.2,17.02,113.3,-7.85
2619,Kab/Kota Dummy 26-19,Jawa Timur,Jawa,2021,71.78,8.95,195763,1247.1,157.0,17.53,113.6,-7.85
2619,Kab/Kota Dummy 26-19,Jawa Timur,Jawa,2022,72.8,9.62,197721,1247.1,158.5,19.03,113.6,-7.85
2619,Kab/Kota Dummy 26-19,Jawa Timur,Jawa,2023,74.38,8.46,199678,1247.1,160.1,16.9,113.6,-7.85
2619,Kab/Kota Dummy 26-19,Jawa Timur,Jawa,2024,74.32,7.66,201636,1247.1,161.7,15.44,113.6,-7.85
2619,Kab/Kota Dummy 26-19,Jawa Timur,Jawa,2025,76.32,7.91,203594,1247.1,163.2,16.1,113.6,-7.85
2620,Kab/Kota Dummy 26-20,Jawa Timur,Jawa,2021,73.36,9.29,307657,558.5,550.9,28.59,113.9,-7.85
2620,Kab/Kota Dummy 26-20,Jawa Timur,Jawa,2022,73.64,9.92,310734,558.5,556.4,30.83,113.9,-7.85
2620,Kab/Kota Dummy 26-20,Jawa Timur,Jawa,2023,74.99,8.85,313810,558.5,561.9,27.77,113.9,-7.85
2620,Kab/Kota Dummy 26-20,Jawa Timur,Jawa,2024,76.39,8.19,316887,558.5,567.4,25.94,113.9,-7.85
2620,Kab/Kota Dummy 26-20,Jawa Timur,Jawa,2025,76.87,9.2,319963,558.5,572.9,29.45,113.9,-7.85
2621,Kab/Kota Dummy 26-21,Jawa Timur,Jawa,2021,72.06,8.62,478100,1829.5,261.3,41.23,114.2,-7.85
2621,Kab/Kota Dummy 26-21,Jawa Timur,Jawa,2022,73.57,10.93,482881,1829.5,263.9,52.77,114.2,-7.85
2621,Kab/Kota Dummy 26-21,Jawa Timur,Jawa,2023,73.59,9.81,487662,1829.5,266.6,47.86,114.2,-7.85
2621,Kab/Kota Dummy 26-21,Jawa Timur,Jawa,2024,74.5,8.92,492443,1829.5,269.2,43.95,114.2,-7.85
2621,Kab/Kota Dummy 26-21,Jawa Timur,Jawa,2025,74.91,8.28,497224,1829.5,271.8,41.15,114.2,-7.85
2622,Kab/Kota Dummy 26-22,Jawa Timur,Jawa,2021,78.61,6.17,430628,2167.4,198.7,26.58,112.4,-8.15
2622,Kab/Kota Dummy 26-22,Jawa Timur,Jawa,2022,78.05,5.93,434934,2167.4,200.7,25.8,112.4,-8.15
2622,Kab/Kota Dummy 26-22,Jawa Timur,Jawa,2023,79.81,6.02,439241,2167.4,202.7,26.44,112.4,-8.15
2622,Kab/Kota Dummy 26-22,Jawa Timur,Jawa,2024,80.0,3.64,443547,2167.4,204.6,16.13,112.4,-8.15
2622,Kab/Kota Dummy 26-22,Jawa Timur,Jawa,2025,80.57,2.69,447853,2167.4,206.6,12.04,112.4,-8.15
2623,Kab/Kota Dummy 26-23,Jawa Timur,Jawa,2021,73.59,8.38,241281,2051.1,117.6,20.21,112.7,-8.15
2623,Kab/Kota Dummy 26-23,Jawa Timur,Jawa,2022,74.47,8.43,243694,2051.1,118.8,20.54,112.7,-8.15
2623,Kab/Kota Dummy 26-23,Jawa Timur,Jawa,2023,75.35,8.79,246107,2051.1,120.0,21.64,112.7,-8.15
2623,Kab/Kota Dummy 26-23,Jawa Timur,Jawa,2024,74.91,7.66,248519,2051.1,121.2,19.04,112.7,-8.15
2623,Kab/Kota Dummy 26-23,Jawa Timur,Jawa,2025,75.86,7.88,250932,2051.1,122.3,19.77,112.7,-8.15
2624,Kab/Kota Dummy 26-24,Jawa Timur,Jawa,2021,75.13,7.82,552303,5145.4,107.3,43.21,113.0,-8.15
2624,Kab/Kota Dummy 26-24,Jawa Timur,Jawa,2022,75.26,5.85,557826,5145.4,108.4,32.65,113.0,-8.15
2624,Kab/Kota Dummy 26-24,Jawa Timur,Jawa,2023,77.39,6.53,563349,5145.4,109.5,36.78,113.0,-8.15
2624,Kab/Kota Dummy 26-24,Jawa Timur,Jawa,2024,77.93,6.4,568872,5145.4,110.6,36.39,113.0,-8.15
2624,Kab/Kota Dummy 26-24,Jawa Timur,Jawa,2025,78.91,6.54,574395,5145.4,111.6,37.58,113.0,-8.15
2625,Kab/Kota Dummy 26-25,Jawa Timur,Jawa,2021,69.7,10.98,629986,2661.4,236.7,69.15,113.3,-8.15
2625,Kab/Kota Dummy 26-25,Jawa Timur,Jawa,2022,70.45,11.41,636286,2661.4,239.1,72.57,113.3,-8.15
2625,Kab/Kota Dummy 26-25,Jawa Timur,Jawa,2023,71.23,11.09,642586,2661.4,241.4,71.26,113.3,-8.15
2625,Kab/Kota Dummy 26-25,Jawa Timur,Jawa,2024,71.22,11.64,648886,2661.4,243.8,75.56,113.3,-8.15
2625,Kab/Kota Dummy 26-25,Jawa Timur,Jawa,2025,72.93,10.47,655185,2661.4,246.2,68.62,113.3,-8.15
2626,Kab/Kota Dummy 26-26,Jawa Timur,Jawa,2021,69.19,11.3,165965,1076.5,154.2,18.75,113.6,-8.15
2626,Kab/Kota Dummy 26-26,Jawa Timur,Jawa,2022,70.13,12.32,167624,1076.5,155.7,20.65,113.6,-8.15
2626,Kab/Kota Dummy 26-26,Jawa Timur,Jawa,2023,70.48,10.08,169284,1076.5,157.3,17.07,113.6,-8.15
2626,Kab/Kota Dummy 26-26,Jawa Timur,Jawa,2024,72.05,10.39,170944,1076.5,158.8,17.76,113.6,-8.15
2626,Kab/Kota Dummy 26-26,Jawa Timur,Jawa,2025,72.76,10.72,172603,1076.5,160.3,18.51,113.6,-8.15
2627,Kab/Kota Dummy 26-27,Jawa Timur,Jawa,2021,72.19,9.2,295285,1160.1,254.5,27.18,113.9,-8.15
2627,Kab/Kota Dummy 26-27,Jawa Timur,Jawa,2022,74.16,10.15,298238,1160.1,257.1,30.26,113.9,-8.15
2627,Kab/Kota Dummy 26-27,Jawa Timur,Jawa,2023,73.24,8.31,301191,1160.1,259.6,25.03,113.9,-8.15
2627,Kab/Kota Dummy 26-27,Jawa Timur,Jawa,2024,74.93,8.67,304144,1160.1,262.2,26.38,113.9,-8.15
2627,Kab/Kota Dummy 26-27,Jawa Timur,Jawa,2025,74.99,8.64,307096,1160.1,264.7,26.54,113.9,-8.15
2628,Kab/Kota Dummy 26-28,Jawa Timur,Jawa,2021,68.48,11.2,237190,795.3,298.2,26.57,114.2,-8.15
2628,Kab/Kota Dummy 26-28,Jawa Timur,Jawa,2022,69.59,11.14,239562,795.3,301.2,26.7,114.2,-8.15
2628,Kab/Kota Dummy 26-28,Jawa Timur,Jawa,2023,69.99,10.23,241934,795.3,304.2,24.75,114.2,-8.15
2628,Kab/Kota Dummy 26-28,Jawa Timur,Jawa,2024,71.78,10.46,244306,795.3,307.2,25.55,114.2,-8.15
2628,Kab/Kota Dummy 26-28,Jawa Timur,Jawa,2025,72.52,9.87,246678,795.3,310.2,24.34,114.2,-8.15
2629,Kab/Kota Dummy 26-29,Jawa Timur,Jawa,2021,74.61,8.91,108323,744.4,145.5,9.65,112.4,-8.45
2629,Kab/Kota Dummy 26-29,Jawa Timur,Jawa,2022,73.56,7.73,109406,744.4,147.0,8.46,112.4,-8.45
2629,Kab/Kota Dummy 26-29,Jawa Timur,Jawa,2023,75.93,8.09,110489,744.4,148.4,8.94,112.4,-8.45
2629,Kab/Kota Dummy 26-29,Jawa Timur,Jawa,2024,75.68,7.7,111572,744.4,149.9,8.59,112.4,-8.45
2629,Kab/Kota Dummy 26-29,Jawa Timur,Jawa,2025,77.34,6.81,112656,744.4,151.3,7.67,112.4,-8.45
2630,Kab/Kota Dummy 26-30,Jawa Timur,Jawa,2021,76.09,6.61,431580,2536.7,170.1,28.52,112.7,-8.45
2630,Kab/Kota Dummy 26-30,Jawa Timur,Jawa,2022,75.9,6.29,435896,2536.7,171.8,27.43,112.7,-8.45
2630,Kab/Kota Dummy 26-30,Jawa Timur,Jawa,2023,77.86,4.39,440212,2536.7,173.5,19.31,112.7,-8.45
2630,Kab/Kota Dummy 26-30,Jawa Timur,Jawa,2024,78.08,5.65,444527,2536.7,175.2,25.13,112.7,-8.45
2630,Kab/Kota Dummy 26-30,Jawa Timur,Jawa,2025,79.31,5.6,448843,2536.7,176.9,25.11,112.7,-8.45
2631,Kab/Kota Dummy 26-31,Jawa Timur,Jawa,2021,73.42,8.73,735093,52.6,13973.0,64.2,113.0,-8.45
2631,Kab/Kota Dummy 26-31,Jawa Timur,Jawa,2022,74.06,8.12,742444,52.6,14112.7,60.25,113.0,-8.45
2631,Kab/Kota Dummy 26-31,Jawa Timur,Jawa,2023,74.95,7.99,749795,52.6,14252.5,59.91,113.0,-8.45
2631,Kab/Kota Dummy 26-31,Jawa Timur,Jawa,2024,75.69,6.91,757146,52.6,14392.2,52.29,113.0,-8.45
2631,Kab/Kota Dummy 26-31,Jawa Timur,Jawa,2025,77.4,7.89,764497,52.6,14531.9,60.31,113.0,-8.45
2632,Kab/Kota Dummy 26-32,Jawa Timur,Jawa,2021,66.17,13.28,527549,1605.0,328.7,70.08,113.3,-8.45
2632,Kab/Kota Dummy 26-32,Jawa Timur,Jawa,2022,67.18,14.66,532825,1605.0,332.0,78.1,113.3,-8.45
2632,Kab/Kota Dummy 26-32,Jawa Timur,Jawa,2023,67.5,13.14,538100,1605.0,335.3,70.73,113.3,-8.45
2632,Kab/Kota Dummy 26-32,Jawa Timur,Jawa,2024,68.53,13.01,543376,1605.0,338.6,70.69,113.3,-8.45
2632,Kab/Kota Dummy 26-32,Jawa Timur,Jawa,2025,68.66,12.16,548651,1605.0,341.8,66.7,113.3,-8.45
2633,Kab/Kota Dummy 26-33,Jawa Timur,Jawa,2021,73.31,10.58,73605,652.6,112.8,7.79,113.6,-8.45
2633,Kab/Kota Dummy 26-33,Jawa Timur,Jawa,2022,74.36,9.94,74341,652.6,113.9,7.39,113.6,-8.45
2633,Kab/Kota Dummy 26-33,Jawa Timur,Jawa,2023,75.02,9.05,75077,652.6,115.0,6.79,113.6,-8.45
2633,Kab/Kota Dummy 26-33,Jawa Timur,Jawa,2024,75.56,7.63,75813,652.6,116.2,5.78,113.6,-8.45
2633,Kab/Kota Dummy 26-33,Jawa Timur,Jawa,2025,76.39,8.79,76549,652.6,117.3,6.73,113.6,-8.45
2634,Kab/Kota Dummy 26-34,Jawa Timur,Jawa,2021,72.12,10.86,711340,507.8,1400.7,77.23,113.9,-8.45
2634,Kab/Kota Dummy 26-34,Jawa Timur,Jawa,2022,72.81,9.08,718454,507.8,1414.7,65.25,113.9,-8.45
2634,Kab/Kota Dummy 26-34,Jawa Timur,Jawa,2023,73.9,9.03,725567,507.8,1428.7,65.55,113.9,-8.45
2634,Kab/Kota Dummy 26-34,Jawa Timur,Jawa,2024,74.44,8.91,732680,507.8,1442.7,65.29,113.9,-8.45
2634,Kab/Kota Dummy 26-34,Jawa Timur,Jawa,2025,75.12,7.51,739794,507.8,1456.7,55.58,113.9,-8.45
2635,Kab/Kota Dummy 26-35,Jawa Timur,Jawa,2021,68.14,10.89,379994,2414.6,157.4,41.37,114.2,-8.45
2635,Kab/Kota Dummy 26-35,Jawa Timur,Jawa,2022,69.82,12.61,383794,2414.6,158.9,48.39,114.2,-8.45
2635,Kab/Kota Dummy 26-35,Jawa Timur,Jawa,2023,69.88,12.47,387594,2414.6,160.5,48.34,114.2,-8.45
2635,Kab/Kota Dummy 26-35,Jawa Timur,Jawa,2024,70.26,9.61,391394,2414.6,162.1,37.6,114.2,-8.45
2635,Kab/Kota Dummy 26-35,Jawa Timur,Jawa,2025,71.26,11.2,395194,2414.6,163.7,44.27,114.2,-8.45
2636,Kab/Kota Dummy 26-36,Jawa Timur,Jawa,2021,72.44,10.18,374447,2810.4,133.2,38.13,112.4,-8.75
2636,Kab/Kota Dummy 26-36,Jawa Timur,Jawa,2022,72.22,9.39,378191,2810.4,134.6,35.51,112.4,-8.75
2636,Kab/Kota Dummy 26-36,Jawa Timur,Jawa,2023,74.2,8.0,381935,2810.4,135.9,30.57,112.4,-8.75
2636,Kab/Kota Dummy 26-36,Jawa Timur,Jawa,2024,74.58,8.61,385680,2810.4,137.2,33.22,112.4,-8.75
2636,Kab/Kota Dummy 26-36,Jawa Timur,Jawa,2025,75.93,7.66,389424,2810.4,138.6,29.84,112.4,-8.75
2637,Kab/Kota Dummy 26-37,Jawa Timur,Jawa,2021,72.04,9.63,999420,1228.0,813.8,96.28,112.7,-8.75
2637,Kab/Kota Dummy 26-37,Jawa Timur,Jawa,2022,71.87,9.17,1009414,1228.0,822.0,92.56,112.7,-8.75
2637,Kab/Kota Dummy 26-37,Jawa Timur,Jawa,2023,73.87,9.8,1019408,1228.0,830.1,99.9,112.7,-8.75
2637,Kab/Kota Dummy 26-37,Jawa Timur,Jawa,2024,72.78,8.92,1029403,1228.0,838.2,91.85,112.7,-8.75
2637,Kab/Kota Dummy 26-37,Jawa Timur,Jawa,2025,74.61,9.77,1039397,1228.0,846.4,101.56,112.7,-8.75
2638,Kab/Kota Dummy 26-38,Jawa Timur,Jawa,2021,73.65,7.14,639295,1800.8,355.0,45.63,113.0,-8.75
2638,Kab/Kota Dummy 26-38,Jawa Timur,Jawa,2022,75.39,9.23,645688,1800.8,358.6,59.58,113.0,-8.75
2638,Kab/Kota Dummy 26-38,Jawa Timur,Jawa,2023,75.41,8.68,652081,1800.8,362.1,56.58,113.0,-8.75
2638,Kab/Kota Dummy 26-38,Jawa Timur,Jawa,2024,76.88,6.75,658474,1800.8,365.7,44.42,113.0,-8.75
2638,Kab/Kota Dummy 26-38,Jawa Timur,Jawa,2025,76.91,6.5,664867,1800.8,369.2,43.19,113.0,-8.75
2701,Kab/Kota Dummy 27-01,Bali,Bali dan Nusa Tenggara,2021,77.2,6.83,421108,21660.3,19.4,28.76,115.1,-8.2
2701,Kab/Kota Dummy 27-01,Bali,Bali dan Nusa Tenggara,2022,77.43,5.24,425319,21660.3,19.6,22.28,115.1,-8.2
2701,Kab/Kota Dummy 27-01,Bali,Bali dan Nusa Tenggara,2023,77.93,5.7,429530,21660.3,19.8,24.47,115.1,-8.2
2701,Kab/Kota Dummy 27-01,Bali,Bali dan Nusa Tenggara,2024,79.58,3.76,433741,21660.3,20.0,16.3,115.1,-8.2
2701,Kab/Kota Dummy 27-01,Bali,Bali dan Nusa Tenggara,2025,80.22,4.7,437952,21660.3,20.2,20.57,115.1,-8.2
2702,Kab/Kota Dummy 27-02,Bali,Bali dan Nusa Tenggara,2021,74.39,7.27,709153,2478.1,286.2,51.56,115.4,-8.2
2702,Kab/Kota Dummy 27-02,Bali,Bali dan Nusa Tenggara,2022,75.43,8.53,716245,2478.1,289.0,61.13,115.4,-8.2
2702,Kab/Kota Dummy 27-02,Bali,Bali dan Nusa Tenggara,2023,76.8,5.84,723336,2478.1,291.9,42.26,115.4,-8.2
2702,Kab/Kota Dummy 27-02,Bali,Bali dan Nusa Tenggara,2024,78.47,6.23,730428,2478.1,294.8,45.54,115.4,-8.2
2702,Kab/Kota Dummy 27-02,Bali,Bali dan Nusa Tenggara,2025,77.37,5.98,737519,2478.1,297.6,44.13,115.4,-8.2
2703,Kab/Kota Dummy 27-03,Bali,Bali dan Nusa Tenggara,2021,70.78,10.73,462798,9335.1,49.6,49.67,115.7,-8.2
2703,Kab/Kota Dummy 27-03,Bali,Bali dan Nusa Tenggara,2022,72.13,9.48,467426,9335.1,50.1,44.3,115.7,-8.2
2703,Kab/Kota Dummy 27-03,Bali,Bali dan Nusa Tenggara,2023,72.23,9.05,472054,9335.1,50.6,42.72,115.7,-8.2
2703,Kab/Kota Dummy 27-03,Bali,Bali dan Nusa Tenggara,2024,73.9,9.42,476682,9335.1,51.1,44.9,115.7,-8.2
2703,Kab/Kota Dummy 27-03,Bali,Bali dan Nusa Tenggara,2025,74.86,9.9,481310,9335.1,51.6,47.65,115.7,-8.2
2704,Kab/Kota Dummy 27-04,Bali,Bali dan Nusa Tenggara,2021,74.43,9.14,269986,10363.4,26.1,24.69,115.1,-8.5
2704,Kab/Kota Dummy 27-04,Bali,Bali dan Nusa Tenggara,2022,75.64,8.76,272686,10363.4,26.3,23.9,115.1,-8.5
2704,Kab/Kota Dummy 27-04,Bali,Bali dan Nusa Tenggara,2023,74.61,8.65,275386,10363.4,26.6,23.81,115.1,-8.5
2704,Kab/Kota Dummy 27-04,Bali,Bali dan Nusa Tenggara,2024,76.03,6.46,278086,10363.4,26.8,17.96,115.1,-8.5
2704,Kab/Kota Dummy 27-04,Bali,Bali dan Nusa Tenggara,2025,77.63,7.03,280786,10363.4,27.1,19.73,115.1,-8.5
2705,Kab/Kota Dummy 27-05,Bali,Bali dan Nusa Tenggara,2021,74.09,8.0,325651,1443.5,225.6,26.05,115.4,-8.5
2705,Kab/Kota Dummy 27-05,Bali,Bali dan Nusa Tenggara,2022,75.41,6.83,328908,1443.5,227.9,22.47,115.4,-8.5
2705,Kab/Kota Dummy 27-05,Bali,Bali dan Nusa Tenggara,2023,76.31,6.44,332164,1443.5,230.1,21.39,115.4,-8.5
2705,Kab/Kota Dummy 27-05,Bali,Bali dan Nusa Tenggara,2024,77.18,7.25,335421,1443.5,232.4,24.32,115.4,-8.5
2705,Kab/Kota Dummy 27-05,Bali,Bali dan Nusa Tenggara,2025,76.73,7.43,338677,1443.5,234.6,25.16,115.4,-8.5
2706,Kab/Kota Dummy 27-06,Bali,Bali dan Nusa Tenggara,2021,70.06,12.0,119425,602.2,198.3,14.33,115.7,-8.5
2706,Kab/Kota Dummy 27-06,Bali,Bali dan Nusa Tenggara,2022,70.97,9.83,120619,602.2,200.3,11.85,115.7,-8.5
2706,Kab/Kota Dummy 27-06,Bali,Bali dan Nusa Tenggara,2023,71.49,10.35,121814,602.2,202.3,12.61,115.7,-8.5
2706,Kab/Kota Dummy 27-06,Bali,Bali dan Nusa Tenggara,2024,72.05,10.52,123008,602.2,204.3,12.94,115.7,-8.5
2706,Kab/Kota Dummy 27-06,Bali,Bali dan Nusa Tenggara,2025,72.24,11.04,124202,602.2,206.2,13.72,115.7,-8.5
2707,Kab/Kota Dummy 27-07,Bali,Bali dan Nusa Tenggara,2021,77.03,5.39,415449,5636.5,73.7,22.38,115.1,-8.8
2707,Kab/Kota Dummy 27-07,Bali,Bali dan Nusa Tenggara,2022,78.25,4.67,419603,5636.5,74.4,19.6,115.1,-8.8
2707,Kab/Kota Dummy 27-07,Bali,Bali dan Nusa Tenggara,2023,79.1,5.3,423758,5636.5,75.2,22.46,115.1,-8.8
2707,Kab/Kota Dummy 27-07,Bali,Bali dan Nusa Tenggara,2024,80.57,3.18,427912,5636.5,75.9,13.6,115.1,-8.8
2707,Kab/Kota Dummy 27-07,Bali,Bali dan Nusa Tenggara,2025,80.45,5.08,432067,5636.5,76.7,21.97,115.1,-8.8
2708,Kab/Kota Dummy 27-08,Bali,Bali dan Nusa Tenggara,2021,71.97,9.6,374845,838.2,447.2,35.99,115.4,-8.8
2708,Kab/Kota Dummy 27-08,Bali,Bali dan Nusa Tenggara,2022,73.56,8.7,378593,838.2,451.6,32.95,115.4,-8.8
2708,Kab/Kota Dummy 27-08,Bali,Bali dan Nusa Tenggara,2023,74.19,8.34,382342,838.2,456.1,31.87,115.4,-8.8
2708,Kab/Kota Dummy 27-08,Bali,Bali dan Nusa Tenggara,2024,75.56,8.36,386090,838.2,460.6,32.29,115.4,-8.8
2708,Kab/Kota Dummy 27-08,Bali,Bali dan Nusa Tenggara,2025,75.8,8.71,389839,838.2,465.1,33.95,115.4,-8.8
2709,Kab/Kota Dummy 27-09,Bali,Bali dan Nusa Tenggara,2021,76.67,5.77,204976,7953.3,25.8,11.82,115.7,-8.8
2709,Kab/Kota Dummy 27-09,Bali,Bali dan Nusa Tenggara,2022,77.58,5.03,207026,7953.3,26.0,10.41,115.7,-8.8
2709,Kab/Kota Dummy 27-09,Bali,Bali dan Nusa Tenggara,2023,77.55,5.96,209076,7953.3,26.3,12.46,115.7,-8.8
2709,Kab/Kota Dummy 27-09,Bali,Bali dan Nusa Tenggara,2024,78.45,5.05,211125,7953.3,26.5,10.66,115.7,-8.8
2709,Kab/Kota Dummy 27-09,Bali,Bali dan Nusa Tenggara,2025,80.07,5.78,213175,7953.3,26.8,12.33,115.7,-8.8
2801,Kab/Kota Dummy 28-01,Nusa Tenggara Barat,Bali dan Nusa Tenggara,2021,68.16,15.05,104352,1069.6,97.6,15.71,116.75,-8.3
2801,Kab/Kota Dummy 28-01,Nusa Tenggara Barat,Bali dan Nusa Tenggara,2022,68.51,13.11,105396,1069.6,98.5,13.82,116.75,-8.3
2801,Kab/Kota Dummy 28-01,Nusa Tenggara Barat,Bali dan Nusa Tenggara,2023,70.19,11.75,106439,1069.6,99.5,12.51,116.75,-8.3
2801,Kab/Kota Dummy 28-01,Nusa Tenggara Barat,Bali dan Nusa Tenggara,2024,71.11,12.68,107483,1069.6,100.5,13.63,116.75,-8.3
2801,Kab/Kota Dummy 28-01,Nusa Tenggara Barat,Bali dan Nusa Tenggara,2025,70.5,10.7,108526,1069.6,101.5,11.61,116.75,-8.3
2802,Kab/Kota Dummy 28-02,Nusa Tenggara Barat,Bali dan Nusa Tenggara,2021,65.7,12.6,227364,2475.7,91.8,28.64,117.05,-8.3
2802,Kab/Kota Dummy 28-02,Nusa Tenggara Barat,Bali dan Nusa Tenggara,2022,67.25,13.78,229637,2475.7,92.8,31.65,117.05,-8.3
2802,Kab/Kota Dummy 28-02,Nusa Tenggara Barat,Bali dan Nusa Tenggara,2023,68.94,13.03,231911,2475.7,93.7,30.23,117.05,-8.3
2802,Kab/Kota Dummy 28-02,Nusa Tenggara Barat,Bali dan Nusa Tenggara,2024,69.28,12.27,234184,2475.7,94.6,28.72,117.05,-8.3
2802,Kab/Kota Dummy 28-02,Nusa Tenggara Barat,Bali dan Nusa Tenggara,2025,69.47,12.79,236458,2475.7,95.5,30.25,117.05,-8.3
2803,Kab/Kota Dummy 28-03,Nusa Tenggara Barat,Bali dan Nusa Tenggara,2021,63.54,15.18,129232,1126.4,114.7,19.62,117.35,-8.3
2803,Kab/Kota Dummy 28-03,Nusa Tenggara Barat,Bali dan Nusa Tenggara,2022,65.38,15.39,130524,1126.4,115.9,20.08,117.35,-8.3
2803,Kab/Kota Dummy 28-03,Nusa Tenggara Barat,Bali dan Nusa Tenggara,2023,65.56,15.54,131817,1126.4,117.0,20.48,117.35,-8.3
2803,Kab/Kota Dummy 28-03,Nusa Tenggara Barat,Bali dan Nusa Tenggara,2024,66.21,14.18,133109,1126.4,118.2,18.87,117.35,-8.3
2803,Kab/Kota Dummy 28-03,Nusa Tenggara Barat,Bali dan Nusa Tenggara,2025,66.76,14.79,134401,1126.4,119.3,19.88,117.35,-8.3
2804,Kab/Kota Dummy 28-04,Nusa Tenggara Barat,Bali dan Nusa Tenggara,2021,69.59,13.03,373409,1521.9,245.4,48.64,117.65,-8.3
2804,Kab/Kota Dummy 28-04,Nusa Tenggara Barat,Bali dan Nusa Tenggara,2022,69.11,12.51,377143,1521.9,247.8,47.17,117.65,-8.3
2804,Kab/Kota Dummy 28-04,Nusa Tenggara Barat,Bali dan Nusa Tenggara,2023,70.12,11.78,380878,1521.9,250.3,44.89,117.65,-8.3
2804,Kab/Kota Dummy 28-04,Nusa Tenggara Barat,Bali dan Nusa Tenggara,2024,70.57,11.22,384612,1521.9,252.7,43.15,117.65,-8.3
2804,Kab/Kota Dummy 28-04,Nusa Tenggara Barat,Bali dan Nusa Tenggara,2025,72.2,10.12,388346,1521.9,255.2,39.3,117.65,-8.3
2805,Kab/Kota Dummy 28-05,Nusa Tenggara Barat,Bali dan Nusa Tenggara,2021,65.87,14.9,754026,2054.6,367.0,112.32,116.75,-8.6
2805,Kab/Kota Dummy 28-05,Nusa Tenggara Barat,Bali dan Nusa Tenggara,2022,67.0,13.97,761566,2054.6,370.7,106.42,116.75,-8.6
2805,Kab/Kota Dummy 28-05,Nusa Tenggara Barat,Bali dan Nusa Tenggara,2023,66.82,13.56,769106,2054.6,374.3,104.32,116.75,-8.6
2805,Kab/Kota Dummy 28-05,Nusa Tenggara Barat,Bali dan Nusa Tenggara,2024,68.14,14.46,776646,2054.6,378.0,112.26,116.75,-8.6
2805,Kab/Kota Dummy 28-05,Nusa Tenggara Barat,Bali dan Nusa Tenggara,2025,68.95,13.86,784187,2054.6,381.7,108.69,116.75,-8.6
2806,Kab/Kota Dummy 28-06,Nusa Tenggara Barat,Bali dan Nusa Tenggara,2021,64.41,15.14,462738,2398.3,192.9,70.08,117.05,-8.6
2806,Kab/Kota Dummy 28-06,Nusa Tenggara Barat,Bali dan Nusa Tenggara,2022,64.91,15.93,467366,2398.3,194.9,74.45,117.05,-8.6
2806,Kab/Kota Dummy 28-06,Nusa Tenggara Barat,Bali dan Nusa Tenggara,2023,65.29,15.74,471993,2398.3,196.8,74.27,117.05,-8.6
2806,Kab/Kota Dummy 28-06,Nusa Tenggara Barat,Bali dan Nusa Tenggara,2024,65.72,14.18,476620,2398.3,198.7,67.6,117.05,-8.6
2806,Kab/Kota Dummy 28-06,Nusa Tenggara Barat,Bali dan Nusa Tenggara,2025,67.38,14.92,481248,2398.3,200.7,71.82,117.05,-8.6
2807,Kab/Kota Dummy 28-07,Nusa Tenggara Barat,Bali dan Nusa Tenggara,2021,70.94,11.13,509169,9763.3,52.2,56.67,117.35,-8.6
2807,Kab/Kota Dummy 28-07,Nusa Tenggara Barat,Bali dan Nusa Tenggara,2022,71.56,9.76,514261,9763.3,52.7,50.17,117.35,-8.6
2807,Kab/Kota Dummy 28-07,Nusa Tenggara Barat,Bali dan Nusa Tenggara,2023,71.63,11.25,519352,9763.3,53.2,58.43,117.35,-8.6
2807,Kab/Kota Dummy 28-07,Nusa Tenggara Barat,Bali dan Nusa Tenggara,2024,71.48,10.82,524444,9763.3,53.7,56.76,117.35,-8.6
2807,Kab/Kota Dummy 28-07,Nusa Tenggara Barat,Bali dan Nusa Tenggara,2025,73.56,10.03,529536,9763.3,54.2,53.1,117.35,-8.6
2808,Kab/Kota Dummy 28-08,Nusa Tenggara Barat,Bali dan Nusa Tenggara,2021,70.25,11.14,479237,469.7,1020.2,53.39,117.65,-8.6
2808,Kab/Kota Dummy 28-08,Nusa Tenggara Barat,Bali dan Nusa Tenggara,2022,71.54,11.34,484030,469.7,1030.4,54.91,117.65,-8.6
2808,Kab/Kota Dummy 28-08,Nusa Tenggara Barat,Bali dan Nusa Tenggara,2023,73.44,10.93,488822,469.7,1040.7,53.42,117.65,-8.6
2808,Kab/Kota Dummy 28-08,Nusa Tenggara Barat,Bali dan Nusa Tenggara,2024,71.91,10.81,493615,469.7,1050.9,53.37,117.65,-8.6
2808,Kab/Kota Dummy 28-08,Nusa Tenggara Barat,Bali dan Nusa Tenggara,2025,73.82,8.81,498407,469.7,1061.1,43.9,117.65,-8.6
2809,Kab/Kota Dummy 28-09,Nusa Tenggara Barat,Bali dan Nusa Tenggara,2021,69.19,11.52,294346,3789.5,77.7,33.91,116.75,-8.9
2809,Kab/Kota Dummy 28-09,Nusa Tenggara Barat,Bali dan Nusa Tenggara,2022,70.32,11.49,297289,3789.5,78.5,34.16,116.75,-8.9
2809,Kab/Kota Dummy 28-09,Nusa Tenggara Barat,Bali dan Nusa Tenggara,2023,70.04,11.64,300233,3789.5,79.2,34.94,116.75,-8.9
2809,Kab/Kota Dummy 28-09,Nusa Tenggara Barat,Bali dan Nusa Tenggara,2024,72.39,10.44,303176,3789.5,80.0,31.64,116.75,-8.9
2809,Kab/Kota Dummy 28-09,Nusa Tenggara Barat,Bali dan Nusa Tenggara,2025,72.57,11.35,306120,3789.5,80.8,34.73,116.75,-8.9
2810,Kab/Kota Dummy 28-10,Nusa Tenggara Barat,Bali dan Nusa Tenggara,2021,68.24,13.08,83883,3435.9,24.4,10.97,117.05,-8.9
2810,Kab/Kota Dummy 28-10,Nusa Tenggara Barat,Bali dan Nusa Tenggara,2022,68.5,13.74,84722,3435.9,24.7,11.64,117.05,-8.9
2810,Kab/Kota Dummy 28-10,Nusa Tenggara Barat,Bali dan Nusa Tenggara,2023,69.8,12.78,85561,3435.9,24.9,10.94,117.05,-8.9
2810,Kab/Kota Dummy 28-10,Nusa Tenggara Barat,Bali dan Nusa Tenggara,2024,70.49,11.91,86399,3435.9,25.1,10.29,117.05,-8.9
2810,Kab/Kota Dummy 28-10,Nusa Tenggara Barat,Bali dan Nusa Tenggara,2025,71.13,10.55,87238,3435.9,25.4,9.21,117.05,-8.9
2901,Kab/Kota Dummy 29-01,Nusa Tenggara Timur,Bali dan Nusa Tenggara,2021,65.91,13.93,159418,790.5,201.7,22.2,120.9,-8.9
2901,Kab/Kota Dummy 29-01,Nusa Tenggara Timur,Bali dan Nusa Tenggara,2022,65.96,13.47,161012,790.5,203.7,21.69,120.9,-8.9
2901,Kab/Kota Dummy 29-01,Nusa Tenggara Timur,Bali dan Nusa Tenggara,2023,67.83,15.18,162606,790.5,205.7,24.69,120.9,-8.9
2901,Kab/Kota Dummy 29-01,Nusa Tenggara Timur,Bali dan Nusa Tenggara,2024,68.13,12.8,164200,790.5,207.7,21.01,120.9,-8.9
2901,Kab/Kota Dummy 29-01,Nusa Tenggara Timur,Bali dan Nusa Tenggara,2025,69.34,13.09,165795,790.5,209.7,21.7,120.9,-8.9
2902,Kab/Kota Dummy 29-02,Nusa Tenggara Timur,Bali dan Nusa Tenggara,2021,63.65,16.61,461644,18605.4,24.8,76.68,121.2,-8.9
2902,Kab/Kota Dummy 29-02,Nusa Tenggara Timur,Bali dan Nusa Tenggara,2022,64.74,14.86,466260,18605.4,25.1,69.3,121.2,-8.9
2902,Kab/Kota Dummy 29-02,Nusa Tenggara Timur,Bali dan Nusa Tenggara,2023,65.73,14.74,470877,18605.4,25.3,69.4,121.2,-8.9
2902,Kab/Kota Dummy 29-02,Nusa Tenggara Timur,Bali dan Nusa Tenggara,2024,65.66,15.07,475493,18605.4,25.6,71.68,121.2,-8.9
2902,Kab/Kota Dummy 29-02,Nusa Tenggara Timur,Bali dan Nusa Tenggara,2025,66.74,15.77,480109,18605.4,25.8,75.73,121.2,-8.9
2903,Kab/Kota Dummy 29-03,Nusa Tenggara Timur,Bali dan Nusa Tenggara,2021,64.66,14.79,1168066,2484.7,470.1,172.72,121.5,-8.9
2903,Kab/Kota Dummy 29-03,Nusa Tenggara Timur,Bali dan Nusa Tenggara,2022,65.68,15.54,1179746,2484.7,474.8,183.3,121.5,-8.9
2903,Kab/Kota Dummy 29-03,Nusa Tenggara Timur,Bali dan Nusa Tenggara,2023,67.03,14.11,1191427,2484.7,479.5,168.16,121.5,-8.9
2903,Kab/Kota Dummy 29-03,Nusa Tenggara Timur,Bali dan Nusa Tenggara,2024,67.96,13.72,1203108,2484.7,484.2,165.12,121.5,-8.9
2903,Kab/Kota Dummy 29-03,Nusa Tenggara Timur,Bali dan Nusa Tenggara,2025,68.67,12.42,1214788,2484.7,488.9,150.89,121.5,-8.9
2904,Kab/Kota Dummy 29-04,Nusa Tenggara Timur,Bali dan Nusa Tenggara,2021,61.91,17.3,252842,4123.5,61.3,43.74,121.8,-8.9
2904,Kab/Kota Dummy 29-04,Nusa Tenggara Timur,Bali dan Nusa Tenggara,2022,63.99,17.49,255370,4123.5,61.9,44.67,121.8,-8.9
2904,Kab/Kota Dummy 29-04,Nusa Tenggara Timur,Bali dan Nusa Tenggara,2023,63.19,15.52,257899,4123.5,62.5,40.03,121.8,-8.9
2904,Kab/Kota Dummy 29-04,Nusa Tenggara Timur,Bali dan Nusa Tenggara,2024,64.39,17.46,260427,4123.5,63.2,45.46,121.8,-8.9
2904,Kab/Kota Dummy 29-04,Nusa Tenggara Timur,Bali dan Nusa Tenggara,2025,65.14,16.52,262956,4123.5,63.8,43.43,121.8,-8.9
2905,Kab/Kota Dummy 29-05,Nusa Tenggara Timur,Bali dan Nusa Tenggara,2021,67.19,12.86,128869,4989.9,25.8,16.58,122.1,-8.9
2905,Kab/Kota Dummy 29-05,Nusa Tenggara Timur,Bali dan Nusa Tenggara,2022,68.21,12.79,130158,4989.9,26.1,16.65,122.1,-8.9
2905,Kab/Kota Dummy 29-05,Nusa Tenggara Timur,Bali dan Nusa Tenggara,2023,68.35,13.18,131447,4989.9,26.3,17.33,122.1,-8.9
2905,Kab/Kota Dummy 29-05,Nusa Tenggara Timur,Bali dan Nusa Tenggara,2024,69.45,13.34,132736,4989.9,26.6,17.71,122.1,-8.9
2905,Kab/Kota Dummy 29-05,Nusa Tenggara Timur,Bali dan Nusa Tenggara,2025,70.72,12.47,134024,4989.9,26.9,16.72,122.1,-8.9
2906,Kab/Kota Dummy 29-06,Nusa Tenggara Timur,Bali dan Nusa Tenggara,2021,66.58,14.49,505230,478.1,1056.8,73.21,120.9,-9.2
2906,Kab/Kota Dummy 29-06,Nusa Tenggara Timur,Bali dan Nusa Tenggara,2022,67.13,13.96,510283,478.1,1067.4,71.23,120.9,-9.2
2906,Kab/Kota Dummy 29-06,Nusa Tenggara Timur,Bali dan Nusa Tenggara,2023,67.71,14.96,515335,478.1,1078.0,77.12,120.9,-9.2
2906,Kab/Kota Dummy 29-06,Nusa Tenggara Timur,Bali dan Nusa Tenggara,2024,67.86,14.49,520387,478.1,1088.5,75.39,120.9,-9.2
2906,Kab/Kota Dummy 29-06,Nusa Tenggara Timur,Bali dan Nusa Tenggara,2025,69.52,13.71,525440,478.1,1099.1,72.02,120.9,-9.2
2907,Kab/Kota Dummy 29-07,Nusa Tenggara Timur,Bali dan Nusa Tenggara,2021,69.53,13.15,255340,8218.5,31.1,33.58,121.2,-9.2
2907,Kab/Kota Dummy 29-07,Nusa Tenggara Timur,Bali dan Nusa Tenggara,2022,69.61,12.39,257894,8218.5,31.4,31.96,121.2,-9.2
2907,Kab/Kota Dummy 29-07,Nusa Tenggara Timur,Bali dan Nusa Tenggara,2023,70.97,11.9,260447,8218.5,31.7,30.99,121.2,-9.2
2907,Kab/Kota Dummy 29-07,Nusa Tenggara Timur,Bali dan Nusa Tenggara,2024,72.33,11.67,263001,8218.5,32.0,30.7,121.2,-9.2
2907,Kab/Kota Dummy 29-07,Nusa Tenggara Timur,Bali dan Nusa Tenggara,2025,71.99,10.73,265554,8218.5,32.3,28.49,121.2,-9.2
2908,Kab/Kota Dummy 29-08,Nusa Tenggara Timur,Bali dan Nusa Tenggara,2021,66.12,14.47,238370,2518.8,94.6,34.48,121.5,-9.2
2908,Kab/Kota Dummy 29-08,Nusa Tenggara Timur,Bali dan Nusa Tenggara,2022,66.57,14.82,240753,2518.8,95.6,35.68,121.5,-9.2
2908,Kab/Kota Dummy 29-08,Nusa Tenggara Timur,Bali dan Nusa Tenggara,2023,68.03,14.08,243137,2518.8,96.5,34.23,121.5,-9.2
2908,Kab/Kota Dummy 29-08,Nusa Tenggara Timur,Bali dan Nusa Tenggara,2024,68.91,12.98,245521,2518.8,97.5,31.88,121.5,-9.2
2908,Kab/Kota Dummy 29-08,Nusa Tenggara Timur,Bali dan Nusa Tenggara,2025,69.62,11.41,247904,2518.8,98.4,28.28,121.5,-9.2
2909,Kab/Kota Dummy 29-09,Nusa Tenggara Timur,Bali dan Nusa Tenggara,2021,64.73,13.96,293568,714.6,410.8,40.97,121.8,-9.2
2909,Kab/Kota Dummy 29-09,Nusa Tenggara Timur,Bali dan Nusa Tenggara,2022,65.27,14.34,296504,714.6,414.9,42.52,121.8,-9.2
2909,Kab/Kota Dummy 29-09,Nusa Tenggara Timur,Bali dan Nusa Tenggara,2023,67.38,13.67,299440,714.6,419.0,40.93,121.8,-9.2
2909,Kab/Kota Dummy 29-09,Nusa Tenggara Timur,Bali dan Nusa Tenggara,2024,67.04,13.63,302375,714.6,423.1,41.23,121.8,-9.2
2909,Kab/Kota Dummy 29-09,Nusa Tenggara Timur,Bali dan Nusa Tenggara,2025,68.18,14.51,305311,714.6,427.2,44.31,121.8,-9.2
2910,Kab/Kota Dummy 29-10,Nusa Tenggara Timur,Bali dan Nusa Tenggara,2021,63.29,16.5,562072,1665.5,337.5,92.72,122.1,-9.2
2910,Kab/Kota Dummy 29-10,Nusa Tenggara Timur,Bali dan Nusa Tenggara,2022,63.9,16.21,567692,1665.5,340.9,92.02,122.1,-9.2
2910,Kab/Kota Dummy 29-10,Nusa Tenggara Timur,Bali dan Nusa Tenggara,2023,64.78,15.35,573313,1665.5,344.2,88.02,122.1,-9.2
2910,Kab/Kota Dummy 29-10,Nusa Tenggara Timur,Bali dan Nusa Tenggara,2024,65.44,14.96,578934,1665.5,347.6,86.61,122.1,-9.2
2910,Kab/Kota Dummy 29-10,Nusa Tenggara Timur,Bali dan Nusa Tenggara,2025,66.31,14.19,584555,1665.5,351.0,82.96,122.1,-9.2
2911,Kab/Kota Dummy 29-11,Nusa Tenggara Timur,Bali dan Nusa Tenggara,2021,65.31,13.7,285702,1574.0,181.5,39.14,120.9,-9.5
2911,Kab/Kota Dummy 29-11,Nusa Tenggara Timur,Bali dan Nusa Tenggara,2022,67.57,14.23,288559,1574.0,183.3,41.07,120.9,-9.5
2911,Kab/Kota Dummy 29-11,Nusa Tenggara Timur,Bali dan Nusa Tenggara,2023,68.08,12.62,291416,1574.0,185.1,36.78,120.9,-9.5
2911,Kab/Kota Dummy 29-11,Nusa Tenggara Timur,Bali dan Nusa Tenggara,2024,68.3,13.83,294273,1574.0,187.0,40.71,120.9,-9.5
2911,Kab/Kota Dummy 29-11,Nusa Tenggara Timur,Bali dan Nusa Tenggara,2025,70.02,12.7,297130,1574.0,188.8,37.75,120.9,-9.5
2912,Kab/Kota Dummy 29-12,Nusa Tenggara Timur,Bali dan Nusa Tenggara,2021,66.45,13.35,171835,4658.2,36.9,22.94,121.2,-9.5
2912,Kab/Kota Dummy 29-12,Nusa Tenggara Timur,Bali dan Nusa Tenggara,2022,66.78,13.54,173553,4658.2,37.3,23.49,121.2,-9.5
2912,Kab/Kota Dummy 29-12,Nusa Tenggara Timur,Bali dan Nusa Tenggara,2023,68.38,12.89,175271,4658.2,37.6,22.59,121.2,-9.5
2912,Kab/Kota Dummy 29-12,Nusa Tenggara Timur,Bali dan Nusa Tenggara,2024,69.58,14.12,176990,4658.2,38.0,24.99,121.2,-9.5
2912,Kab/Kota Dummy 29-12,Nusa Tenggara Timur,Bali dan Nusa Tenggara,2025,69.7,13.21,178708,4658.2,38.4,23.6,121.2,-9.5
2913,Kab/Kota Dummy 29-13,Nusa Tenggara Timur,Bali dan Nusa Tenggara,2021,62.2,16.65,445254,693.9,641.6,74.15,121.5,-9.5
2913,Kab/Kota Dummy 29-13,Nusa Tenggara Timur,Bali dan Nusa Tenggara,2022,62.26,17.94,449706,693.9,648.0,80.68,121.5,-9.5
2913,Kab/Kota Dummy 29-13,Nusa Tenggara Timur,Bali dan Nusa Tenggara,2023,63.2,16.71,454159,693.9,654.5,75.9,121.5,-9.5
2913,Kab/Kota Dummy 29-13,Nusa Tenggara Timur,Bali dan Nusa Tenggara,2024,63.6,16.1,458612,693.9,660.9,73.85,121.5,-9.5
2913,Kab/Kota Dummy 29-13,Nusa Tenggara Timur,Bali dan Nusa Tenggara,2025,64.88,16.48,463064,693.9,667.3,76.33,121.5,-9.5
2914,Kab/Kota Dummy 29-14,Nusa Tenggara Timur,Bali dan Nusa Tenggara,2021,66.77,12.67,1002996,702.3,1428.1,127.09,121.8,-9.5
2914,Kab/Kota Dummy 29-14,Nusa Tenggara Timur,Bali dan Nusa Tenggara,2022,67.96,13.29,1013026,702.3,1442.4,134.63,121.8,-9.5
2914,Kab/Kota Dummy 29-14,Nusa Tenggara Timur,Bali dan Nusa Tenggara,2023,69.76,12.25,1023056,702.3,1456.7,125.3,121.8,-9.5
2914,Kab/Kota Dummy 29-14,Nusa Tenggara Timur,Bali dan Nusa Tenggara,2024,69.66,12.51,1033086,702.3,1471.0,129.25,121.8,-9.5
2914,Kab/Kota Dummy 29-14,Nusa Tenggara Timur,Bali dan Nusa Tenggara,2025,70.91,11.11,1043116,702.3,1485.3,115.9,121.8,-9.5
2915,Kab/Kota Dummy 29-15,Nusa Tenggara Timur,Bali dan Nusa Tenggara,2021,63.17,15.14,405602,3876.9,104.6,61.41,122.1,-9.5
2915,Kab/Kota Dummy 29-15,Nusa Tenggara Timur,Bali dan Nusa Tenggara,2022,65.08,15.21,409658,3876.9,105.7,62.3,122.1,-9.5
2915,Kab/Kota Dummy 29-15,Nusa Tenggara Timur,Bali dan Nusa Tenggara,2023,65.29,15.0,413714,3876.9,106.7,62.06,122.1,-9.5
2915,Kab/Kota Dummy 29-15,Nusa Tenggara Timur,Bali dan Nusa Tenggara,2024,66.37,15.93,417770,3876.9,107.8,66.54,122.1,-9.5
2915,Kab/Kota Dummy 29-15,Nusa Tenggara Timur,Bali dan Nusa Tenggara,2025,67.44,15.33,421826,3876.9,108.8,64.69,122.1,-9.5
2916,Kab/Kota Dummy 29-16,Nusa Tenggara Timur,Bali dan Nusa Tenggara,2021,66.81,14.82,325173,899.9,361.3,48.19,120.9,-9.8
2916,Kab/Kota Dummy 29-16,Nusa Tenggara Timur,Bali dan Nusa Tenggara,2022,66.24,13.39,328425,899.9,365.0,43.99,120.9,-9.8
2916,Kab/Kota Dummy 29-16,Nusa Tenggara Timur,Bali dan Nusa Tenggara,2023,68.8,11.55,331676,899.9,368.6,38.32,120.9,-9.8
2916,Kab/Kota Dummy 29-16,Nusa Tenggara Timur,Bali dan Nusa Tenggara,2024,68.74,12.81,334928,899.9,372.2,42.9,120.9,-9.8
2916,Kab/Kota Dummy 29-16,Nusa Tenggara Timur,Bali dan Nusa Tenggara,2025,70.17,12.94,338180,899.9,375.8,43.77,120.9,-9.8
2917,Kab/Kota Dummy 29-17,Nusa Tenggara Timur,Bali dan Nusa Tenggara,2021,68.28,11.35,282029,71.5,3943.0,32.01,121.2,-9.8
2917,Kab/Kota Dummy 29-17,Nusa Tenggara Timur,Bali dan Nusa Tenggara,2022,69.68,11.97,284849,71.5,3982.4,34.1,121.2,-9.8
2917,Kab/Kota Dummy 29-17,Nusa Tenggara Timur,Bali dan Nusa Tenggara,2023,70.32,10.68,287669,71.5,4021.9,30.72,121.2,-9.8
2917,Kab/Kota Dummy 29-17,Nusa Tenggara Timur,Bali dan Nusa Tenggara,2024,71.57,10.48,290489,71.5,4061.3,30.45,121.2,-9.8
2917,Kab/Kota Dummy 29-17,Nusa Tenggara Timur,Bali dan Nusa Tenggara,2025,72.58,11.49,293310,71.5,4100.7,33.69,121.2,-9.8
2918,Kab/Kota Dummy 29-18,Nusa Tenggara Timur,Bali dan Nusa Tenggara,2021,63.67,15.85,290473,1024.2,283.6,46.05,121.5,-9.8
2918,Kab/Kota Dummy 29-18,Nusa Tenggara Timur,Bali dan Nusa Tenggara,2022,64.86,14.72,293378,1024.2,286.4,43.19,121.5,-9.8
2918,Kab/Kota Dummy 29-18,Nusa Tenggara Timur,Bali dan Nusa Tenggara,2023,65.86,15.84,296283,1024.2,289.3,46.95,121.5,-9.8
2918,Kab/Kota Dummy 29-18,Nusa Tenggara Timur,Bali dan Nusa Tenggara,2024,67.0,14.12,299187,1024.2,292.1,42.25,121.5,-9.8
2918,Kab/Kota Dummy 29-18,Nusa Tenggara Timur,Bali dan Nusa Tenggara,2025,66.8,13.46,302092,1024.2,295.0,40.66,121.5,-9.8
2919,Kab/Kota Dummy 29-19,Nusa Tenggara Timur,Bali dan Nusa Tenggara,2021,66.1,14.33,246675,1064.4,231.7,35.34,121.8,-9.8
2919,Kab/Kota Dummy 29-19,Nusa Tenggara Timur,Bali dan Nusa Tenggara,2022,66.45,15.06,249142,1064.4,234.1,37.53,121.8,-9.8
2919,Kab/Kota Dummy 29-19,Nusa Tenggara Timur,Bali dan Nusa Tenggara,2023,67.51,13.29,251609,1064.4,236.4,33.45,121.8,-9.8
2919,Kab/Kota Dummy 29-19,Nusa Tenggara Timur,Bali dan Nusa Tenggara,2024,68.35,14.71,254076,1064.4,238.7,37.38,121.8,-9.8
2919,Kab/Kota Dummy 29-19,Nusa Tenggara Timur,Bali dan Nusa Tenggara,2025,68.61,12.94,256542,1064.4,241.0,33.2,121.8,-9.8
2920,Kab/Kota Dummy 29-20,Nusa Tenggara Timur,Bali dan Nusa Tenggara,2021,67.12,13.75,161410,5158.2,31.3,22.19,122.1,-9.8
2920,Kab/Kota Dummy 29-20,Nusa Tenggara Timur,Bali dan Nusa Tenggara,2022,67.86,15.53,163024,5158.2,31.6,25.31,122.1,-9.8
2920,Kab/Kota Dummy 29-20,Nusa Tenggara Timur,Bali dan Nusa Tenggara,2023,67.91,14.08,164638,5158.2,31.9,23.19,122.1,-9.8
2920,Kab/Kota Dummy 29-20,Nusa Tenggara Timur,Bali dan Nusa Tenggara,2024,68.33,12.25,166253,5158.2,32.2,20.37,122.1,-9.8
2920,Kab/Kota Dummy 29-20,Nusa Tenggara Timur,Bali dan Nusa Tenggara,2025,69.2,12.14,167867,5158.2,32.5,20.38,122.1,-9.8
2921,Kab/Kota Dummy 29-21,Nusa Tenggara Timur,Bali dan Nusa Tenggara,2021,64.88,15.96,510547,841.4,606.7,81.51,120.9,-10.1
2921,Kab/Kota Dummy 29-21,Nusa Tenggara Timur,Bali dan Nusa Tenggara,2022,65.02,14.83,515652,841.4,612.8,76.45,120.9,-10.1
2921,Kab/Kota Dummy 29-21,Nusa Tenggara Timur,Bali dan Nusa Tenggara,2023,65.52,14.32,520757,841.4,618.9,74.6,120.9,-10.1
2921,Kab/Kota Dummy 29-21,Nusa Tenggara Timur,Bali dan Nusa Tenggara,2024,66.79,14.86,525863,841.4,625.0,78.14,120.9,-10.1
2921,Kab/Kota Dummy 29-21,Nusa Tenggara Timur,Bali dan Nusa Tenggara,2025,67.11,14.99,530968,841.4,631.0,79.59,120.9,-10.1
2922,Kab/Kota Dummy 29-22,Nusa Tenggara Timur,Bali dan Nusa Tenggara,2021,66.71,12.34,276789,2092.8,132.3,34.17,121.2,-10.1
2922,Kab/Kota Dummy 29-22,Nusa Tenggara Timur,Bali dan Nusa Tenggara,2022,67.1,13.91,279557,2092.8,133.6,38.89,121.2,-10.1
2922,Kab/Kota Dummy 29-22,Nusa Tenggara Timur,Bali dan Nusa Tenggara,2023,68.84,11.49,282325,2092.8,134.9,32.45,121.2,-10.1
2922,Kab/Kota Dummy 29-22,Nusa Tenggara Timur,Bali dan Nusa Tenggara,2024,70.33,11.41,285093,2092.8,136.2,32.53,121.2,-10.1
2922,Kab/Kota Dummy 29-22,Nusa Tenggara Timur,Bali dan Nusa Tenggara,2025,70.01,13.08,287861,2092.8,137.5,37.66,121.2,-10.1
3001,Kab/Kota Dummy 30-01,Kalimantan Barat,Kalimantan,2021,66.92,12.74,88448,2072.2,42.7,11.27,110.35,0.25
3001,Kab/Kota Dummy 30-01,Kalimantan Barat,Kalimantan,2022,67.58,14.55,89333,2072.2,43.1,13.0,110.35,0.25
3001,Kab/Kota Dummy 30-01,Kalimantan Barat,Kalimantan,2023,68.17,14.24,90217,2072.2,43.5,12.85,110.35,0.25
3001,Kab/Kota Dummy 30-01,Kalimantan Barat,Kalimantan,2024,69.48,13.49,91102,2072.2,44.0,12.29,110.35,0.25
3001,Kab/Kota Dummy 30-01,Kalimantan Barat,Kalimantan,2025,70.11,12.33,91986,2072.2,44.4,11.34,110.35,0.25
3002,Kab/Kota Dummy 30-02,Kalimantan Barat,Kalimantan,2021,64.7,14.31,184112,874.0,210.7,26.34,110.65,0.25
3002,Kab/Kota Dummy 30-02,Kalimantan Barat,Kalimantan,2022,65.55,15.53,185953,874.0,212.8,28.88,110.65,0.25
3002,Kab/Kota Dummy 30-02,Kalimantan Barat,Kalimantan,2023,67.54,14.73,187795,874.0,214.9,27.67,110.65,0.25
3002,Kab/Kota Dummy 30-02,Kalimantan Barat,Kalimantan,2024,67.24,14.02,189636,874.0,217.0,26.59,110.65,0.25
3002,Kab/Kota Dummy 30-02,Kalimantan Barat,Kalimantan,2025,67.39,14.02,191477,874.0,219.1,26.85,110.65,0.25
3003,Kab/Kota Dummy 30-03,Kalimantan Barat,Kalimantan,2021,69.97,12.16,78841,5061.5,15.6,9.58,110.95,0.25
3003,Kab/Kota Dummy 30-03,Kalimantan Barat,Kalimantan,2022,70.1,11.15,79630,5061.5,15.7,8.87,110.95,0.25
3003,Kab/Kota Dummy 30-03,Kalimantan Barat,Kalimantan,2023,71.86,11.82,80418,5061.5,15.9,9.51,110.95,0.25
3003,Kab/Kota Dummy 30-03,Kalimantan Barat,Kalimantan,2024,71.99,11.51,81206,5061.5,16.0,9.34,110.95,0.25
3003,Kab/Kota Dummy 30-03,Kalimantan Barat,Kalimantan,2025,72.98,11.78,81995,5061.5,16.2,9.66,110.95,0.25
3004,Kab/Kota Dummy 30-04,Kalimantan Barat,Kalimantan,2021,69.7,11.84,324956,2986.7,108.8,38.48,111.25,0.25
3004,Kab/Kota Dummy 30-04,Kalimantan Barat,Kalimantan,2022,70.15,11.2,328205,2986.7,109.9,36.77,111.25,0.25
3004,Kab/Kota Dummy 30-04,Kalimantan Barat,Kalimantan,2023,71.44,11.3,331455,2986.7,111.0,37.45,111.25,0.25
3004,Kab/Kota Dummy 30-04,Kalimantan Barat,Kalimantan,2024,72.9,10.43,334704,2986.7,112.1,34.91,111.25,0.25
3004,Kab/Kota Dummy 30-04,Kalimantan Barat,Kalimantan,2025,73.42,10.59,337954,2986.7,113.2,35.8,111.25,0.25
3005,Kab/Kota Dummy 30-05,Kalimantan Barat,Kalimantan,2021,68.06,12.9,323161,2165.8,149.2,41.69,110.35,-0.05
3005,Kab/Kota Dummy 30-05,Kalimantan Barat,Kalimantan,2022,69.31,12.89,326392,2165.8,150.7,42.08,110.35,-0.05
3005,Kab/Kota Dummy 30-05,Kalimantan Barat,Kalimantan,2023,69.11,11.49,329624,2165.8,152.2,37.88,110.35,-0.05
3005,Kab/Kota Dummy 30-05,Kalimantan Barat,Kalimantan,2024,70.41,9.9,332856,2165.8,153.7,32.94,110.35,-0.05
3005,Kab/Kota Dummy 30-05,Kalimantan Barat,Kalimantan,2025,70.19,10.77,336087,2165.8,155.2,36.2,110.35,-0.05
3006,Kab/Kota Dummy 30-06,Kalimantan Barat,Kalimantan,2021,66.38,14.3,538191,5124.9,105.0,76.96,110.65,-0.05
3006,Kab/Kota Dummy 30-06,Kalimantan Barat,Kalimantan,2022,66.94,12.57,543573,5124.9,106.1,68.33,110.65,-0.05
3006,Kab/Kota Dummy 30-06,Kalimantan Barat,Kalimantan,2023,67.99,12.57,548955,5124.9,107.1,68.99,110.65,-0.05
3006,Kab/Kota Dummy 30-06,Kalimantan Barat,Kalimantan,2024,69.87,12.72,554337,5124.9,108.2,70.51,110.65,-0.05
3006,Kab/Kota Dummy 30-06,Kalimantan Barat,Kalimantan,2025,70.73,13.23,559719,5124.9,109.2,74.05,110.65,-0.05
3007,Kab/Kota Dummy 30-07,Kalimantan Barat,Kalimantan,2021,71.38,10.92,323081,99.3,3253.5,35.28,110.95,-0.05
3007,Kab/Kota Dummy 30-07,Kalimantan Barat,Kalimantan,2022,71.41,9.94,326311,99.3,3286.1,32.44,110.95,-0.05
3007,Kab/Kota Dummy 30-07,Kalimantan Barat,Kalimantan,2023,73.07,10.18,329542,99.3,3318.6,33.54,110.95,-0.05
3007,Kab/Kota Dummy 30-07,Kalimantan Barat,Kalimantan,2024,73.46,9.44,332773,99.3,3351.1,31.42,110.95,-0.05
3007,Kab/Kota Dummy 30-07,Kalimantan Barat,Kalimantan,2025,74.21,8.68,336004,99.3,3383.7,29.16,110.95,-0.05
3008,Kab/Kota Dummy 30-08,Kalimantan Barat,Kalimantan,2021,70.0,11.39,654683,1573.8,416.0,74.55,111.25,-0.05
3008,Kab/Kota Dummy 30-08,Kalimantan Barat,Kalimantan,2022,71.21,9.79,661230,1573.8,420.1,64.76,111.25,-0.05
3008,Kab/Kota Dummy 30-08,Kalimantan Barat,Kalimantan,2023,72.89,10.14,667777,1573.8,424.3,67.75,111.25,-0.05
3008,Kab/Kota Dummy 30-08,Kalimantan Barat,Kalimantan,2024,73.54,10.51,674323,1573.8,428.5,70.89,111.25,-0.05
3008,Kab/Kota Dummy 30-08,Kalimantan Barat,Kalimantan,2025,74.06,10.0,680870,1573.8,432.6,68.07,111.25,-0.05
3009,Kab/Kota Dummy 30-09,Kalimantan Barat,Kalimantan,2021,70.88,9.1,216988,1067.0,203.4,19.74,110.35,-0.35
3009,Kab/Kota Dummy 30-09,Kalimantan Barat,Kalimantan,2022,71.82,11.07,219158,1067.0,205.4,24.26,110.35,-0.35
3009,Kab/Kota Dummy 30-09,Kalimantan Barat,Kalimantan,2023,72.07,10.32,221328,1067.0,207.4,22.85,110.35,-0.35
3009,Kab/Kota Dummy 30-09,Kalimantan Barat,Kalimantan,2024,72.5,8.21,223497,1067.0,209.5,18.35,110.35,-0.35
3009,Kab/Kota Dummy 30-09,Kalimantan Barat,Kalimantan,2025,74.24,9.45,225667,1067.0,211.5,21.32,110.35,-0.35
3010,Kab/Kota Dummy 30-10,Kalimantan Barat,Kalimantan,2021,74.92,5.92,319913,87.8,3643.0,18.94,110.65,-0.35
3010,Kab/Kota Dummy 30-10,Kalimantan Barat,Kalimantan,2022,76.25,5.92,323112,87.8,3679.4,19.13,110.65,-0.35
3010,Kab/Kota Dummy 30-10,Kalimantan Barat,Kalimantan,2023,77.84,5.59,326311,87.8,3715.9,18.24,110.65,-0.35
3010,Kab/Kota Dummy 30-10,Kalimantan Barat,Kalimantan,2024,77.84,6.96,329510,87.8,3752.3,22.92,110.65,-0.35
3010,Kab/Kota Dummy 30-10,Kalimantan Barat,Kalimantan,2025,78.19,6.8,332709,87.8,3788.7,22.63,110.65,-0.35
3011,Kab/Kota Dummy 30-11,Kalimantan Barat,Kalimantan,2021,70.6,10.64,128317,4012.6,32.0,13.66,110.95,-0.35
3011,Kab/Kota Dummy 30-11,Kalimantan Barat,Kalimantan,2022,71.6,11.41,129600,4012.6,32.3,14.78,110.95,-0.35
3011,Kab/Kota Dummy 30-11,Kalimantan Barat,Kalimantan,2023,72.04,9.99,130883,4012.6,32.6,13.08,110.95,-0.35
3011,Kab/Kota Dummy 30-11,Kalimantan Barat,Kalimantan,2024,72.0,11.23,132166,4012.6,32.9,14.84,110.95,-0.35
3011,Kab/Kota Dummy 30-11,Kalimantan Barat,Kalimantan,2025,74.14,10.37,133449,4012.6,33.3,13.84,110.95,-0.35
3012,Kab/Kota Dummy 30-12,Kalimantan Barat,Kalimantan,2021,72.79,9.73,118486,2837.5,41.8,11.52,111.25,-0.35
3012,Kab/Kota Dummy 30-12,Kalimantan Barat,Kalimantan,2022,73.34,10.45,119671,2837.5,42.2,12.51,111.25,-0.35
3012,Kab/Kota Dummy 30-12,Kalimantan Barat,Kalimantan,2023,73.86,8.74,120856,2837.5,42.6,10.56,111.25,-0.35
3012,Kab/Kota Dummy 30-12,Kalimantan Barat,Kalimantan,2024,74.24,9.33,122041,2837.5,43.0,11.39,111.25,-0.35
3012,Kab/Kota Dummy 30-12,Kalimantan Barat,Kalimantan,2025,75.75,8.74,123225,2837.5,43.4,10.77,111.25,-0.35
3013,Kab/Kota Dummy 30-13,Kalimantan Barat,Kalimantan,2021,74.75,7.38,244754,517.0,473.4,18.06,110.35,-0.65
3013,Kab/Kota Dummy 30-13,Kalimantan Barat,Kalimantan,2022,74.54,7.55,247202,517.0,478.1,18.67,110.35,-0.65
3013,Kab/Kota Dummy 30-13,Kalimantan Barat,Kalimantan,2023,75.2,7.74,249650,517.0,482.9,19.32,110.35,-0.65
3013,Kab/Kota Dummy 30-13,Kalimantan Barat,Kalimantan,2024,77.37,6.99,252097,517.0,487.6,17.61,110.35,-0.65
3013,Kab/Kota Dummy 30-13,Kalimantan Barat,Kalimantan,2025,78.57,6.59,254545,517.0,492.3,16.77,110.35,-0.65
3014,Kab/Kota Dummy 30-14,Kalimantan Barat,Kalimantan,2021,65.07,13.52,1120577,7688.2,145.8,151.55,110.65,-0.65
3014,Kab/Kota Dummy 30-14,Kalimantan Barat,Kalimantan,2022,65.98,15.89,1131783,7688.2,147.2,179.89,110.65,-0.65
3014,Kab/Kota Dummy 30-14,Kalimantan Barat,Kalimantan,2023,66.37,14.33,1142989,7688.2,148.7,163.77,110.65,-0.65
3014,Kab/Kota Dummy 30-14,Kalimantan Barat,Kalimantan,2024,67.88,14.03,1154194,7688.2,150.1,161.95,110.65,-0.65
3014,Kab/Kota Dummy 30-14,Kalimantan Barat,Kalimantan,2025,68.08,15.05,1165400,7688.2,151.6,175.37,110.65,-0.65
3101,Kab/Kota Dummy 31-01,Kalimantan Tengah,Kalimantan,2021,75.55,7.81,422912,552.9,764.9,33.04,113.05,-1.25
3101,Kab/Kota Dummy 31-01,Kalimantan Tengah,Kalimantan,2022,76.86,5.72,427141,552.9,772.5,24.44,113.05,-1.25
3101,Kab/Kota Dummy 31-01,Kalimantan Tengah,Kalimantan,2023,77.56,5.66,431370,552.9,780.2,24.42,113.05,-1.25
3101,Kab/Kota Dummy 31-01,Kalimantan Tengah,Kalimantan,2024,78.1,6.49,435599,552.9,787.8,28.28,113.05,-1.25
3101,Kab/Kota Dummy 31-01,Kalimantan Tengah,Kalimantan,2025,78.18,5.15,439829,552.9,795.5,22.66,113.05,-1.25
3102,Kab/Kota Dummy 31-02,Kalimantan Tengah,Kalimantan,2021,69.57,10.98,154277,1104.4,139.7,16.94,113.35,-1.25
3102,Kab/Kota Dummy 31-02,Kalimantan Tengah,Kalimantan,2022,68.68,10.77,155819,1104.4,141.1,16.78,113.35,-1.25
3102,Kab/Kota Dummy 31-02,Kalimantan Tengah,Kalimantan,2023,71.12,12.29,157362,1104.4,142.5,19.34,113.35,-1.25
3102,Kab/Kota Dummy 31-02,Kalimantan Tengah,Kalimantan,2024,70.87,11.18,158905,1104.4,143.9,17.77,113.35,-1.25
3102,Kab/Kota Dummy 31-02,Kalimantan Tengah,Kalimantan,2025,72.72,9.61,160448,1104.4,145.3,15.41,113.35,-1.25
3103,Kab/Kota Dummy 31-03,Kalimantan Tengah,Kalimantan,2021,71.47,8.65,224975,1947.1,115.5,19.47,113.65,-1.25
3103,Kab/Kota Dummy 31-03,Kalimantan Tengah,Kalimantan,2022,72.87,10.0,227225,1947.1,116.7,22.72,113.65,-1.25
3103,Kab/Kota Dummy 31-03,Kalimantan Tengah,Kalimantan,2023,74.26,9.26,229475,1947.1,117.9,21.24,113.65,-1.25
3103,Kab/Kota Dummy 31-03,Kalimantan Tengah,Kalimantan,2024,73.63,8.95,231725,1947.1,119.0,20.75,113.65,-1.25
3103,Kab/Kota Dummy 31-03,Kalimantan Tengah,Kalimantan,2025,75.59,9.69,233974,1947.1,120.2,22.68,113.65,-1.25
3104,Kab/Kota Dummy 31-04,Kalimantan Tengah,Kalimantan,2021,69.99,11.16,399640,7215.5,55.4,44.59,113.95,-1.25
3104,Kab/Kota Dummy 31-04,Kalimantan Tengah,Kalimantan,2022,71.34,12.35,403636,7215.5,55.9,49.84,113.95,-1.25
3104,Kab/Kota Dummy 31-04,Kalimantan Tengah,Kalimantan,2023,70.59,10.14,407632,7215.5,56.5,41.33,113.95,-1.25
3104,Kab/Kota Dummy 31-04,Kalimantan Tengah,Kalimantan,2024,71.95,10.12,411629,7215.5,57.0,41.66,113.95,-1.25
3104,Kab/Kota Dummy 31-04,Kalimantan Tengah,Kalimantan,2025,72.82,10.31,415625,7215.5,57.6,42.86,113.95,-1.25
3105,Kab/Kota Dummy 31-05,Kalimantan Tengah,Kalimantan,2021,68.23,11.9,427110,606.5,704.2,50.82,113.05,-1.55
3105,Kab/Kota Dummy 31-05,Kalimantan Tengah,Kalimantan,2022,68.4,12.95,431382,606.5,711.2,55.86,113.05,-1.55
3105,Kab/Kota Dummy 31-05,Kalimantan Tengah,Kalimantan,2023,69.8,11.02,435653,606.5,718.3,48.02,113.05,-1.55
3105,Kab/Kota Dummy 31-05,Kalimantan Tengah,Kalimantan,2024,71.73,11.54,439924,606.5,725.3,50.78,113.05,-1.55
3105,Kab/Kota Dummy 31-05,Kalimantan Tengah,Kalimantan,2025,71.61,10.68,444195,606.5,732.4,47.45,113.05,-1.55
3106,Kab/Kota Dummy 31-06,Kalimantan Tengah,Kalimantan,2021,69.49,12.45,303228,5277.5,57.5,37.75,113.35,-1.55
3106,Kab/Kota Dummy 31-06,Kalimantan Tengah,Kalimantan,2022,69.63,11.77,306260,5277.5,58.0,36.04,113.35,-1.55
3106,Kab/Kota Dummy 31-06,Kalimantan Tengah,Kalimantan,2023,70.65,11.8,309292,5277.5,58.6,36.49,113.35,-1.55
3106,Kab/Kota Dummy 31-06,Kalimantan Tengah,Kalimantan,2024,71.66,10.72,312325,5277.5,59.2,33.49,113.35,-1.55
3106,Kab/Kota Dummy 31-06,Kalimantan Tengah,Kalimantan,2025,71.8,11.16,315357,5277.5,59.8,35.2,113.35,-1.55
3107,Kab/Kota Dummy 31-07,Kalimantan Tengah,Kalimantan,2021,70.15,11.53,268426,1120.7,239.5,30.96,113.65,-1.55
3107,Kab/Kota Dummy 31-07,Kalimantan Tengah,Kalimantan,2022,70.73,10.28,271110,1120.7,241.9,27.88,113.65,-1.55
3107,Kab/Kota Dummy 31-07,Kalimantan Tengah,Kalimantan,2023,70.95,10.73,273794,1120.7,244.3,29.38,113.65,-1.55
3107,Kab/Kota Dummy 31-07,Kalimantan Tengah,Kalimantan,2024,72.45,9.73,276479,1120.7,246.7,26.91,113.65,-1.55
3107,Kab/Kota Dummy 31-07,Kalimantan Tengah,Kalimantan,2025,73.05,10.05,279163,1120.7,249.1,28.06,113.65,-1.55
3108,Kab/Kota Dummy 31-08,Kalimantan Tengah,Kalimantan,2021,80.09,5.18,1191527,215.2,5536.3,61.69,113.95,-1.55
3108,Kab/Kota Dummy 31-08,Kalimantan Tengah,Kalimantan,2022,80.13,4.5,1203442,215.2,5591.7,54.14,113.95,-1.55
3108,Kab/Kota Dummy 31-08,Kalimantan Tengah,Kalimantan,2023,80.26,4.33,1215357,215.2,5647.0,52.62,113.95,-1.55
3108,Kab/Kota Dummy 31-08,Kalimantan Tengah,Kalimantan,2024,81.46,3.66,1227272,215.2,5702.4,44.98,113.95,-1.55
3108,Kab/Kota Dummy 31-08,Kalimantan Tengah,Kalimantan,2025,82.29,3.46,1239188,215.2,5757.8,42.9,113.95,-1.55
3109,Kab/Kota Dummy 31-09,Kalimantan Tengah,Kalimantan,2021,76.04,5.45,249931,153.4,1629.2,13.61,113.05,-1.85
3109,Kab/Kota Dummy 31-09,Kalimantan Tengah,Kalimantan,2022,77.85,4.62,252430,153.4,1645.5,11.65,113.05,-1.85
3109,Kab/Kota Dummy 31-09,Kalimantan Tengah,Kalimantan,2023,78.43,5.84,254930,153.4,1661.8,14.89,113.05,-1.85
3109,Kab/Kota Dummy 31-09,Kalimantan Tengah,Kalimantan,2024,79.72,4.97,257429,153.4,1678.1,12.81,113.05,-1.85
3109,Kab/Kota Dummy 31-09,Kalimantan Tengah,Kalimantan,2025,80.58,4.51,259928,153.4,1694.4,11.71,113.05,-1.85
3110,Kab/Kota Dummy 31-10,Kalimantan Tengah,Kalimantan,2021,74.7,9.58,198997,689.4,288.7,19.06,113.35,-1.85
3110,Kab/Kota Dummy 31-10,Kalimantan Tengah,Kalimantan,2022,75.07,8.95,200987,689.4,291.5,17.99,113.35,-1.85
3110,Kab/Kota Dummy 31-10,Kalimantan Tengah,Kalimantan,2023,76.07,7.23,202977,689.4,294.4,14.68,113.35,-1.85
3110,Kab/Kota Dummy 31-10,Kalimantan Tengah,Kalimantan,2024,76.39,6.6,204967,689.4,297.3,13.52,113.35,-1.85
3110,Kab/Kota Dummy 31-10,Kalimantan Tengah,Kalimantan,2025,77.43,7.43,206957,689.4,300.2,15.39,113.35,-1.85
3111,Kab/Kota Dummy 31-11,Kalimantan Tengah,Kalimantan,2021,72.64,9.15,271046,3438.9,78.8,24.8,113.65,-1.85
3111,Kab/Kota Dummy 31-11,Kalimantan Tengah,Kalimantan,2022,74.41,8.34,273756,3438.9,79.6,22.82,113.65,-1.85
3111,Kab/Kota Dummy 31-11,Kalimantan Tengah,Kalimantan,2023,73.87,9.83,276467,3438.9,80.4,27.18,113.65,-1.85
3111,Kab/Kota Dummy 31-11,Kalimantan Tengah,Kalimantan,2024,75.69,8.11,279177,3438.9,81.2,22.65,113.65,-1.85
3111,Kab/Kota Dummy 31-11,Kalimantan Tengah,Kalimantan,2025,76.39,7.34,281888,3438.9,82.0,20.7,113.65,-1.85
3112,Kab/Kota Dummy 31-12,Kalimantan Tengah,Kalimantan,2021,70.41,11.3,614126,2547.4,241.1,69.4,113.95,-1.85
3112,Kab/Kota Dummy 31-12,Kalimantan Tengah,Kalimantan,2022,70.5,11.06,620267,2547.4,243.5,68.59,113.95,-1.85
3112,Kab/Kota Dummy 31-12,Kalimantan Tengah,Kalimantan,2023,71.76,10.64,626409,2547.4,245.9,66.65,113.95,-1.85
3112,Kab/Kota Dummy 31-12,Kalimantan Tengah,Kalimantan,2024,72.87,10.11,632550,2547.4,248.3,63.94,113.95,-1.85
3112,Kab/Kota Dummy 31-12,Kalimantan Tengah,Kalimantan,2025,73.54,9.74,638691,2547.4,250.7,62.22,113.95,-1.85
3113,Kab/Kota Dummy 31-13,Kalimantan Tengah,Kalimantan,2021,69.87,11.58,295959,802.7,368.7,34.26,113.05,-2.15
3113,Kab/Kota Dummy 31-13,Kalimantan Tengah,Kalimantan,2022,69.41,11.77,298919,802.7,372.4,35.17,113.05,-2.15
3113,Kab/Kota Dummy 31-13,Kalimantan Tengah,Kalimantan,2023,71.26,10.5,301878,802.7,376.1,31.7,113.05,-2.15
3113,Kab/Kota Dummy 31-13,Kalimantan Tengah,Kalimantan,2024,71.64,8.96,304838,802.7,379.8,27.31,113.05,-2.15
3113,Kab/Kota Dummy 31-13,Kalimantan Tengah,Kalimantan,2025,72.63,9.74,307798,802.7,383.4,29.98,113.05,-2.15
3114,Kab/Kota Dummy 31-14,Kalimantan Tengah,Kalimantan,2021,70.27,11.52,277977,348.0,798.8,32.02,113.35,-2.15
3114,Kab/Kota Dummy 31-14,Kalimantan Tengah,Kalimantan,2022,70.37,11.37,280757,348.0,806.8,31.91,113.35,-2.15
3114,Kab/Kota Dummy 31-14,Kalimantan Tengah,Kalimantan,2023,71.64,10.77,283536,348.0,814.8,30.55,113.35,-2.15
3114,Kab/Kota Dummy 31-14,Kalimantan Tengah,Kalimantan,2024,72.81,10.84,286316,348.0,822.8,31.03,113.35,-2.15
3114,Kab/Kota Dummy 31-14,Kalimantan Tengah,Kalimantan,2025,73.35,9.59,289096,348.0,830.8,27.73,113.35,-2.15
3201,Kab/Kota Dummy 32-01,Kalimantan Selatan,Kalimantan,2021,71.84,9.8,470417,2291.3,205.3,46.09,114.75,-2.55
3201,Kab/Kota Dummy 32-01,Kalimantan Selatan,Kalimantan,2022,71.92,8.78,475121,2291.3,207.4,41.74,114.75,-2.55
3201,Kab/Kota Dummy 32-01,Kalimantan Selatan,Kalimantan,2023,73.03,7.68,479825,2291.3,209.4,36.87,114.75,-2.55
3201,Kab/Kota Dummy 32-01,Kalimantan Selatan,Kalimantan,2024,74.13,8.8,484530,2291.3,211.5,42.63,114.75,-2.55
3201,Kab/Kota Dummy 32-01,Kalimantan Selatan,Kalimantan,2025,75.4,8.22,489234,2291.3,213.5,40.19,114.75,-2.55
3202,Kab/Kota Dummy 32-02,Kalimantan Selatan,Kalimantan,2021,71.64,9.22,944605,1458.5,647.6,87.05,115.05,-2.55
3202,Kab/Kota Dummy 32-02,Kalimantan Selatan,Kalimantan,2022,72.82,8.66,954051,1458.5,654.1,82.67,115.05,-2.55
3202,Kab/Kota Dummy 32-02,Kalimantan Selatan,Kalimantan,2023,74.48,10.64,963497,1458.5,660.6,102.48,115.05,-2.55
3202,Kab/Kota Dummy 32-02,Kalimantan Selatan,Kalimantan,2024,74.04,7.59,972943,1458.5,667.1,73.87,115.05,-2.55
3202,Kab/Kota Dummy 32-02,Kalimantan Selatan,Kalimantan,2025,74.83,9.12,982389,1458.5,673.5,89.63,115.05,-2.55
3203,Kab/Kota Dummy 32-03,Kalimantan Selatan,Kalimantan,2021,68.89,10.76,461714,1233.6,374.3,49.66,115.35,-2.55
3203,Kab/Kota Dummy 32-03,Kalimantan Selatan,Kalimantan,2022,71.15,11.1,466331,1233.6,378.0,51.76,115.35,-2.55
3203,Kab/Kota Dummy 32-03,Kalimantan Selatan,Kalimantan,2023,71.91,11.16,470949,1233.6,381.8,52.58,115.35,-2.55
3203,Kab/Kota Dummy 32-03,Kalimantan Selatan,Kalimantan,2024,72.45,10.53,475566,1233.6,385.5,50.07,115.35,-2.55
3203,Kab/Kota Dummy 32-03,Kalimantan Selatan,Kalimantan,2025,72.14,10.99,480183,1233.6,389.2,52.78,115.35,-2.55
3204,Kab/Kota Dummy 32-04,Kalimantan Selatan,Kalimantan,2021,72.89,8.0,132531,2100.7,63.1,10.61,115.65,-2.55
3204,Kab/Kota Dummy 32-04,Kalimantan Selatan,Kalimantan,2022,72.89,8.86,133857,2100.7,63.7,11.86,115.65,-2.55
3204,Kab/Kota Dummy 32-04,Kalimantan Selatan,Kalimantan,2023,73.15,9.88,135182,2100.7,64.4,13.35,115.65,-2.55
3204,Kab/Kota Dummy 32-04,Kalimantan Selatan,Kalimantan,2024,75.4,9.48,136507,2100.7,65.0,12.95,115.65,-2.55
3204,Kab/Kota Dummy 32-04,Kalimantan Selatan,Kalimantan,2025,75.6,7.24,137833,2100.7,65.6,9.98,115.65,-2.55
3205,Kab/Kota Dummy 32-05,Kalimantan Selatan,Kalimantan,2021,74.01,8.62,2010311,55.5,36217.5,173.24,114.75,-2.85
3205,Kab/Kota Dummy 32-05,Kalimantan Selatan,Kalimantan,2022,74.0,8.0,2030415,55.5,36579.6,162.5,114.75,-2.85
3205,Kab/Kota Dummy 32-05,Kalimantan Selatan,Kalimantan,2023,75.14,8.04,2050518,55.5,36941.8,164.85,114.75,-2.85
3205,Kab/Kota Dummy 32-05,Kalimantan Selatan,Kalimantan,2024,75.99,6.93,2070621,55.5,37304.0,143.59,114.75,-2.85
3205,Kab/Kota Dummy 32-05,Kalimantan Selatan,Kalimantan,2025,76.55,6.59,2090724,55.5,37666.2,137.83,114.75,-2.85
3206,Kab/Kota Dummy 32-06,Kalimantan Selatan,Kalimantan,2021,75.31,7.28,207166,513.2,403.6,15.08,115.05,-2.85
3206,Kab/Kota Dummy 32-06,Kalimantan Selatan,Kalimantan,2022,75.89,7.71,209238,513.2,407.7,16.14,115.05,-2.85
3206,Kab/Kota Dummy 32-06,Kalimantan Selatan,Kalimantan,2023,76.16,6.01,211309,513.2,411.7,12.71,115.05,-2.85
3206,Kab/Kota Dummy 32-06,Kalimantan Selatan,Kalimantan,2024,77.5,5.48,213381,513.2,415.8,11.69,115.05,-2.85
3206,Kab/Kota Dummy 32-06,Kalimantan Selatan,Kalimantan,2025,78.05,5.38,215453,513.2,419.8,11.6,115.05,-2.85
3207,Kab/Kota Dummy 32-07,Kalimantan Selatan,Kalimantan,2021,70.88,9.62,296303,1785.8,165.9,28.49,115.35,-2.85
3207,Kab/Kota Dummy 32-07,Kalimantan Selatan,Kalimantan,2022,71.37,10.42,299266,1785.8,167.6,31.2,115.35,-2.85
3207,Kab/Kota Dummy 32-07,Kalimantan Selatan,Kalimantan,2023,73.05,10.6,302229,1785.8,169.2,32.04,115.35,-2.85
3207,Kab/Kota Dummy 32-07,Kalimantan Selatan,Kalimantan,2024,73.35,9.92,305192,1785.8,170.9,30.29,115.35,-2.85
3207,Kab/Kota Dummy 32-07,Kalimantan Selatan,Kalimantan,2025,74.64,8.54,308155,1785.8,172.6,26.33,115.35,-2.85
3208,Kab/Kota Dummy 32-08,Kalimantan Selatan,Kalimantan,2021,74.2,7.59,193661,314.0,616.7,14.71,115.65,-2.85
3208,Kab/Kota Dummy 32-08,Kalimantan Selatan,Kalimantan,2022,74.91,6.72,195598,314.0,622.8,13.15,115.65,-2.85
3208,Kab/Kota Dummy 32-08,Kalimantan Selatan,Kalimantan,2023,75.68,8.15,197535,314.0,629.0,16.1,115.65,-2.85
3208,Kab/Kota Dummy 32-08,Kalimantan Selatan,Kalimantan,2024,77.4,7.08,199471,314.0,635.2,14.12,115.65,-2.85
3208,Kab/Kota Dummy 32-08,Kalimantan Selatan,Kalimantan,2025,78.04,7.29,201408,314.0,641.3,14.68,115.65,-2.85
3209,Kab/Kota Dummy 32-09,Kalimantan Selatan,Kalimantan,2021,74.1,8.85,77894,514.1,151.5,6.9,114.75,-3.15
3209,Kab/Kota Dummy 32-09,Kalimantan Selatan,Kalimantan,2022,74.58,8.75,78673,514.1,153.0,6.88,114.75,-3.15
3209,Kab/Kota Dummy 32-09,Kalimantan Selatan,Kalimantan,2023,75.09,8.3,79452,514.1,154.6,6.59,114.75,-3.15
3209,Kab/Kota Dummy 32-09,Kalimantan Selatan,Kalimantan,2024,76.2,6.68,80231,514.1,156.1,5.36,114.75,-3.15
3209,Kab/Kota Dummy 32-09,Kalimantan Selatan,Kalimantan,2025,77.74,8.15,81010,514.1,157.6,6.6,114.75,-3.15
3210,Kab/Kota Dummy 32-10,Kalimantan Selatan,Kalimantan,2021,72.96,8.57,510489,90.3,5655.7,43.76,115.05,-3.15
3210,Kab/Kota Dummy 32-10,Kalimantan Selatan,Kalimantan,2022,73.53,8.17,515594,90.3,5712.3,42.15,115.05,-3.15
3210,Kab/Kota Dummy 32-10,Kalimantan Selatan,Kalimantan,2023,73.87,9.06,520699,90.3,5768.8,47.19,115.05,-3.15
3210,Kab/Kota Dummy 32-10,Kalimantan Selatan,Kalimantan,2024,75.02,8.73,525804,90.3,5825.4,45.88,115.05,-3.15
3210,Kab/Kota Dummy 32-10,Kalimantan Selatan,Kalimantan,2025,76.97,8.02,530908,90.3,5881.9,42.56,115.05,-3.15
3211,Kab/Kota Dummy 32-11,Kalimantan Selatan,Kalimantan,2021,72.34,11.48,494163,2686.2,184.0,56.72,115.35,-3.15
3211,Kab/Kota Dummy 32-11,Kalimantan Selatan,Kalimantan,2022,72.26,9.52,499104,2686.2,185.8,47.51,115.35,-3.15
3211,Kab/Kota Dummy 32-11,Kalimantan Selatan,Kalimantan,2023,74.62,9.38,504046,2686.2,187.6,47.3,115.35,-3.15
3211,Kab/Kota Dummy 32-11,Kalimantan Selatan,Kalimantan,2024,73.71,9.16,508988,2686.2,189.5,46.63,115.35,-3.15
3211,Kab/Kota Dummy 32-11,Kalimantan Selatan,Kalimantan,2025,74.81,8.39,513929,2686.2,191.3,43.12,115.35,-3.15
3212,Kab/Kota Dummy 32-12,Kalimantan Selatan,Kalimantan,2021,72.08,9.65,201583,645.4,312.3,19.45,115.65,-3.15
3212,Kab/Kota Dummy 32-12,Kalimantan Selatan,Kalimantan,2022,72.4,10.25,203599,645.4,315.4,20.86,115.65,-3.15
3212,Kab/Kota Dummy 32-12,Kalimantan Selatan,Kalimantan,2023,72.42,10.04,205615,645.4,318.6,20.64,115.65,-3.15
3212,Kab/Kota Dummy 32-12,Kalimantan Selatan,Kalimantan,2024,73.41,10.08,207631,645.4,321.7,20.93,115.65,-3.15
3212,Kab/Kota Dummy 32-12,Kalimantan Selatan,Kalimantan,2025,74.97,8.15,209646,645.4,324.8,17.08,115.65,-3.15
3213,Kab/Kota Dummy 32-13,Kalimantan Selatan,Kalimantan,2021,76.37,2.79,200507,9261.1,21.7,5.59,114.75,-3.45
3213,Kab/Kota Dummy 32-13,Kalimantan Selatan,Kalimantan,2022,77.66,5.32,202512,9261.1,21.9,10.78,114.75,-3.45
3213,Kab/Kota Dummy 32-13,Kalimantan Selatan,Kalimantan,2023,78.85,3.83,204517,9261.1,22.1,7.84,114.75,-3.45
3213,Kab/Kota Dummy 32-13,Kalimantan Selatan,Kalimantan,2024,79.49,4.25,206522,9261.1,22.3,8.77,114.75,-3.45
3213,Kab/Kota Dummy 32-13,Kalimantan Selatan,Kalimantan,2025,80.65,3.9,208527,9261.1,22.5,8.14,114.75,-3.45
3301,Kab/Kota Dummy 33-01,Kalimantan Timur,Kalimantan,2021,77.56,4.59,287417,455.3,631.2,13.18,116.15,0.6
3301,Kab/Kota Dummy 33-01,Kalimantan Timur,Kalimantan,2022,78.09,5.42,290291,455.3,637.5,15.73,116.15,0.6
3301,Kab/Kota Dummy 33-01,Kalimantan Timur,Kalimantan,2023,78.75,5.3,293165,455.3,643.8,15.54,116.15,0.6
3301,Kab/Kota Dummy 33-01,Kalimantan Timur,Kalimantan,2024,80.07,4.39,296040,455.3,650.2,12.98,116.15,0.6
3301,Kab/Kota Dummy 33-01,Kalimantan Timur,Kalimantan,2025,81.57,4.5,298914,455.3,656.5,13.44,116.15,0.6
3302,Kab/Kota Dummy 33-02,Kalimantan Timur,Kalimantan,2021,74.59,7.98,475142,873.4,544.0,37.94,116.45,0.6
3302,Kab/Kota Dummy 33-02,Kalimantan Timur,Kalimantan,2022,74.95,7.16,479893,873.4,549.5,34.38,116.45,0.6
3302,Kab/Kota Dummy 33-02,Kalimantan Timur,Kalimantan,2023,76.28,7.75,484644,873.4,554.9,37.57,116.45,0.6
3302,Kab/Kota Dummy 33-02,Kalimantan Timur,Kalimantan,2024,76.27,6.14,489396,873.4,560.4,30.07,116.45,0.6
3302,Kab/Kota Dummy 33-02,Kalimantan Timur,Kalimantan,2025,78.7,7.34,494147,873.4,565.8,36.27,116.45,0.6
3303,Kab/Kota Dummy 33-03,Kalimantan Timur,Kalimantan,2021,69.41,10.77,263956,3395.6,77.7,28.43,116.75,0.6
3303,Kab/Kota Dummy 33-03,Kalimantan Timur,Kalimantan,2022,70.76,11.39,266596,3395.6,78.5,30.37,116.75,0.6
3303,Kab/Kota Dummy 33-03,Kalimantan Timur,Kalimantan,2023,71.76,11.5,269235,3395.6,79.3,30.97,116.75,0.6
3303,Kab/Kota Dummy 33-03,Kalimantan Timur,Kalimantan,2024,72.14,10.84,271875,3395.6,80.1,29.47,116.75,0.6
3303,Kab/Kota Dummy 33-03,Kalimantan Timur,Kalimantan,2025,73.06,10.38,274515,3395.6,80.8,28.5,116.75,0.6
3304,Kab/Kota Dummy 33-04,Kalimantan Timur,Kalimantan,2021,80.54,2.69,272409,1341.7,203.0,7.32,117.05,0.6
3304,Kab/Kota Dummy 33-04,Kalimantan Timur,Kalimantan,2022,81.06,5.06,275133,1341.7,205.1,13.93,117.05,0.6
3304,Kab/Kota Dummy 33-04,Kalimantan Timur,Kalimantan,2023,81.19,2.48,277857,1341.7,207.1,6.88,117.05,0.6
3304,Kab/Kota Dummy 33-04,Kalimantan Timur,Kalimantan,2024,82.1,2.44,280582,1341.7,209.1,6.85,117.05,0.6
3304,Kab/Kota Dummy 33-04,Kalimantan Timur,Kalimantan,2025,82.69,2.49,283306,1341.7,211.1,7.04,117.05,0.6
3305,Kab/Kota Dummy 33-05,Kalimantan Timur,Kalimantan,2021,75.38,6.07,508139,1119.3,454.0,30.84,116.15,0.3
3305,Kab/Kota Dummy 33-05,Kalimantan Timur,Kalimantan,2022,76.38,6.05,513221,1119.3,458.5,31.06,116.15,0.3
3305,Kab/Kota Dummy 33-05,Kalimantan Timur,Kalimantan,2023,78.53,5.8,518302,1119.3,463.1,30.06,116.15,0.3
3305,Kab/Kota Dummy 33-05,Kalimantan Timur,Kalimantan,2024,78.13,5.43,523384,1119.3,467.6,28.44,116.15,0.3
3305,Kab/Kota Dummy 33-05,Kalimantan Timur,Kalimantan,2025,79.14,6.16,528465,1119.3,472.1,32.53,116.15,0.3
3306,Kab/Kota Dummy 33-06,Kalimantan Timur,Kalimantan,2021,74.96,6.94,278201,2238.9,124.3,19.3,116.45,0.3
3306,Kab/Kota Dummy 33-06,Kalimantan Timur,Kalimantan,2022,74.97,8.16,280983,2238.9,125.5,22.92,116.45,0.3
3306,Kab/Kota Dummy 33-06,Kalimantan Timur,Kalimantan,2023,76.47,7.11,283765,2238.9,126.7,20.17,116.45,0.3
3306,Kab/Kota Dummy 33-06,Kalimantan Timur,Kalimantan,2024,75.77,6.6,286547,2238.9,128.0,18.91,116.45,0.3
3306,Kab/Kota Dummy 33-06,Kalimantan Timur,Kalimantan,2025,79.05,5.98,289329,2238.9,129.2,17.3,116.45,0.3
3307,Kab/Kota Dummy 33-07,Kalimantan Timur,Kalimantan,2021,74.84,6.77,978928,1004.7,974.3,66.23,116.75,0.3
3307,Kab/Kota Dummy 33-07,Kalimantan Timur,Kalimantan,2022,75.65,7.26,988718,1004.7,984.1,71.79,116.75,0.3
3307,Kab/Kota Dummy 33-07,Kalimantan Timur,Kalimantan,2023,77.52,7.25,998507,1004.7,993.8,72.37,116.75,0.3
3307,Kab/Kota Dummy 33-07,Kalimantan Timur,Kalimantan,2024,78.36,7.41,1008296,1004.7,1003.6,74.71,116.75,0.3
3307,Kab/Kota Dummy 33-07,Kalimantan Timur,Kalimantan,2025,77.75,5.81,1018086,1004.7,1013.3,59.19,116.75,0.3
3308,Kab/Kota Dummy 33-08,Kalimantan Timur,Kalimantan,2021,86.36,1.0,471224,166.9,2822.9,4.71,117.05,0.3
3308,Kab/Kota Dummy 33-08,Kalimantan Timur,Kalimantan,2022,86.19,1.0,475936,166.9,2851.1,4.76,117.05,0.3
3308,Kab/Kota Dummy 33-08,Kalimantan Timur,Kalimantan,2023,87.59,1.0,480649,166.9,2879.3,4.81,117.05,0.3
3308,Kab/Kota Dummy 33-08,Kalimantan Timur,Kalimantan,2024,88.51,1.0,485361,166.9,2907.6,4.85,117.05,0.3
3308,Kab/Kota Dummy 33-08,Kalimantan Timur,Kalimantan,2025,88.36,1.0,490073,166.9,2935.8,4.9,117.05,0.3
3309,Kab/Kota Dummy 33-09,Kalimantan Timur,Kalimantan,2021,74.28,7.99,653566,3037.8,215.1,52.21,116.15,0.0
3309,Kab/Kota Dummy 33-09,Kalimantan Timur,Kalimantan,2022,75.39,8.04,660101,3037.8,217.3,53.09,116.15,0.0
3309,Kab/Kota Dummy 33-09,Kalimantan Timur,Kalimantan,2023,76.7,8.3,666637,3037.8,219.4,55.32,116.15,0.0
3309,Kab/Kota Dummy 33-09,Kalimantan Timur,Kalimantan,2024,76.37,6.55,673173,3037.8,221.6,44.1,116.15,0.0
3309,Kab/Kota Dummy 33-09,Kalimantan Timur,Kalimantan,2025,77.22,6.79,679708,3037.8,223.7,46.15,116.15,0.0
3310,Kab/Kota Dummy 33-10,Kalimantan Timur,Kalimantan,2021,75.03,8.55,278569,1287.6,216.3,23.82,116.45,0.0
3310,Kab/Kota Dummy 33-10,Kalimantan Timur,Kalimantan,2022,74.82,7.17,281355,1287.6,218.5,20.16,116.45,0.0
3310,Kab/Kota Dummy 33-10,Kalimantan Timur,Kalimantan,2023,76.43,8.15,284140,1287.6,220.7,23.15,116.45,0.0
3310,Kab/Kota Dummy 33-10,Kalimantan Timur,Kalimantan,2024,77.68,7.55,286926,1287.6,222.8,21.66,116.45,0.0
3310,Kab/Kota Dummy 33-10,Kalimantan Timur,Kalimantan,2025,77.63,7.2,289712,1287.6,225.0,20.87,116.45,0.0
3401,Kab/Kota Dummy 34-01,Kalimantan Utara,Kalimantan,2021,70.16,10.16,515044,3752.5,137.3,52.34,116.5,3.15
3401,Kab/Kota Dummy 34-01,Kalimantan Utara,Kalimantan,2022,71.41,8.91,520195,3752.5,138.6,46.35,116.5,3.15
3401,Kab/Kota Dummy 34-01,Kalimantan Utara,Kalimantan,2023,72.67,10.71,525345,3752.5,140.0,56.29,116.5,3.15
3401,Kab/Kota Dummy 34-01,Kalimantan Utara,Kalimantan,2024,72.68,9.79,530496,3752.5,141.4,51.95,116.5,3.15
3401,Kab/Kota Dummy 34-01,Kalimantan Utara,Kalimantan,2025,73.95,10.82,535646,3752.5,142.7,57.97,116.5,3.15
3402,Kab/Kota Dummy 34-02,Kalimantan Utara,Kalimantan,2021,74.88,6.99,673093,2146.6,313.6,47.05,116.8,3.15
3402,Kab/Kota Dummy 34-02,Kalimantan Utara,Kalimantan,2022,75.2,8.19,679824,2146.6,316.7,55.68,116.8,3.15
3402,Kab/Kota Dummy 34-02,Kalimantan Utara,Kalimantan,2023,75.91,8.45,686555,2146.6,319.8,57.99,116.8,3.15
3402,Kab/Kota Dummy 34-02,Kalimantan Utara,Kalimantan,2024,76.57,7.34,693286,2146.6,323.0,50.92,116.8,3.15
3402,Kab/Kota Dummy 34-02,Kalimantan Utara,Kalimantan,2025,78.04,6.32,700017,2146.6,326.1,44.23,116.8,3.15
3403,Kab/Kota Dummy 34-03,Kalimantan Utara,Kalimantan,2021,66.37,12.46,841286,2731.5,308.0,104.82,117.1,3.15
3403,Kab/Kota Dummy 34-03,Kalimantan Utara,Kalimantan,2022,66.64,14.24,849699,2731.5,311.1,121.02,117.1,3.15
3403,Kab/Kota Dummy 34-03,Kalimantan Utara,Kalimantan,2023,68.87,12.62,858112,2731.5,314.2,108.33,117.1,3.15
3403,Kab/Kota Dummy 34-03,Kalimantan Utara,Kalimantan,2024,68.33,14.31,866525,2731.5,317.2,123.99,117.1,3.15
3403,Kab/Kota Dummy 34-03,Kalimantan Utara,Kalimantan,2025,70.53,12.87,874937,2731.5,320.3,112.64,117.1,3.15
3404,Kab/Kota Dummy 34-04,Kalimantan Utara,Kalimantan,2021,70.11,11.04,215240,2318.4,92.8,23.76,116.5,2.85
3404,Kab/Kota Dummy 34-04,Kalimantan Utara,Kalimantan,2022,71.7,10.07,217393,2318.4,93.8,21.89,116.5,2.85
3404,Kab/Kota Dummy 34-04,Kalimantan Utara,Kalimantan,2023,71.93,9.66,219545,2318.4,94.7,21.2,116.5,2.85
3404,Kab/Kota Dummy 34-04,Kalimantan Utara,Kalimantan,2024,73.11,9.84,221698,2318.4,95.6,21.82,116.5,2.85
3404,Kab/Kota Dummy 34-04,Kalimantan Utara,Kalimantan,2025,73.58,10.56,223850,2318.4,96.6,23.65,116.5,2.85
3405,Kab/Kota Dummy 34-05,Kalimantan Utara,Kalimantan,2021,68.92,13.16,864468,915.2,944.6,113.79,116.8,2.85
3405,Kab/Kota Dummy 34-05,Kalimantan Utara,Kalimantan,2022,70.56,10.95,873113,915.2,954.0,95.63,116.8,2.85
3405,Kab/Kota Dummy 34-05,Kalimantan Utara,Kalimantan,2023,69.97,10.78,881758,915.2,963.5,95.08,116.8,2.85
3405,Kab/Kota Dummy 34-05,Kalimantan Utara,Kalimantan,2024,71.82,11.48,890402,915.2,972.9,102.2,116.8,2.85
3405,Kab/Kota Dummy 34-05,Kalimantan Utara,Kalimantan,2025,72.6,11.22,899047,915.2,982.4,100.91,116.8,2.85
3501,Kab/Kota Dummy 35-01,Sulawesi Utara,Sulawesi,2021,75.98,6.8,178560,4017.3,44.4,12.15,124.35,1.45
3501,Kab/Kota Dummy 35-01,Sulawesi Utara,Sulawesi,2022,77.81,7.68,180345,4017.3,44.9,13.85,124.35,1.45
3501,Kab/Kota Dummy 35-01,Sulawesi Utara,Sulawesi,2023,77.76,7.6,182131,4017.3,45.3,13.84,124.35,1.45
3501,Kab/Kota Dummy 35-01,Sulawesi Utara,Sulawesi,2024,77.67,4.74,183917,4017.3,45.8,8.72,124.35,1.45
3501,Kab/Kota Dummy 35-01,Sulawesi Utara,Sulawesi,2025,78.98,5.65,185702,4017.3,46.2,10.5,124.35,1.45
3502,Kab/Kota Dummy 35-02,Sulawesi Utara,Sulawesi,2021,76.36,7.25,184474,108.9,1694.0,13.37,124.65,1.45
3502,Kab/Kota Dummy 35-02,Sulawesi Utara,Sulawesi,2022,76.67,5.59,186319,108.9,1711.0,10.41,124.65,1.45
3502,Kab/Kota Dummy 35-02,Sulawesi Utara,Sulawesi,2023,78.33,5.84,188163,108.9,1727.9,11.0,124.65,1.45
3502,Kab/Kota Dummy 35-02,Sulawesi Utara,Sulawesi,2024,79.15,5.35,190008,108.9,1744.8,10.17,124.65,1.45
3502,Kab/Kota Dummy 35-02,Sulawesi Utara,Sulawesi,2025,80.01,5.97,191853,108.9,1761.8,11.46,124.65,1.45
3503,Kab/Kota Dummy 35-03,Sulawesi Utara,Sulawesi,2021,76.2,6.63,329502,491.1,671.0,21.85,124.95,1.45
3503,Kab/Kota Dummy 35-03,Sulawesi Utara,Sulawesi,2022,77.58,5.16,332797,491.1,677.7,17.18,124.95,1.45
3503,Kab/Kota Dummy 35-03,Sulawesi Utara,Sulawesi,2023,78.91,6.3,336092,491.1,684.4,21.17,124.95,1.45
3503,Kab/Kota Dummy 35-03,Sulawesi Utara,Sulawesi,2024,79.16,5.23,339387,491.1,691.1,17.75,124.95,1.45
3503,Kab/Kota Dummy 35-03,Sulawesi Utara,Sulawesi,2025,79.3,4.77,342682,491.1,697.8,16.36,124.95,1.45
3504,Kab/Kota Dummy 35-04,Sulawesi Utara,Sulawesi,2021,76.24,6.71,358113,2721.4,131.6,24.03,125.25,1.45
3504,Kab/Kota Dummy 35-04,Sulawesi Utara,Sulawesi,2022,77.38,5.99,361695,2721.4,132.9,21.66,125.25,1.45
3504,Kab/Kota Dummy 35-04,Sulawesi Utara,Sulawesi,2023,78.29,6.99,365276,2721.4,134.2,25.55,125.25,1.45
3504,Kab/Kota Dummy 35-04,Sulawesi Utara,Sulawesi,2024,78.65,5.2,368857,2721.4,135.5,19.19,125.25,1.45
3504,Kab/Kota Dummy 35-04,Sulawesi Utara,Sulawesi,2025,78.92,5.25,372438,2721.4,136.9,19.55,125.25,1.45
3505,Kab/Kota Dummy 35-05,Sulawesi Utara,Sulawesi,2021,73.04,9.44,112398,2862.0,39.3,10.61,124.35,1.15
3505,Kab/Kota Dummy 35-05,Sulawesi Utara,Sulawesi,2022,73.28,8.75,113522,2862.0,39.7,9.93,124.35,1.15
3505,Kab/Kota Dummy 35-05,Sulawesi Utara,Sulawesi,2023,75.48,8.69,114646,2862.0,40.1,9.97,124.35,1.15
3505,Kab/Kota Dummy 35-05,Sulawesi Utara,Sulawesi,2024,75.16,7.3,115770,2862.0,40.5,8.45,124.35,1.15
3505,Kab/Kota Dummy 35-05,Sulawesi Utara,Sulawesi,2025,75.86,7.32,116894,2862.0,40.8,8.55,124.35,1.15
3506,Kab/Kota Dummy 35-06,Sulawesi Utara,Sulawesi,2021,77.26,5.57,755243,511.6,1476.2,42.09,124.65,1.15
3506,Kab/Kota Dummy 35-06,Sulawesi Utara,Sulawesi,2022,79.01,6.11,762796,511.6,1491.0,46.6,124.65,1.15
3506,Kab/Kota Dummy 35-06,Sulawesi Utara,Sulawesi,2023,78.16,4.68,770348,511.6,1505.7,36.02,124.65,1.15
3506,Kab/Kota Dummy 35-06,Sulawesi Utara,Sulawesi,2024,79.84,5.11,777901,511.6,1520.5,39.72,124.65,1.15
3506,Kab/Kota Dummy 35-06,Sulawesi Utara,Sulawesi,2025,80.92,5.01,785453,511.6,1535.3,39.37,124.65,1.15
3507,Kab/Kota Dummy 35-07,Sulawesi Utara,Sulawesi,2021,71.81,9.27,153888,3264.8,47.1,14.26,124.95,1.15
3507,Kab/Kota Dummy 35-07,Sulawesi Utara,Sulawesi,2022,72.15,9.29,155427,3264.8,47.6,14.44,124.95,1.15
3507,Kab/Kota Dummy 35-07,Sulawesi Utara,Sulawesi,2023,73.75,7.98,156966,3264.8,48.1,12.52,124.95,1.15
3507,Kab/Kota Dummy 35-07,Sulawesi Utara,Sulawesi,2024,73.34,10.17,158504,3264.8,48.5,16.13,124.95,1.15
3507,Kab/Kota Dummy 35-07,Sulawesi Utara,Sulawesi,2025,73.77,9.61,160043,3264.8,49.0,15.39,124.95,1.15
3508,Kab/Kota Dummy 35-08,Sulawesi Utara,Sulawesi,2021,76.33,8.2,521764,74.7,6983.2,42.79,125.25,1.15
3508,Kab/Kota Dummy 35-08,Sulawesi Utara,Sulawesi,2022,77.4,4.7,526982,74.7,7053.0,24.76,125.25,1.15
3508,Kab/Kota Dummy 35-08,Sulawesi Utara,Sulawesi,2023,77.5,6.88,532200,74.7,7122.9,36.6,125.25,1.15
3508,Kab/Kota Dummy 35-08,Sulawesi Utara,Sulawesi,2024,77.73,6.29,537417,74.7,7192.7,33.78,125.25,1.15
3508,Kab/Kota Dummy 35-08,Sulawesi Utara,Sulawesi,2025,79.05,6.26,542635,74.7,7262.5,33.98,125.25,1.15
3509,Kab/Kota Dummy 35-09,Sulawesi Utara,Sulawesi,2021,74.94,7.71,600644,5914.3,101.6,46.3,124.35,0.85
3509,Kab/Kota Dummy 35-09,Sulawesi Utara,Sulawesi,2022,75.91,6.46,606651,5914.3,102.6,39.19,124.35,0.85
3509,Kab/Kota Dummy 35-09,Sulawesi Utara,Sulawesi,2023,76.68,6.73,612657,5914.3,103.6,41.21,124.35,0.85
3509,Kab/Kota Dummy 35-09,Sulawesi Utara,Sulawesi,2024,78.17,5.94,618664,5914.3,104.6,36.77,124.35,0.85
3509,Kab/Kota Dummy 35-09,Sulawesi Utara,Sulawesi,2025,78.51,7.08,624670,5914.3,105.6,44.2,124.35,0.85
3510,Kab/Kota Dummy 35-10,Sulawesi Utara,Sulawesi,2021,73.9,8.68,321301,3296.8,97.5,27.9,124.65,0.85
3510,Kab/Kota Dummy 35-10,Sulawesi Utara,Sulawesi,2022,73.41,8.27,324514,3296.8,98.4,26.85,124.65,0.85
3510,Kab/Kota Dummy 35-10,Sulawesi Utara,Sulawesi,2023,75.54,7.93,327727,3296.8,99.4,25.99,124.65,0.85
3510,Kab/Kota Dummy 35-10,Sulawesi Utara,Sulawesi,2024,76.45,7.15,330940,3296.8,100.4,23.65,124.65,0.85
3510,Kab/Kota Dummy 35-10,Sulawesi Utara,Sulawesi,2025,76.64,6.62,334153,3296.8,101.4,22.12,124.65,0.85
3511,Kab/Kota Dummy 35-11,Sulawesi Utara,Sulawesi,2021,68.54,12.29,176053,524.7,335.5,21.64,124.95,0.85
3511,Kab/Kota Dummy 35-11,Sulawesi Utara,Sulawesi,2022,68.75,10.8,177813,524.7,338.9,19.21,124.95,0.85
3511,Kab/Kota Dummy 35-11,Sulawesi Utara,Sulawesi,2023,70.48,12.12,179574,524.7,342.2,21.77,124.95,0.85
3511,Kab/Kota Dummy 35-11,Sulawesi Utara,Sulawesi,2024,70.65,12.38,181335,524.7,345.6,22.45,124.95,0.85
3511,Kab/Kota Dummy 35-11,Sulawesi Utara,Sulawesi,2025,71.94,11.21,183095,524.7,349.0,20.52,124.95,0.85
3512,Kab/Kota Dummy 35-12,Sulawesi Utara,Sulawesi,2021,77.06,6.61,137750,2479.6,55.6,9.1,125.25,0.85
3512,Kab/Kota Dummy 35-12,Sulawesi Utara,Sulawesi,2022,77.43,4.31,139127,2479.6,56.1,6.0,125.25,0.85
3512,Kab/Kota Dummy 35-12,Sulawesi Utara,Sulawesi,2023,78.69,6.22,140505,2479.6,56.7,8.73,125.25,0.85
3512,Kab/Kota Dummy 35-12,Sulawesi Utara,Sulawesi,2024,77.93,5.95,141882,2479.6,57.2,8.44,125.25,0.85
3512,Kab/Kota Dummy 35-12,Sulawesi Utara,Sulawesi,2025,80.1,4.52,143260,2479.6,57.8,6.47,125.25,0.85
3513,Kab/Kota Dummy 35-13,Sulawesi Utara,Sulawesi,2021,69.87,11.58,173032,1322.7,130.8,20.03,124.35,0.55
3513,Kab/Kota Dummy 35-13,Sulawesi Utara,Sulawesi,2022,71.17,10.44,174762,1322.7,132.1,18.24,124.35,0.55
3513,Kab/Kota Dummy 35-13,Sulawesi Utara,Sulawesi,2023,72.27,9.9,176493,1322.7,133.4,17.48,124.35,0.55
3513,Kab/Kota Dummy 35-13,Sulawesi Utara,Sulawesi,2024,72.76,9.99,178223,1322.7,134.7,17.8,124.35,0.55
3513,Kab/Kota Dummy 35-13,Sulawesi Utara,Sulawesi,2025,74.47,9.82,179953,1322.7,136.1,17.68,124.35,0.55
3514,Kab/Kota Dummy 35-14,Sulawesi Utara,Sulawesi,2021,75.74,6.34,149018,1520.2,98.0,9.45,124.65,0.55
3514,Kab/Kota Dummy 35-14,Sulawesi Utara,Sulawesi,2022,77.93,6.85,150508,1520.2,99.0,10.31,124.65,0.55
3514,Kab/Kota Dummy 35-14,Sulawesi Utara,Sulawesi,2023,77.53,5.36,151998,1520.2,100.0,8.15,124.65,0.55
3514,Kab/Kota Dummy 35-14,Sulawesi Utara,Sulawesi,2024,78.98,6.32,153489,1520.2,101.0,9.7,124.65,0.55
3514,Kab/Kota Dummy 35-14,Sulawesi Utara,Sulawesi,2025,79.55,5.57,154979,1520.2,101.9,8.64,124.65,0.55
3515,Kab/Kota Dummy 35-15,Sulawesi Utara,Sulawesi,2021,72.15,9.34,387161,2006.8,192.9,36.16,124.95,0.55
3515,Kab/Kota Dummy 35-15,Sulawesi Utara,Sulawesi,2022,73.07,9.48,391032,2006.8,194.9,37.06,124.95,0.55
3515,Kab/Kota Dummy 35-15,Sulawesi Utara,Sulawesi,2023,73.62,9.81,394904,2006.8,196.8,38.73,124.95,0.55
3515,Kab/Kota Dummy 35-15,Sulawesi Utara,Sulawesi,2024,74.33,9.4,398776,2006.8,198.7,37.47,124.95,0.55
3515,Kab/Kota Dummy 35-15,Sulawesi Utara,Sulawesi,2025,74.23,8.81,402647,2006.8,200.6,35.49,124.95,0.55
3601,Kab/Kota Dummy 36-01,Gorontalo,Sulawesi,2021,70.96,9.61,412831,4788.0,86.2,39.67,122.1,0.75
3601,Kab/Kota Dummy 36-01,Gorontalo,Sulawesi,2022,72.33,10.57,416959,4788.0,87.1,44.07,122.1,0.75
3601,Kab/Kota Dummy 36-01,Gorontalo,Sulawesi,2023,71.74,11.26,421088,4788.0,87.9,47.4,122.1,0.75
3601,Kab/Kota Dummy 36-01,Gorontalo,Sulawesi,2024,73.07,9.93,425216,4788.0,88.8,42.23,122.1,0.75
3601,Kab/Kota Dummy 36-01,Gorontalo,Sulawesi,2025,74.18,8.77,429344,4788.0,89.7,37.64,122.1,0.75
3602,Kab/Kota Dummy 36-02,Gorontalo,Sulawesi,2021,66.29,13.41,282856,2905.4,97.4,37.94,122.4,0.75
3602,Kab/Kota Dummy 36-02,Gorontalo,Sulawesi,2022,66.92,13.12,285685,2905.4,98.3,37.48,122.4,0.75
3602,Kab/Kota Dummy 36-02,Gorontalo,Sulawesi,2023,68.33,13.42,288514,2905.4,99.3,38.71,122.4,0.75
3602,Kab/Kota Dummy 36-02,Gorontalo,Sulawesi,2024,68.23,13.73,291342,2905.4,100.3,39.99,122.4,0.75
3602,Kab/Kota Dummy 36-02,Gorontalo,Sulawesi,2025,68.69,12.78,294171,2905.4,101.2,37.58,122.4,0.75
3603,Kab/Kota Dummy 36-03,Gorontalo,Sulawesi,2021,63.45,15.59,491797,581.2,846.1,76.67,122.7,0.75
3603,Kab/Kota Dummy 36-03,Gorontalo,Sulawesi,2022,63.63,15.66,496715,581.2,854.6,77.8,122.7,0.75
3603,Kab/Kota Dummy 36-03,Gorontalo,Sulawesi,2023,65.67,15.42,501633,581.2,863.0,77.34,122.7,0.75
3603,Kab/Kota Dummy 36-03,Gorontalo,Sulawesi,2024,64.89,14.94,506551,581.2,871.5,75.67,122.7,0.75
3603,Kab/Kota Dummy 36-03,Gorontalo,Sulawesi,2025,65.95,15.98,511469,581.2,880.0,81.73,122.7,0.75
3604,Kab/Kota Dummy 36-04,Gorontalo,Sulawesi,2021,75.12,7.11,484126,123.3,3925.1,34.41,122.1,0.45
3604,Kab/Kota Dummy 36-04,Gorontalo,Sulawesi,2022,76.21,7.16,488967,123.3,3964.3,35.02,122.1,0.45
3604,Kab/Kota Dummy 36-04,Gorontalo,Sulawesi,2023,77.22,5.28,493808,123.3,4003.6,26.08,122.1,0.45
3604,Kab/Kota Dummy 36-04,Gorontalo,Sulawesi,2024,78.14,5.88,498650,123.3,4042.8,29.32,122.1,0.45
3604,Kab/Kota Dummy 36-04,Gorontalo,Sulawesi,2025,78.03,5.87,503491,123.3,4082.1,29.56,122.1,0.45
3605,Kab/Kota Dummy 36-05,Gorontalo,Sulawesi,2021,71.0,10.44,178576,610.0,292.8,18.64,122.4,0.45
3605,Kab/Kota Dummy 36-05,Gorontalo,Sulawesi,2022,71.29,10.67,180362,610.0,295.7,19.25,122.4,0.45
3605,Kab/Kota Dummy 36-05,Gorontalo,Sulawesi,2023,73.31,9.84,182147,610.0,298.6,17.91,122.4,0.45
3605,Kab/Kota Dummy 36-05,Gorontalo,Sulawesi,2024,72.66,8.72,183933,610.0,301.6,16.05,122.4,0.45
3605,Kab/Kota Dummy 36-05,Gorontalo,Sulawesi,2025,74.32,9.41,185719,610.0,304.5,17.47,122.4,0.45
3606,Kab/Kota Dummy 36-06,Gorontalo,Sulawesi,2021,67.96,12.68,621740,2121.1,293.1,78.84,122.7,0.45
3606,Kab/Kota Dummy 36-06,Gorontalo,Sulawesi,2022,70.0,10.99,627957,2121.1,296.1,68.99,122.7,0.45
3606,Kab/Kota Dummy 36-06,Gorontalo,Sulawesi,2023,70.99,12.85,634174,2121.1,299.0,81.49,122.7,0.45
3606,Kab/Kota Dummy 36-06,Gorontalo,Sulawesi,2024,71.19,12.51,640392,2121.1,301.9,80.08,122.7,0.45
3606,Kab/Kota Dummy 36-06,Gorontalo,Sulawesi,2025,71.65,11.6,646609,2121.1,304.8,75.0,122.7,0.45
3701,Kab/Kota Dummy 37-01,Sulawesi Tengah,Sulawesi,2021,74.25,8.46,998016,74.1,13465.9,84.48,120.55,-0.55
3701,Kab/Kota Dummy 37-01,Sulawesi Tengah,Sulawesi,2022,75.14,7.2,1007996,74.1,13600.6,72.54,120.55,-0.55
3701,Kab/Kota Dummy 37-01,Sulawesi Tengah,Sulawesi,2023,75.37,8.58,1017976,74.1,13735.2,87.3,120.55,-0.55
3701,Kab/Kota Dummy 37-01,Sulawesi Tengah,Sulawesi,2024,75.61,8.95,1027957,74.1,13869.9,92.0,120.55,-0.55
3701,Kab/Kota Dummy 37-01,Sulawesi Tengah,Sulawesi,2025,77.38,7.31,1037937,74.1,14004.6,75.83,120.55,-0.55
3702,Kab/Kota Dummy 37-02,Sulawesi Tengah,Sulawesi,2021,67.12,14.6,210792,469.5,449.0,30.78,120.85,-0.55
3702,Kab/Kota Dummy 37-02,Sulawesi Tengah,Sulawesi,2022,67.64,12.84,212900,469.5,453.5,27.34,120.85,-0.55
3702,Kab/Kota Dummy 37-02,Sulawesi Tengah,Sulawesi,2023,67.44,11.88,215008,469.5,458.0,25.55,120.85,-0.55
3702,Kab/Kota Dummy 37-02,Sulawesi Tengah,Sulawesi,2024,68.71,12.89,217116,469.5,462.5,27.99,120.85,-0.55
3702,Kab/Kota Dummy 37-02,Sulawesi Tengah,Sulawesi,2025,69.75,12.21,219224,469.5,466.9,26.77,120.85,-0.55
3703,Kab/Kota Dummy 37-03,Sulawesi Tengah,Sulawesi,2021,66.2,15.46,456391,430.2,1060.9,70.54,121.15,-0.55
3703,Kab/Kota Dummy 37-03,Sulawesi Tengah,Sulawesi,2022,67.35,13.23,460955,430.2,1071.5,60.97,121.15,-0.55
3703,Kab/Kota Dummy 37-03,Sulawesi Tengah,Sulawesi,2023,67.75,13.66,465519,430.2,1082.1,63.6,121.15,-0.55
3703,Kab/Kota Dummy 37-03,Sulawesi Tengah,Sulawesi,2024,68.69,11.68,470083,430.2,1092.7,54.9,121.15,-0.55
3703,Kab/Kota Dummy 37-03,Sulawesi Tengah,Sulawesi,2025,69.65,13.28,474646,430.2,1103.3,63.02,121.15,-0.55
3704,Kab/Kota Dummy 37-04,Sulawesi Tengah,Sulawesi,2021,69.72,11.98,316092,1125.5,280.9,37.86,121.45,-0.55
3704,Kab/Kota Dummy 37-04,Sulawesi Tengah,Sulawesi,2022,70.57,11.1,319253,1125.5,283.7,35.44,121.45,-0.55
3704,Kab/Kota Dummy 37-04,Sulawesi Tengah,Sulawesi,2023,72.62,10.49,322414,1125.5,286.5,33.84,121.45,-0.55
3704,Kab/Kota Dummy 37-04,Sulawesi Tengah,Sulawesi,2024,72.73,10.87,325574,1125.5,289.3,35.4,121.45,-0.55
3704,Kab/Kota Dummy 37-04,Sulawesi Tengah,Sulawesi,2025,74.19,9.79,328735,1125.5,292.1,32.18,121.45,-0.55
3705,Kab/Kota Dummy 37-05,Sulawesi Tengah,Sulawesi,2021,73.56,8.71,278394,51.9,5360.6,24.24,120.55,-0.85
3705,Kab/Kota Dummy 37-05,Sulawesi Tengah,Sulawesi,2022,74.15,8.46,281178,51.9,5414.2,23.78,120.55,-0.85
3705,Kab/Kota Dummy 37-05,Sulawesi Tengah,Sulawesi,2023,75.41,7.49,283961,51.9,5467.8,21.27,120.55,-0.85
3705,Kab/Kota Dummy 37-05,Sulawesi Tengah,Sulawesi,2024,75.77,8.07,286745,51.9,5521.4,23.13,120.55,-0.85
3705,Kab/Kota Dummy 37-05,Sulawesi Tengah,Sulawesi,2025,76.96,7.25,289529,51.9,5575.0,20.99,120.55,-0.85
3706,Kab/Kota Dummy 37-06,Sulawesi Tengah,Sulawesi,2021,73.97,6.9,1570696,675.8,2324.3,108.33,120.85,-0.85
3706,Kab/Kota Dummy 37-06,Sulawesi Tengah,Sulawesi,2022,75.34,7.9,1586403,675.8,2347.6,125.37,120.85,-0.85
3706,Kab/Kota Dummy 37-06,Sulawesi Tengah,Sulawesi,2023,75.18,7.77,1602110,675.8,2370.8,124.53,120.85,-0.85
3706,Kab/Kota Dummy 37-06,Sulawesi Tengah,Sulawesi,2024,76.65,8.3,1617817,675.8,2394.1,134.29,120.85,-0.85
3706,Kab/Kota Dummy 37-06,Sulawesi Tengah,Sulawesi,2025,76.55,6.02,1633524,675.8,2417.3,98.37,120.85,-0.85
3707,Kab/Kota Dummy 37-07,Sulawesi Tengah,Sulawesi,2021,69.47,12.91,156309,2014.9,77.6,20.17,121.15,-0.85
3707,Kab/Kota Dummy 37-07,Sulawesi Tengah,Sulawesi,2022,71.11,11.42,157872,2014.9,78.4,18.03,121.15,-0.85
3707,Kab/Kota Dummy 37-07,Sulawesi Tengah,Sulawesi,2023,71.78,11.1,159435,2014.9,79.1,17.7,121.15,-0.85
3707,Kab/Kota Dummy 37-07,Sulawesi Tengah,Sulawesi,2024,71.78,10.85,160998,2014.9,79.9,17.47,121.15,-0.85
3707,Kab/Kota Dummy 37-07,Sulawesi Tengah,Sulawesi,2025,71.87,9.96,162562,2014.9,80.7,16.2,121.15,-0.85
3708,Kab/Kota Dummy 37-08,Sulawesi Tengah,Sulawesi,2021,69.48,10.88,161502,1046.8,154.3,17.58,121.45,-0.85
3708,Kab/Kota Dummy 37-08,Sulawesi Tengah,Sulawesi,2022,70.14,10.34,163117,1046.8,155.8,16.87,121.45,-0.85
3708,Kab/Kota Dummy 37-08,Sulawesi Tengah,Sulawesi,2023,71.9,10.12,164732,1046.8,157.4,16.67,121.45,-0.85
3708,Kab/Kota Dummy 37-08,Sulawesi Tengah,Sulawesi,2024,71.77,10.93,166347,1046.8,158.9,18.17,121.45,-0.85
3708,Kab/Kota Dummy 37-08,Sulawesi Tengah,Sulawesi,2025,73.85,9.15,167962,1046.8,160.5,15.36,121.45,-0.85
3709,Kab/Kota Dummy 37-09,Sulawesi Tengah,Sulawesi,2021,69.12,12.89,909713,1029.5,883.7,117.25,120.55,-1.15
3709,Kab/Kota Dummy 37-09,Sulawesi Tengah,Sulawesi,2022,69.71,10.78,918810,1029.5,892.5,99.01,120.55,-1.15
3709,Kab/Kota Dummy 37-09,Sulawesi Tengah,Sulawesi,2023,69.65,11.94,927908,1029.5,901.4,110.84,120.55,-1.15
3709,Kab/Kota Dummy 37-09,Sulawesi Tengah,Sulawesi,2024,70.97,12.55,937005,1029.5,910.2,117.6,120.55,-1.15
3709,Kab/Kota Dummy 37-09,Sulawesi Tengah,Sulawesi,2025,71.15,12.29,946102,1029.5,919.0,116.28,120.55,-1.15
3710,Kab/Kota Dummy 37-10,Sulawesi Tengah,Sulawesi,2021,69.95,10.17,234157,4928.5,47.5,23.81,120.85,-1.15
3710,Kab/Kota Dummy 37-10,Sulawesi Tengah,Sulawesi,2022,71.67,11.0,236498,4928.5,48.0,26.01,120.85,-1.15
3710,Kab/Kota Dummy 37-10,Sulawesi Tengah,Sulawesi,2023,72.46,9.91,238840,4928.5,48.5,23.66,120.85,-1.15
3710,Kab/Kota Dummy 37-10,Sulawesi Tengah,Sulawesi,2024,73.76,10.12,241181,4928.5,48.9,24.41,120.85,-1.15
3710,Kab/Kota Dummy 37-10,Sulawesi Tengah,Sulawesi,2025,74.4,7.27,243523,4928.5,49.4,17.7,120.85,-1.15
3711,Kab/Kota Dummy 37-11,Sulawesi Tengah,Sulawesi,2021,69.71,10.04,263811,2793.5,94.4,26.49,121.15,-1.15
3711,Kab/Kota Dummy 37-11,Sulawesi Tengah,Sulawesi,2022,71.73,12.42,266449,2793.5,95.4,33.1,121.15,-1.15
3711,Kab/Kota Dummy 37-11,Sulawesi Tengah,Sulawesi,2023,71.11,9.78,269087,2793.5,96.3,26.31,121.15,-1.15
3711,Kab/Kota Dummy 37-11,Sulawesi Tengah,Sulawesi,2024,72.06,9.52,271725,2793.5,97.3,25.88,121.15,-1.15
3711,Kab/Kota Dummy 37-11,Sulawesi Tengah,Sulawesi,2025,73.51,10.93,274363,2793.5,98.2,30.0,121.15,-1.15
3712,Kab/Kota Dummy 37-12,Sulawesi Tengah,Sulawesi,2021,71.55,10.57,179699,60.5,2969.5,19.0,121.45,-1.15
3712,Kab/Kota Dummy 37-12,Sulawesi Tengah,Sulawesi,2022,72.67,10.5,181496,60.5,2999.2,19.06,121.45,-1.15
3712,Kab/Kota Dummy 37-12,Sulawesi Tengah,Sulawesi,2023,73.46,10.24,183293,60.5,3028.9,18.77,121.45,-1.15
3712,Kab/Kota Dummy 37-12,Sulawesi Tengah,Sulawesi,2024,74.18,8.6,185090,60.5,3058.6,15.92,121.45,-1.15
3712,Kab/Kota Dummy 37-12,Sulawesi Tengah,Sulawesi,2025,73.54,8.12,186887,60.5,3088.3,15.18,121.45,-1.15
3713,Kab/Kota Dummy 37-13,Sulawesi Tengah,Sulawesi,2021,68.74,10.86,466662,2682.0,174.0,50.67,120.55,-1.45
3713,Kab/Kota Dummy 37-13,Sulawesi Tengah,Sulawesi,2022,69.82,12.29,471328,2682.0,175.7,57.92,120.55,-1.45
3713,Kab/Kota Dummy 37-13,Sulawesi Tengah,Sulawesi,2023,70.13,11.24,475995,2682.0,177.5,53.52,120.55,-1.45
3713,Kab/Kota Dummy 37-13,Sulawesi Tengah,Sulawesi,2024,71.37,10.51,480662,2682.0,179.2,50.52,120.55,-1.45
3713,Kab/Kota Dummy 37-13,Sulawesi Tengah,Sulawesi,2025,73.03,11.87,485328,2682.0,181.0,57.6,120.55,-1.45
3801,Kab/Kota Dummy 38-01,Sulawesi Barat,Sulawesi,2021,68.98,12.73,941851,334.3,2817.7,119.94,119.1,-2.45
3801,Kab/Kota Dummy 38-01,Sulawesi Barat,Sulawesi,2022,69.7,13.21,951269,334.3,2845.9,125.63,119.1,-2.45
3801,Kab/Kota Dummy 38-01,Sulawesi Barat,Sulawesi,2023,69.86,12.16,960688,334.3,2874.0,116.8,119.1,-2.45
3801,Kab/Kota Dummy 38-01,Sulawesi Barat,Sulawesi,2024,70.71,13.02,970106,334.3,2902.2,126.28,119.1,-2.45
3801,Kab/Kota Dummy 38-01,Sulawesi Barat,Sulawesi,2025,72.02,12.2,979525,334.3,2930.4,119.53,119.1,-2.45
3802,Kab/Kota Dummy 38-02,Sulawesi Barat,Sulawesi,2021,69.7,12.27,642407,3378.7,190.1,78.81,119.4,-2.45
3802,Kab/Kota Dummy 38-02,Sulawesi Barat,Sulawesi,2022,70.38,12.65,648831,3378.7,192.0,82.09,119.4,-2.45
3802,Kab/Kota Dummy 38-02,Sulawesi Barat,Sulawesi,2023,70.51,11.66,655255,3378.7,193.9,76.41,119.4,-2.45
3802,Kab/Kota Dummy 38-02,Sulawesi Barat,Sulawesi,2024,72.13,11.14,661680,3378.7,195.8,73.71,119.4,-2.45
3802,Kab/Kota Dummy 38-02,Sulawesi Barat,Sulawesi,2025,72.44,10.71,668104,3378.7,197.7,71.56,119.4,-2.45
3803,Kab/Kota Dummy 38-03,Sulawesi Barat,Sulawesi,2021,63.94,17.05,188863,2052.5,92.0,32.2,119.7,-2.45
3803,Kab/Kota Dummy 38-03,Sulawesi Barat,Sulawesi,2022,65.02,16.59,190752,2052.5,92.9,31.64,119.7,-2.45
3803,Kab/Kota Dummy 38-03,Sulawesi Barat,Sulawesi,2023,65.77,15.36,192640,2052.5,93.9,29.58,119.7,-2.45
3803,Kab/Kota Dummy 38-03,Sulawesi Barat,Sulawesi,2024,66.39,15.08,194529,2052.5,94.8,29.34,119.7,-2.45
3803,Kab/Kota Dummy 38-03,Sulawesi Barat,Sulawesi,2025,66.8,14.62,196418,2052.5,95.7,28.72,119.7,-2.45
3804,Kab/Kota Dummy 38-04,Sulawesi Barat,Sulawesi,2021,67.22,13.78,187695,837.5,224.1,25.87,119.1,-2.75
3804,Kab/Kota Dummy 38-04,Sulawesi Barat,Sulawesi,2022,67.24,13.1,189572,837.5,226.4,24.83,119.1,-2.75
3804,Kab/Kota Dummy 38-04,Sulawesi Barat,Sulawesi,2023,68.18,13.25,191449,837.5,228.6,25.36,119.1,-2.75
3804,Kab/Kota Dummy 38-04,Sulawesi Barat,Sulawesi,2024,68.46,12.96,193325,837.5,230.8,25.06,119.1,-2.75
3804,Kab/Kota Dummy 38-04,Sulawesi Barat,Sulawesi,2025,70.5,13.08,195202,837.5,233.1,25.53,119.1,-2.75
3805,Kab/Kota Dummy 38-05,Sulawesi Barat,Sulawesi,2021,67.17,13.9,225660,3019.7,74.7,31.38,119.4,-2.75
3805,Kab/Kota Dummy 38-05,Sulawesi Barat,Sulawesi,2022,67.66,13.42,227917,3019.7,75.5,30.59,119.4,-2.75
3805,Kab/Kota Dummy 38-05,Sulawesi Barat,Sulawesi,2023,67.81,14.43,230173,3019.7,76.2,33.21,119.4,-2.75
3805,Kab/Kota Dummy 38-05,Sulawesi Barat,Sulawesi,2024,68.35,13.51,232430,3019.7,77.0,31.4,119.4,-2.75
3805,Kab/Kota Dummy 38-05,Sulawesi Barat,Sulawesi,2025,69.77,11.35,234686,3019.7,77.7,26.65,119.4,-2.75
3806,Kab/Kota Dummy 38-06,Sulawesi Barat,Sulawesi,2021,68.57,11.15,156302,2031.9,76.9,17.43,119.7,-2.75
3806,Kab/Kota Dummy 38-06,Sulawesi Barat,Sulawesi,2022,68.93,12.72,157865,2031.9,77.7,20.08,119.7,-2.75
3806,Kab/Kota Dummy 38-06,Sulawesi Barat,Sulawesi,2023,69.8,12.07,159428,2031.9,78.5,19.24,119.7,-2.75
3806,Kab/Kota Dummy 38-06,Sulawesi Barat,Sulawesi,2024,70.74,11.51,160991,2031.9,79.2,18.54,119.7,-2.75
3806,Kab/Kota Dummy 38-06,Sulawesi Barat,Sulawesi,2025,71.16,10.14,162554,2031.9,80.0,16.48,119.7,-2.75
3901,Kab/Kota Dummy 39-01,Sulawesi Selatan,Sulawesi,2021,68.13,11.16,327980,1389.1,236.1,36.59,119.4,-3.7
3901,Kab/Kota Dummy 39-01,Sulawesi Selatan,Sulawesi,2022,69.31,11.51,331259,1389.1,238.5,38.14,119.4,-3.7
3901,Kab/Kota Dummy 39-01,Sulawesi Selatan,Sulawesi,2023,70.62,12.04,334539,1389.1,240.8,40.28,119.4,-3.7
3901,Kab/Kota Dummy 39-01,Sulawesi Selatan,Sulawesi,2024,70.77,11.85,337819,1389.1,243.2,40.04,119.4,-3.7
3901,Kab/Kota Dummy 39-01,Sulawesi Selatan,Sulawesi,2025,71.67,11.65,341099,1389.1,245.6,39.73,119.4,-3.7
3902,Kab/Kota Dummy 39-02,Sulawesi Selatan,Sulawesi,2021,73.85,7.46,342513,2563.2,133.6,25.56,119.7,-3.7
3902,Kab/Kota Dummy 39-02,Sulawesi Selatan,Sulawesi,2022,74.99,8.61,345938,2563.2,135.0,29.77,119.7,-3.7
3902,Kab/Kota Dummy 39-02,Sulawesi Selatan,Sulawesi,2023,75.83,8.18,349363,2563.2,136.3,28.59,119.7,-3.7
3902,Kab/Kota Dummy 39-02,Sulawesi Selatan,Sulawesi,2024,76.79,7.66,352788,2563.2,137.6,27.02,119.7,-3.7
3902,Kab/Kota Dummy 39-02,Sulawesi Selatan,Sulawesi,2025,77.45,6.52,356213,2563.2,139.0,23.22,119.7,-3.7
3903,Kab/Kota Dummy 39-03,Sulawesi Selatan,Sulawesi,2021,71.41,9.01,335448,2071.6,161.9,30.24,120.0,-3.7
3903,Kab/Kota Dummy 39-03,Sulawesi Selatan,Sulawesi,2022,72.25,10.2,338802,2071.6,163.5,34.57,120.0,-3.7
3903,Kab/Kota Dummy 39-03,Sulawesi Selatan,Sulawesi,2023,73.81,9.87,342157,2071.6,165.2,33.78,120.0,-3.7
3903,Kab/Kota Dummy 39-03,Sulawesi Selatan,Sulawesi,2024,74.33,9.31,345511,2071.6,166.8,32.18,120.0,-3.7
3903,Kab/Kota Dummy 39-03,Sulawesi Selatan,Sulawesi,2025,75.3,9.65,348866,2071.6,168.4,33.66,120.0,-3.7
3904,Kab/Kota Dummy 39-04,Sulawesi Selatan,Sulawesi,2021,75.2,7.5,278299,1380.3,201.6,20.87,120.3,-3.7
3904,Kab/Kota Dummy 39-04,Sulawesi Selatan,Sulawesi,2022,74.94,6.54,281082,1380.3,203.6,18.39,120.3,-3.7
3904,Kab/Kota Dummy 39-04,Sulawesi Selatan,Sulawesi,2023,75.83,6.86,283865,1380.3,205.7,19.48,120.3,-3.7
3904,Kab/Kota Dummy 39-04,Sulawesi Selatan,Sulawesi,2024,77.47,6.15,286648,1380.3,207.7,17.62,120.3,-3.7
3904,Kab/Kota Dummy 39-04,Sulawesi Selatan,Sulawesi,2025,78.86,6.58,289431,1380.3,209.7,19.05,120.3,-3.7
3905,Kab/Kota Dummy 39-05,Sulawesi Selatan,Sulawesi,2021,67.58,12.82,454898,509.0,893.7,58.3,120.6,-3.7
3905,Kab/Kota Dummy 39-05,Sulawesi Selatan,Sulawesi,2022,69.57,11.47,459447,509.0,902.7,52.69,120.6,-3.7
3905,Kab/Kota Dummy 39-05,Sulawesi Selatan,Sulawesi,2023,69.97,10.81,463996,509.0,911.6,50.18,120.6,-3.7
3905,Kab/Kota Dummy 39-05,Sulawesi Selatan,Sulawesi,2024,70.18,11.8,468545,509.0,920.5,55.29,120.6,-3.7
3905,Kab/Kota Dummy 39-05,Sulawesi Selatan,Sulawesi,2025,72.14,11.5,473094,509.0,929.5,54.4,120.6,-3.7
3906,Kab/Kota Dummy 39-06,Sulawesi Selatan,Sulawesi,2021,71.98,10.2,585080,510.9,1145.1,59.7,119.4,-4.0
3906,Kab/Kota Dummy 39-06,Sulawesi Selatan,Sulawesi,2022,72.76,9.81,590931,510.9,1156.5,57.99,119.4,-4.0
3906,Kab/Kota Dummy 39-06,Sulawesi Selatan,Sulawesi,2023,73.82,8.36,596781,510.9,1168.0,49.9,119.4,-4.0
3906,Kab/Kota Dummy 39-06,Sulawesi Selatan,Sulawesi,2024,74.12,9.11,602632,510.9,1179.4,54.88,119.4,-4.0
3906,Kab/Kota Dummy 39-06,Sulawesi Selatan,Sulawesi,2025,75.31,7.44,608483,510.9,1190.9,45.24,119.4,-4.0
3907,Kab/Kota Dummy 39-07,Sulawesi Selatan,Sulawesi,2021,68.45,12.7,148878,225.7,659.6,18.9,119.7,-4.0
3907,Kab/Kota Dummy 39-07,Sulawesi Selatan,Sulawesi,2022,69.49,11.82,150367,225.7,666.2,17.77,119.7,-4.0
3907,Kab/Kota Dummy 39-07,Sulawesi Selatan,Sulawesi,2023,69.67,13.33,151856,225.7,672.8,20.25,119.7,-4.0
3907,Kab/Kota Dummy 39-07,Sulawesi Selatan,Sulawesi,2024,71.35,10.91,153345,225.7,679.4,16.72,119.7,-4.0
3907,Kab/Kota Dummy 39-07,Sulawesi Selatan,Sulawesi,2025,70.44,9.96,154833,225.7,686.0,15.42,119.7,-4.0
3908,Kab/Kota Dummy 39-08,Sulawesi Selatan,Sulawesi,2021,71.98,9.61,135887,1029.5,132.0,13.06,120.0,-4.0
3908,Kab/Kota Dummy 39-08,Sulawesi Selatan,Sulawesi,2022,72.63,9.65,137246,1029.5,133.3,13.24,120.0,-4.0
3908,Kab/Kota Dummy 39-08,Sulawesi Selatan,Sulawesi,2023,72.9,7.81,138605,1029.5,134.6,10.82,120.0,-4.0
3908,Kab/Kota Dummy 39-08,Sulawesi Selatan,Sulawesi,2024,74.16,9.5,139963,1029.5,136.0,13.29,120.0,-4.0
3908,Kab/Kota Dummy 39-08,Sulawesi Selatan,Sulawesi,2025,74.0,8.04,141322,1029.5,137.3,11.36,120.0,-4.0
3909,Kab/Kota Dummy 39-09,Sulawesi Selatan,Sulawesi,2021,72.35,9.55,201840,1754.3,115.1,19.28,120.3,-4.0
3909,Kab/Kota Dummy 39-09,Sulawesi Selatan,Sulawesi,2022,73.18,10.72,203858,1754.3,116.2,21.86,120.3,-4.0
3909,Kab/Kota Dummy 39-09,Sulawesi Selatan,Sulawesi,2023,74.38,9.14,205877,1754.3,117.4,18.82,120.3,-4.0
3909,Kab/Kota Dummy 39-09,Sulawesi Selatan,Sulawesi,2024,74.84,9.62,207895,1754.3,118.5,20.0,120.3,-4.0
3909,Kab/Kota Dummy 39-09,Sulawesi Selatan,Sulawesi,2025,75.52,7.64,209914,1754.3,119.7,16.05,120.3,-4.0
3910,Kab/Kota Dummy 39-10,Sulawesi Selatan,Sulawesi,2021,74.72,7.12,187291,2011.8,93.1,13.33,120.6,-4.0
3910,Kab/Kota Dummy 39-10,Sulawesi Selatan,Sulawesi,2022,75.15,8.74,189164,2011.8,94.0,16.54,120.6,-4.0
3910,Kab/Kota Dummy 39-10,Sulawesi Selatan,Sulawesi,2023,75.24,7.57,191037,2011.8,95.0,14.45,120.6,-4.0
3910,Kab/Kota Dummy 39-10,Sulawesi Selatan,Sulawesi,2024,75.99,7.7,192910,2011.8,95.9,14.86,120.6,-4.0
3910,Kab/Kota Dummy 39-10,Sulawesi Selatan,Sulawesi,2025,77.4,6.01,194783,2011.8,96.8,11.71,120.6,-4.0
3911,Kab/Kota Dummy 39-11,Sulawesi Selatan,Sulawesi,2021,76.03,6.25,183096,3750.5,48.8,11.44,119.4,-4.3
3911,Kab/Kota Dummy 39-11,Sulawesi Selatan,Sulawesi,2022,76.88,6.69,184927,3750.5,49.3,12.38,119.4,-4.3
3911,Kab/Kota Dummy 39-11,Sulawesi Selatan,Sulawesi,2023,78.03,5.54,186758,3750.5,49.8,10.34,119.4,-4.3
3911,Kab/Kota Dummy 39-11,Sulawesi Selatan,Sulawesi,2024,79.08,5.01,188589,3750.5,50.3,9.45,119.4,-4.3
3911,Kab/Kota Dummy 39-11,Sulawesi Selatan,Sulawesi,2025,79.72,4.1,190420,3750.5,50.8,7.81,119.4,-4.3
3912,Kab/Kota Dummy 39-12,Sulawesi Selatan,Sulawesi,2021,71.65,10.41,103134,1418.9,72.7,10.74,119.7,-4.3
3912,Kab/Kota Dummy 39-12,Sulawesi Selatan,Sulawesi,2022,72.02,10.72,104166,1418.9,73.4,11.16,119.7,-4.3
3912,Kab/Kota Dummy 39-12,Sulawesi Selatan,Sulawesi,2023,73.09,9.7,105197,1418.9,74.1,10.21,119.7,-4.3
3912,Kab/Kota Dummy 39-12,Sulawesi Selatan,Sulawesi,2024,74.39,9.59,106228,1418.9,74.9,10.18,119.7,-4.3
3912,Kab/Kota Dummy 39-12,Sulawesi Selatan,Sulawesi,2025,74.11,9.23,107260,1418.9,75.6,9.9,119.7,-4.3
3913,Kab/Kota Dummy 39-13,Sulawesi Selatan,Sulawesi,2021,68.7,12.68,141973,1332.4,106.6,18.0,120.0,-4.3
3913,Kab/Kota Dummy 39-13,Sulawesi Selatan,Sulawesi,2022,68.75,12.51,143392,1332.4,107.6,17.94,120.0,-4.3
3913,Kab/Kota Dummy 39-13,Sulawesi Selatan,Sulawesi,2023,69.96,12.67,144812,1332.4,108.7,18.35,120.0,-4.3
3913,Kab/Kota Dummy 39-13,Sulawesi Selatan,Sulawesi,2024,70.98,12.28,146232,1332.4,109.8,17.96,120.0,-4.3
3913,Kab/Kota Dummy 39-13,Sulawesi Selatan,Sulawesi,2025,71.26,12.08,147652,1332.4,110.8,17.84,120.0,-4.3
3914,Kab/Kota Dummy 39-14,Sulawesi Selatan,Sulawesi,2021,73.2,9.4,740619,113.0,6553.0,69.63,120.3,-4.3
3914,Kab/Kota Dummy 39-14,Sulawesi Selatan,Sulawesi,2022,74.13,8.79,748025,113.0,6618.5,65.78,120.3,-4.3
3914,Kab/Kota Dummy 39-14,Sulawesi Selatan,Sulawesi,2023,74.7,7.16,755431,113.0,6684.1,54.07,120.3,-4.3
3914,Kab/Kota Dummy 39-14,Sulawesi Selatan,Sulawesi,2024,75.69,6.44,762838,113.0,6749.6,49.12,120.3,-4.3
3914,Kab/Kota Dummy 39-14,Sulawesi Selatan,Sulawesi,2025,77.02,9.7,770244,113.0,6815.1,74.74,120.3,-4.3
3915,Kab/Kota Dummy 39-15,Sulawesi Selatan,Sulawesi,2021,71.38,10.33,184379,1170.9,157.5,19.04,120.6,-4.3
3915,Kab/Kota Dummy 39-15,Sulawesi Selatan,Sulawesi,2022,72.46,11.18,186223,1170.9,159.0,20.83,120.6,-4.3
3915,Kab/Kota Dummy 39-15,Sulawesi Selatan,Sulawesi,2023,74.13,9.02,188066,1170.9,160.6,16.97,120.6,-4.3
3915,Kab/Kota Dummy 39-15,Sulawesi Selatan,Sulawesi,2024,74.75,9.22,189910,1170.9,162.2,17.51,120.6,-4.3
3915,Kab/Kota Dummy 39-15,Sulawesi Selatan,Sulawesi,2025,74.96,7.07,191754,1170.9,163.8,13.57,120.6,-4.3
3916,Kab/Kota Dummy 39-16,Sulawesi Selatan,Sulawesi,2021,77.45,6.46,1351569,66.4,20344.9,87.27,119.4,-4.6
3916,Kab/Kota Dummy 39-16,Sulawesi Selatan,Sulawesi,2022,76.68,4.47,1365085,66.4,20548.3,60.98,119.4,-4.6
3916,Kab/Kota Dummy 39-16,Sulawesi Selatan,Sulawesi,2023,77.73,5.4,1378600,66.4,20751.8,74.42,119.4,-4.6
3916,Kab/Kota Dummy 39-16,Sulawesi Selatan,Sulawesi,2024,79.1,4.53,1392116,66.4,20955.2,63.03,119.4,-4.6
3916,Kab/Kota Dummy 39-16,Sulawesi Selatan,Sulawesi,2025,79.15,6.08,1405632,66.4,21158.7,85.47,119.4,-4.6
3917,Kab/Kota Dummy 39-17,Sulawesi Selatan,Sulawesi,2021,70.04,11.71,213325,4173.3,51.1,24.99,119.7,-4.6
3917,Kab/Kota Dummy 39-17,Sulawesi Selatan,Sulawesi,2022,70.79,10.92,215458,4173.3,51.6,23.53,119.7,-4.6
3917,Kab/Kota Dummy 39-17,Sulawesi Selatan,Sulawesi,2023,72.24,9.77,217592,4173.3,52.1,21.27,119.7,-4.6
3917,Kab/Kota Dummy 39-17,Sulawesi Selatan,Sulawesi,2024,71.51,10.74,219725,4173.3,52.6,23.59,119.7,-4.6
3917,Kab/Kota Dummy 39-17,Sulawesi Selatan,Sulawesi,2025,72.55,10.76,221858,4173.3,53.2,23.88,119.7,-4.6
3918,Kab/Kota Dummy 39-18,Sulawesi Selatan,Sulawesi,2021,69.46,12.63,999730,5000.8,199.9,126.22,120.0,-4.6
3918,Kab/Kota Dummy 39-18,Sulawesi Selatan,Sulawesi,2022,69.39,10.74,1009727,5000.8,201.9,108.43,120.0,-4.6
3918,Kab/Kota Dummy 39-18,Sulawesi Selatan,Sulawesi,2023,70.98,12.27,1019725,5000.8,203.9,125.16,120.0,-4.6
3918,Kab/Kota Dummy 39-18,Sulawesi Selatan,Sulawesi,2024,71.12,11.35,1029722,5000.8,205.9,116.9,120.0,-4.6
3918,Kab/Kota Dummy 39-18,Sulawesi Selatan,Sulawesi,2025,72.15,10.37,1039719,5000.8,207.9,107.78,120.0,-4.6
3919,Kab/Kota Dummy 39-19,Sulawesi Selatan,Sulawesi,2021,75.18,7.26,1013905,1672.6,606.2,73.61,120.3,-4.6
3919,Kab/Kota Dummy 39-19,Sulawesi Selatan,Sulawesi,2022,76.67,5.29,1024044,1672.6,612.2,54.21,120.3,-4.6
3919,Kab/Kota Dummy 39-19,Sulawesi Selatan,Sulawesi,2023,76.89,5.29,1034183,1672.6,618.3,54.68,120.3,-4.6
3919,Kab/Kota Dummy 39-19,Sulawesi Selatan,Sulawesi,2024,78.21,6.21,1044322,1672.6,624.4,64.84,120.3,-4.6
3919,Kab/Kota Dummy 39-19,Sulawesi Selatan,Sulawesi,2025,79.2,5.78,1054461,1672.6,630.4,60.95,120.3,-4.6
3920,Kab/Kota Dummy 39-20,Sulawesi Selatan,Sulawesi,2021,71.17,10.61,153599,2414.9,63.6,16.29,120.6,-4.6
3920,Kab/Kota Dummy 39-20,Sulawesi Selatan,Sulawesi,2022,71.05,10.54,155135,2414.9,64.2,16.35,120.6,-4.6
3920,Kab/Kota Dummy 39-20,Sulawesi Selatan,Sulawesi,2023,73.49,9.62,156671,2414.9,64.9,15.07,120.6,-4.6
3920,Kab/Kota Dummy 39-20,Sulawesi Selatan,Sulawesi,2024,73.71,9.21,158207,2414.9,65.5,14.57,120.6,-4.6
3920,Kab/Kota Dummy 39-20,Sulawesi Selatan,Sulawesi,2025,74.8,8.76,159743,2414.9,66.2,14.0,120.6,-4.6
3921,Kab/Kota Dummy 39-21,Sulawesi Selatan,Sulawesi,2021,70.63,10.45,802529,179.8,4464.4,83.9,119.4,-4.9
3921,Kab/Kota Dummy 39-21,Sulawesi Selatan,Sulawesi,2022,70.34,10.06,810554,179.8,4509.1,81.5,119.4,-4.9
3921,Kab/Kota Dummy 39-21,Sulawesi Selatan,Sulawesi,2023,71.52,9.51,818580,179.8,4553.7,77.85,119.4,-4.9
3921,Kab/Kota Dummy 39-21,Sulawesi Selatan,Sulawesi,2024,71.9,10.27,826605,179.8,4598.4,84.86,119.4,-4.9
3921,Kab/Kota Dummy 39-21,Sulawesi Selatan,Sulawesi,2025,73.63,10.2,834630,179.8,4643.0,85.1,119.4,-4.9
3922,Kab/Kota Dummy 39-22,Sulawesi Selatan,Sulawesi,2021,73.79,8.37,599853,54.2,11074.2,50.23,119.7,-4.9
3922,Kab/Kota Dummy 39-22,Sulawesi Selatan,Sulawesi,2022,75.06,9.38,605852,54.2,11185.0,56.81,119.7,-4.9
3922,Kab/Kota Dummy 39-22,Sulawesi Selatan,Sulawesi,2023,76.04,8.37,611850,54.2,11295.7,51.21,119.7,-4.9
3922,Kab/Kota Dummy 39-22,Sulawesi Selatan,Sulawesi,2024,75.72,6.91,617849,54.2,11406.5,42.71,119.7,-4.9
3922,Kab/Kota Dummy 39-22,Sulawesi Selatan,Sulawesi,2025,77.43,7.3,623847,54.2,11517.2,45.52,119.7,-4.9
3923,Kab/Kota Dummy 39-23,Sulawesi Selatan,Sulawesi,2021,73.0,8.96,757129,2629.0,288.0,67.81,120.0,-4.9
3923,Kab/Kota Dummy 39-23,Sulawesi Selatan,Sulawesi,2022,73.5,9.2,764700,2629.0,290.9,70.36,120.0,-4.9
3923,Kab/Kota Dummy 39-23,Sulawesi Selatan,Sulawesi,2023,75.14,8.71,772272,2629.0,293.8,67.3,120.0,-4.9
3923,Kab/Kota Dummy 39-23,Sulawesi Selatan,Sulawesi,2024,76.19,8.16,779843,2629.0,296.6,63.61,120.0,-4.9
3923,Kab/Kota Dummy 39-23,Sulawesi Selatan,Sulawesi,2025,75.93,8.93,787414,2629.0,299.5,70.28,120.0,-4.9
3924,Kab/Kota Dummy 39-24,Sulawesi Selatan,Sulawesi,2021,70.61,10.35,380808,1240.1,307.1,39.42,120.3,-4.9
3924,Kab/Kota Dummy 39-24,Sulawesi Selatan,Sulawesi,2022,71.63,10.85,384617,1240.1,310.1,41.72,120.3,-4.9
3924,Kab/Kota Dummy 39-24,Sulawesi Selatan,Sulawesi,2023,72.96,10.03,388425,1240.1,313.2,38.97,120.3,-4.9
3924,Kab/Kota Dummy 39-24,Sulawesi Selatan,Sulawesi,2024,73.23,10.65,392233,1240.1,316.3,41.76,120.3,-4.9
3924,Kab/Kota Dummy 39-24,Sulawesi Selatan,Sulawesi,2025,72.74,8.49,396041,1240.1,319.4,33.62,120.3,-4.9
4001,Kab/Kota Dummy 40-01,Sulawesi Tenggara,Sulawesi,2021,73.42,8.59,157056,5138.8,30.6,13.5,121.6,-3.55
4001,Kab/Kota Dummy 40-01,Sulawesi Tenggara,Sulawesi,2022,73.94,9.83,158626,5138.8,30.9,15.6,121.6,-3.55
4001,Kab/Kota Dummy 40-01,Sulawesi Tenggara,Sulawesi,2023,75.13,8.08,160197,5138.8,31.2,12.95,121.6,-3.55
4001,Kab/Kota Dummy 40-01,Sulawesi Tenggara,Sulawesi,2024,75.05,8.22,161767,5138.8,31.5,13.3,121.6,-3.55
4001,Kab/Kota Dummy 40-01,Sulawesi Tenggara,Sulawesi,2025,75.22,8.05,163338,5138.8,31.8,13.14,121.6,-3.55
4002,Kab/Kota Dummy 40-02,Sulawesi Tenggara,Sulawesi,2021,73.92,7.65,526537,1324.0,397.7,40.27,121.9,-3.55
4002,Kab/Kota Dummy 40-02,Sulawesi Tenggara,Sulawesi,2022,75.53,8.88,531802,1324.0,401.7,47.21,121.9,-3.55
4002,Kab/Kota Dummy 40-02,Sulawesi Tenggara,Sulawesi,2023,75.52,7.39,537068,1324.0,405.6,39.67,121.9,-3.55
4002,Kab/Kota Dummy 40-02,Sulawesi Tenggara,Sulawesi,2024,76.43,6.33,542333,1324.0,409.6,34.35,121.9,-3.55
4002,Kab/Kota Dummy 40-02,Sulawesi Tenggara,Sulawesi,2025,78.07,6.53,547599,1324.0,413.6,35.75,121.9,-3.55
4003,Kab/Kota Dummy 40-03,Sulawesi Tenggara,Sulawesi,2021,74.17,7.23,1257347,106.7,11787.7,90.9,122.2,-3.55
4003,Kab/Kota Dummy 40-03,Sulawesi Tenggara,Sulawesi,2022,75.77,7.83,1269921,106.7,11905.6,99.47,122.2,-3.55
4003,Kab/Kota Dummy 40-03,Sulawesi Tenggara,Sulawesi,2023,77.08,6.34,1282494,106.7,12023.4,81.29,122.2,-3.55
4003,Kab/Kota Dummy 40-03,Sulawesi Tenggara,Sulawesi,2024,76.72,6.5,1295068,106.7,12141.3,84.21,122.2,-3.55
4003,Kab/Kota Dummy 40-03,Sulawesi Tenggara,Sulawesi,2025,78.72,6.56,1307641,106.7,12259.2,85.72,122.2,-3.55
4004,Kab/Kota Dummy 40-04,Sulawesi Tenggara,Sulawesi,2021,76.73,6.72,155461,10766.0,14.4,10.45,122.5,-3.55
4004,Kab/Kota Dummy 40-04,Sulawesi Tenggara,Sulawesi,2022,76.38,6.82,157016,10766.0,14.6,10.7,122.5,-3.55
4004,Kab/Kota Dummy 40-04,Sulawesi Tenggara,Sulawesi,2023,77.04,5.73,158571,10766.0,14.7,9.09,122.5,-3.55
4004,Kab/Kota Dummy 40-04,Sulawesi Tenggara,Sulawesi,2024,77.73,5.07,160125,10766.0,14.9,8.12,122.5,-3.55
4004,Kab/Kota Dummy 40-04,Sulawesi Tenggara,Sulawesi,2025,78.48,6.66,161680,10766.0,15.0,10.77,122.5,-3.55
4005,Kab/Kota Dummy 40-05,Sulawesi Tenggara,Sulawesi,2021,71.21,10.24,326808,1884.6,173.4,33.45,122.8,-3.55
4005,Kab/Kota Dummy 40-05,Sulawesi Tenggara,Sulawesi,2022,71.15,10.16,330076,1884.6,175.1,33.52,122.8,-3.55
4005,Kab/Kota Dummy 40-05,Sulawesi Tenggara,Sulawesi,2023,72.04,11.11,333344,1884.6,176.9,37.05,122.8,-3.55
4005,Kab/Kota Dummy 40-05,Sulawesi Tenggara,Sulawesi,2024,72.83,9.05,336612,1884.6,178.6,30.46,122.8,-3.55
4005,Kab/Kota Dummy 40-05,Sulawesi Tenggara,Sulawesi,2025,73.68,10.03,339880,1884.6,180.3,34.11,122.8,-3.55
4006,Kab/Kota Dummy 40-06,Sulawesi Tenggara,Sulawesi,2021,72.93,10.03,540304,6854.9,78.8,54.22,121.6,-3.85
4006,Kab/Kota Dummy 40-06,Sulawesi Tenggara,Sulawesi,2022,73.51,8.39,545707,6854.9,79.6,45.8,121.6,-3.85
4006,Kab/Kota Dummy 40-06,Sulawesi Tenggara,Sulawesi,2023,74.09,7.78,551110,6854.9,80.4,42.87,121.6,-3.85
4006,Kab/Kota Dummy 40-06,Sulawesi Tenggara,Sulawesi,2024,75.26,8.87,556513,6854.9,81.2,49.38,121.6,-3.85
4006,Kab/Kota Dummy 40-06,Sulawesi Tenggara,Sulawesi,2025,76.07,7.62,561916,6854.9,82.0,42.81,121.6,-3.85
4007,Kab/Kota Dummy 40-07,Sulawesi Tenggara,Sulawesi,2021,73.22,9.49,171616,4056.5,42.3,16.29,121.9,-3.85
4007,Kab/Kota Dummy 40-07,Sulawesi Tenggara,Sulawesi,2022,72.66,8.46,173332,4056.5,42.7,14.67,121.9,-3.85
4007,Kab/Kota Dummy 40-07,Sulawesi Tenggara,Sulawesi,2023,73.99,8.59,175048,4056.5,43.2,15.04,121.9,-3.85
4007,Kab/Kota Dummy 40-07,Sulawesi Tenggara,Sulawesi,2024,74.65,8.65,176764,4056.5,43.6,15.29,121.9,-3.85
4007,Kab/Kota Dummy 40-07,Sulawesi Tenggara,Sulawesi,2025,75.8,9.12,178480,4056.5,44.0,16.28,121.9,-3.85
4008,Kab/Kota Dummy 40-08,Sulawesi Tenggara,Sulawesi,2021,71.27,10.0,119466,7884.9,15.2,11.94,122.2,-3.85
4008,Kab/Kota Dummy 40-08,Sulawesi Tenggara,Sulawesi,2022,71.6,9.93,120661,7884.9,15.3,11.98,122.2,-3.85
4008,Kab/Kota Dummy 40-08,Sulawesi Tenggara,Sulawesi,2023,72.47,8.72,121856,7884.9,15.5,10.62,122.2,-3.85
4008,Kab/Kota Dummy 40-08,Sulawesi Tenggara,Sulawesi,2024,73.6,9.46,123050,7884.9,15.6,11.64,122.2,-3.85
4008,Kab/Kota Dummy 40-08,Sulawesi Tenggara,Sulawesi,2025,74.97,10.16,124245,7884.9,15.8,12.62,122.2,-3.85
4009,Kab/Kota Dummy 40-09,Sulawesi Tenggara,Sulawesi,2021,66.33,14.43,1090723,2643.0,412.7,157.34,122.5,-3.85
4009,Kab/Kota Dummy 40-09,Sulawesi Tenggara,Sulawesi,2022,67.57,13.72,1101630,2643.0,416.8,151.09,122.5,-3.85
4009,Kab/Kota Dummy 40-09,Sulawesi Tenggara,Sulawesi,2023,67.6,13.73,1112537,2643.0,420.9,152.7,122.5,-3.85
4009,Kab/Kota Dummy 40-09,Sulawesi Tenggara,Sulawesi,2024,68.4,12.57,1123445,2643.0,425.1,141.19,122.5,-3.85
4009,Kab/Kota Dummy 40-09,Sulawesi Tenggara,Sulawesi,2025,69.03,12.4,1134352,2643.0,429.2,140.64,122.5,-3.85
4010,Kab/Kota Dummy 40-10,Sulawesi Tenggara,Sulawesi,2021,73.16,7.77,475863,1208.0,393.9,36.97,122.8,-3.85
4010,Kab/Kota Dummy 40-10,Sulawesi Tenggara,Sulawesi,2022,73.75,7.92,480622,1208.0,397.9,38.06,122.8,-3.85
4010,Kab/Kota Dummy 40-10,Sulawesi Tenggara,Sulawesi,2023,75.51,8.14,485381,1208.0,401.8,39.49,122.8,-3.85
4010,Kab/Kota Dummy 40-10,Sulawesi Tenggara,Sulawesi,2024,75.56,6.8,490139,1208.0,405.7,33.35,122.8,-3.85
4010,Kab/Kota Dummy 40-10,Sulawesi Tenggara,Sulawesi,2025,77.6,6.53,494898,1208.0,409.7,32.3,122.8,-3.85
4011,Kab/Kota Dummy 40-11,Sulawesi Tenggara,Sulawesi,2021,70.68,10.71,365042,2160.0,169.0,39.11,121.6,-4.15
4011,Kab/Kota Dummy 40-11,Sulawesi Tenggara,Sulawesi,2022,72.04,10.03,368692,2160.0,170.7,36.98,121.6,-4.15
4011,Kab/Kota Dummy 40-11,Sulawesi Tenggara,Sulawesi,2023,72.69,9.93,372343,2160.0,172.4,36.97,121.6,-4.15
4011,Kab/Kota Dummy 40-11,Sulawesi Tenggara,Sulawesi,2024,73.88,9.16,375993,2160.0,174.1,34.43,121.6,-4.15
4011,Kab/Kota Dummy 40-11,Sulawesi Tenggara,Sulawesi,2025,74.18,9.54,379643,2160.0,175.8,36.22,121.6,-4.15
4012,Kab/Kota Dummy 40-12,Sulawesi Tenggara,Sulawesi,2021,70.08,10.36,177734,2030.6,87.5,18.41,121.9,-4.15
4012,Kab/Kota Dummy 40-12,Sulawesi Tenggara,Sulawesi,2022,71.6,11.67,179511,2030.6,88.4,20.94,121.9,-4.15
4012,Kab/Kota Dummy 40-12,Sulawesi Tenggara,Sulawesi,2023,72.62,9.55,181288,2030.6,89.3,17.32,121.9,-4.15
4012,Kab/Kota Dummy 40-12,Sulawesi Tenggara,Sulawesi,2024,73.21,10.12,183066,2030.6,90.2,18.53,121.9,-4.15
4012,Kab/Kota Dummy 40-12,Sulawesi Tenggara,Sulawesi,2025,73.2,9.73,184843,2030.6,91.0,17.98,121.9,-4.15
4013,Kab/Kota Dummy 40-13,Sulawesi Tenggara,Sulawesi,2021,70.75,9.28,127254,1108.4,114.8,11.81,122.2,-4.15
4013,Kab/Kota Dummy 40-13,Sulawesi Tenggara,Sulawesi,2022,71.67,10.25,128527,1108.4,116.0,13.17,122.2,-4.15
4013,Kab/Kota Dummy 40-13,Sulawesi Tenggara,Sulawesi,2023,72.63,10.24,129799,1108.4,117.1,13.3,122.2,-4.15
4013,Kab/Kota Dummy 40-13,Sulawesi Tenggara,Sulawesi,2024,73.55,9.96,131072,1108.4,118.3,13.06,122.2,-4.15
4013,Kab/Kota Dummy 40-13,Sulawesi Tenggara,Sulawesi,2025,73.99,9.73,132344,1108.4,119.4,12.88,122.2,-4.15
4014,Kab/Kota Dummy 40-14,Sulawesi Tenggara,Sulawesi,2021,71.27,10.25,340131,1670.7,203.6,34.87,122.5,-4.15
4014,Kab/Kota Dummy 40-14,Sulawesi Tenggara,Sulawesi,2022,71.28,9.09,343532,1670.7,205.6,31.24,122.5,-4.15
4014,Kab/Kota Dummy 40-14,Sulawesi Tenggara,Sulawesi,2023,72.94,8.72,346934,1670.7,207.7,30.25,122.5,-4.15
4014,Kab/Kota Dummy 40-14,Sulawesi Tenggara,Sulawesi,2024,73.64,9.28,350335,1670.7,209.7,32.53,122.5,-4.15
4014,Kab/Kota Dummy 40-14,Sulawesi Tenggara,Sulawesi,2025,74.58,10.55,353736,1670.7,211.7,37.33,122.5,-4.15
4015,Kab/Kota Dummy 40-15,Sulawesi Tenggara,Sulawesi,2021,69.34,13.21,547713,1549.9,353.4,72.33,122.8,-4.15
4015,Kab/Kota Dummy 40-15,Sulawesi Tenggara,Sulawesi,2022,70.37,11.66,553190,1549.9,356.9,64.48,122.8,-4.15
4015,Kab/Kota Dummy 40-15,Sulawesi Tenggara,Sulawesi,2023,69.96,11.8,558667,1549.9,360.5,65.94,122.8,-4.15
4015,Kab/Kota Dummy 40-15,Sulawesi Tenggara,Sulawesi,2024,72.59,12.16,564144,1549.9,364.0,68.6,122.8,-4.15
4015,Kab/Kota Dummy 40-15,Sulawesi Tenggara,Sulawesi,2025,72.45,11.31,569621,1549.9,367.5,64.41,122.8,-4.15
4016,Kab/Kota Dummy 40-16,Sulawesi Tenggara,Sulawesi,2021,70.73,10.01,400305,789.3,507.2,40.07,121.6,-4.45
4016,Kab/Kota Dummy 40-16,Sulawesi Tenggara,Sulawesi,2022,71.67,10.49,404308,789.3,512.2,42.43,121.6,-4.45
4016,Kab/Kota Dummy 40-16,Sulawesi Tenggara,Sulawesi,2023,72.21,9.58,408311,789.3,517.3,39.11,121.6,-4.45
4016,Kab/Kota Dummy 40-16,Sulawesi Tenggara,Sulawesi,2024,72.96,8.69,412314,789.3,522.4,35.82,121.6,-4.45
4016,Kab/Kota Dummy 40-16,Sulawesi Tenggara,Sulawesi,2025,74.19,8.99,416317,789.3,527.4,37.42,121.6,-4.45
4017,Kab/Kota Dummy 40-17,Sulawesi Tenggara,Sulawesi,2021,74.33,7.15,676394,380.5,1777.9,48.36,121.9,-4.45
4017,Kab/Kota Dummy 40-17,Sulawesi Tenggara,Sulawesi,2022,75.07,8.09,683158,380.5,1795.7,55.28,121.9,-4.45
4017,Kab/Kota Dummy 40-17,Sulawesi Tenggara,Sulawesi,2023,76.19,8.01,689922,380.5,1813.4,55.26,121.9,-4.45
4017,Kab/Kota Dummy 40-17,Sulawesi Tenggara,Sulawesi,2024,76.67,7.59,696686,380.5,1831.2,52.89,121.9,-4.45
4017,Kab/Kota Dummy 40-17,Sulawesi Tenggara,Sulawesi,2025,76.71,6.98,703450,380.5,1849.0,49.11,121.9,-4.45
4101,Kab/Kota Dummy 41-01,Maluku,Maluku,2021,69.59,11.62,146294,8757.0,16.7,17.0,127.55,-3.1
4101,Kab/Kota Dummy 41-01,Maluku,Maluku,2022,71.08,10.82,147757,8757.0,16.9,15.98,127.55,-3.1
4101,Kab/Kota Dummy 41-01,Maluku,Maluku,2023,72.62,11.41,149220,8757.0,17.0,17.02,127.55,-3.1
4101,Kab/Kota Dummy 41-01,Maluku,Maluku,2024,73.0,10.69,150683,8757.0,17.2,16.1,127.55,-3.1
4101,Kab/Kota Dummy 41-01,Maluku,Maluku,2025,74.21,10.18,152146,8757.0,17.4,15.49,127.55,-3.1
4102,Kab/Kota Dummy 41-02,Maluku,Maluku,2021,69.11,12.44,280683,1745.7,160.8,34.91,127.85,-3.1
4102,Kab/Kota Dummy 41-02,Maluku,Maluku,2022,69.5,10.55,283490,1745.7,162.4,29.91,127.85,-3.1
4102,Kab/Kota Dummy 41-02,Maluku,Maluku,2023,70.31,11.69,286297,1745.7,164.0,33.48,127.85,-3.1
4102,Kab/Kota Dummy 41-02,Maluku,Maluku,2024,71.96,10.52,289104,1745.7,165.6,30.41,127.85,-3.1
4102,Kab/Kota Dummy 41-02,Maluku,Maluku,2025,71.56,9.95,291910,1745.7,167.2,29.05,127.85,-3.1
4103,Kab/Kota Dummy 41-03,Maluku,Maluku,2021,68.49,10.87,132174,2670.3,49.5,14.37,128.15,-3.1
4103,Kab/Kota Dummy 41-03,Maluku,Maluku,2022,70.31,11.86,133496,2670.3,50.0,15.84,128.15,-3.1
4103,Kab/Kota Dummy 41-03,Maluku,Maluku,2023,70.25,11.19,134817,2670.3,50.5,15.08,128.15,-3.1
4103,Kab/Kota Dummy 41-03,Maluku,Maluku,2024,71.66,9.36,136139,2670.3,51.0,12.75,128.15,-3.1
4103,Kab/Kota Dummy 41-03,Maluku,Maluku,2025,72.15,10.08,137461,2670.3,51.5,13.86,128.15,-3.1
4104,Kab/Kota Dummy 41-04,Maluku,Maluku,2021,71.89,10.47,150981,1649.2,91.5,15.81,128.45,-3.1
4104,Kab/Kota Dummy 41-04,Maluku,Maluku,2022,71.1,9.97,152491,1649.2,92.5,15.2,128.45,-3.1
4104,Kab/Kota Dummy 41-04,Maluku,Maluku,2023,73.77,10.1,154000,1649.2,93.4,15.55,128.45,-3.1
4104,Kab/Kota Dummy 41-04,Maluku,Maluku,2024,72.8,8.99,155510,1649.2,94.3,13.98,128.45,-3.1
4104,Kab/Kota Dummy 41-04,Maluku,Maluku,2025,73.43,9.3,157020,1649.2,95.2,14.6,128.45,-3.1
4105,Kab/Kota Dummy 41-05,Maluku,Maluku,2021,67.21,14.51,321447,1338.2,240.2,46.65,127.55,-3.4
4105,Kab/Kota Dummy 41-05,Maluku,Maluku,2022,66.98,13.81,324661,1338.2,242.6,44.85,127.55,-3.4
4105,Kab/Kota Dummy 41-05,Maluku,Maluku,2023,67.93,13.41,327876,1338.2,245.0,43.97,127.55,-3.4
4105,Kab/Kota Dummy 41-05,Maluku,Maluku,2024,68.78,13.12,331090,1338.2,247.4,43.44,127.55,-3.4
4105,Kab/Kota Dummy 41-05,Maluku,Maluku,2025,69.5,12.59,334305,1338.2,249.8,42.09,127.55,-3.4
4106,Kab/Kota Dummy 41-06,Maluku,Maluku,2021,73.2,8.42,775206,1360.5,569.8,65.27,127.85,-3.4
4106,Kab/Kota Dummy 41-06,Maluku,Maluku,2022,75.3,8.44,782958,1360.5,575.5,66.11,127.85,-3.4
4106,Kab/Kota Dummy 41-06,Maluku,Maluku,2023,74.98,6.54,790710,1360.5,581.2,51.74,127.85,-3.4
4106,Kab/Kota Dummy 41-06,Maluku,Maluku,2024,76.33,6.34,798462,1360.5,586.9,50.59,127.85,-3.4
4106,Kab/Kota Dummy 41-06,Maluku,Maluku,2025,77.51,6.38,806214,1360.5,592.6,51.44,127.85,-3.4
4107,Kab/Kota Dummy 41-07,Maluku,Maluku,2021,65.87,14.52,168773,1210.7,139.4,24.51,128.15,-3.4
4107,Kab/Kota Dummy 41-07,Maluku,Maluku,2022,67.1,14.85,170460,1210.7,140.8,25.32,128.15,-3.4
4107,Kab/Kota Dummy 41-07,Maluku,Maluku,2023,68.36,12.61,172148,1210.7,142.2,21.71,128.15,-3.4
4107,Kab/Kota Dummy 41-07,Maluku,Maluku,2024,67.71,14.3,173836,1210.7,143.6,24.86,128.15,-3.4
4107,Kab/Kota Dummy 41-07,Maluku,Maluku,2025,68.99,12.87,175524,1210.7,145.0,22.58,128.15,-3.4
4108,Kab/Kota Dummy 41-08,Maluku,Maluku,2021,70.46,10.34,558778,1713.3,326.1,57.8,128.45,-3.4
4108,Kab/Kota Dummy 41-08,Maluku,Maluku,2022,71.58,9.02,564366,1713.3,329.4,50.91,128.45,-3.4
4108,Kab/Kota Dummy 41-08,Maluku,Maluku,2023,73.47,10.8,569954,1713.3,332.7,61.54,128.45,-3.4
4108,Kab/Kota Dummy 41-08,Maluku,Maluku,2024,72.48,9.74,575542,1713.3,335.9,56.06,128.45,-3.4
4108,Kab/Kota Dummy 41-08,Maluku,Maluku,2025,74.29,9.2,581129,1713.3,339.2,53.49,128.45,-3.4
4109,Kab/Kota Dummy 41-09,Maluku,Maluku,2021,69.77,11.93,653039,3149.2,207.4,77.94,127.55,-3.7
4109,Kab/Kota Dummy 41-09,Maluku,Maluku,2022,70.27,11.53,659570,3149.2,209.4,76.04,127.55,-3.7
4109,Kab/Kota Dummy 41-09,Maluku,Maluku,2023,70.94,11.0,666100,3149.2,211.5,73.3,127.55,-3.7
4109,Kab/Kota Dummy 41-09,Maluku,Maluku,2024,71.27,11.25,672630,3149.2,213.6,75.64,127.55,-3.7
4109,Kab/Kota Dummy 41-09,Maluku,Maluku,2025,73.23,9.82,679161,3149.2,215.7,66.69,127.55,-3.7
4110,Kab/Kota Dummy 41-10,Maluku,Maluku,2021,70.8,11.2,238504,514.0,464.0,26.71,127.85,-3.7
4110,Kab/Kota Dummy 41-10,Maluku,Maluku,2022,71.33,10.7,240889,514.0,468.6,25.78,127.85,-3.7
4110,Kab/Kota Dummy 41-10,Maluku,Maluku,2023,71.05,11.19,243274,514.0,473.3,27.23,127.85,-3.7
4110,Kab/Kota Dummy 41-10,Maluku,Maluku,2024,72.26,10.87,245659,514.0,477.9,26.69,127.85,-3.7
4110,Kab/Kota Dummy 41-10,Maluku,Maluku,2025,73.18,10.69,248044,514.0,482.5,26.5,127.85,-3.7
4111,Kab/Kota Dummy 41-11,Maluku,Maluku,2021,77.3,6.12,221172,622.1,355.5,13.55,128.15,-3.7
4111,Kab/Kota Dummy 41-11,Maluku,Maluku,2022,78.46,6.86,223383,622.1,359.1,15.31,128.15,-3.7
4111,Kab/Kota Dummy 41-11,Maluku,Maluku,2023,78.33,5.26,225595,622.1,362.7,11.87,128.15,-3.7
4111,Kab/Kota Dummy 41-11,Maluku,Maluku,2024,78.91,4.24,227807,622.1,366.2,9.65,128.15,-3.7
4111,Kab/Kota Dummy 41-11,Maluku,Maluku,2025,80.67,4.81,230019,622.1,369.8,11.06,128.15,-3.7
4201,Kab/Kota Dummy 42-01,Maluku Utara,Maluku,2021,68.07,13.25,205728,1924.9,106.9,27.25,127.35,1.5
4201,Kab/Kota Dummy 42-01,Maluku Utara,Maluku,2022,68.0,11.66,207785,1924.9,107.9,24.22,127.35,1.5
4201,Kab/Kota Dummy 42-01,Maluku Utara,Maluku,2023,69.98,12.99,209842,1924.9,109.0,27.26,127.35,1.5
4201,Kab/Kota Dummy 42-01,Maluku Utara,Maluku,2024,70.23,11.61,211899,1924.9,110.1,24.6,127.35,1.5
4201,Kab/Kota Dummy 42-01,Maluku Utara,Maluku,2025,71.16,12.33,213957,1924.9,111.2,26.39,127.35,1.5
4202,Kab/Kota Dummy 42-02,Maluku Utara,Maluku,2021,74.3,7.5,246018,148.3,1658.5,18.46,127.65,1.5
4202,Kab/Kota Dummy 42-02,Maluku Utara,Maluku,2022,75.12,7.45,248478,148.3,1675.1,18.52,127.65,1.5
4202,Kab/Kota Dummy 42-02,Maluku Utara,Maluku,2023,76.56,6.32,250938,148.3,1691.7,15.86,127.65,1.5
4202,Kab/Kota Dummy 42-02,Maluku Utara,Maluku,2024,77.72,6.34,253398,148.3,1708.3,16.05,127.65,1.5
4202,Kab/Kota Dummy 42-02,Maluku Utara,Maluku,2025,78.29,7.3,255858,148.3,1724.8,18.67,127.65,1.5
4203,Kab/Kota Dummy 42-03,Maluku Utara,Maluku,2021,71.38,9.4,174612,4099.1,42.6,16.41,127.95,1.5
4203,Kab/Kota Dummy 42-03,Maluku Utara,Maluku,2022,72.05,10.29,176358,4099.1,43.0,18.16,127.95,1.5
4203,Kab/Kota Dummy 42-03,Maluku Utara,Maluku,2023,73.17,9.24,178104,4099.1,43.5,16.45,127.95,1.5
4203,Kab/Kota Dummy 42-03,Maluku Utara,Maluku,2024,74.03,9.1,179851,4099.1,43.9,16.37,127.95,1.5
4203,Kab/Kota Dummy 42-03,Maluku Utara,Maluku,2025,74.07,9.07,181597,4099.1,44.3,16.47,127.95,1.5
4204,Kab/Kota Dummy 42-04,Maluku Utara,Maluku,2021,72.66,9.75,404676,899.8,449.8,39.47,128.25,1.5
4204,Kab/Kota Dummy 42-04,Maluku Utara,Maluku,2022,73.59,8.82,408723,899.8,454.3,36.07,128.25,1.5
4204,Kab/Kota Dummy 42-04,Maluku Utara,Maluku,2023,75.35,8.62,412770,899.8,458.7,35.57,128.25,1.5
4204,Kab/Kota Dummy 42-04,Maluku Utara,Maluku,2024,75.97,7.9,416817,899.8,463.2,32.91,128.25,1.5
4204,Kab/Kota Dummy 42-04,Maluku Utara,Maluku,2025,75.68,8.21,420863,899.8,467.7,34.57,128.25,1.5
4205,Kab/Kota Dummy 42-05,Maluku Utara,Maluku,2021,71.52,9.2,125587,1254.9,100.1,11.56,127.35,1.2
4205,Kab/Kota Dummy 42-05,Maluku Utara,Maluku,2022,72.76,8.94,126843,1254.9,101.1,11.34,127.35,1.2
4205,Kab/Kota Dummy 42-05,Maluku Utara,Maluku,2023,73.9,9.32,128099,1254.9,102.1,11.94,127.35,1.2
4205,Kab/Kota Dummy 42-05,Maluku Utara,Maluku,2024,74.36,8.94,129354,1254.9,103.1,11.57,127.35,1.2
4205,Kab/Kota Dummy 42-05,Maluku Utara,Maluku,2025,74.81,9.63,130610,1254.9,104.1,12.58,127.35,1.2
4206,Kab/Kota Dummy 42-06,Maluku Utara,Maluku,2021,72.6,8.99,561750,870.3,645.5,50.53,127.65,1.2
4206,Kab/Kota Dummy 42-06,Maluku Utara,Maluku,2022,73.97,9.47,567368,870.3,651.9,53.7,127.65,1.2
4206,Kab/Kota Dummy 42-06,Maluku Utara,Maluku,2023,74.96,8.59,572985,870.3,658.4,49.24,127.65,1.2
4206,Kab/Kota Dummy 42-06,Maluku Utara,Maluku,2024,74.68,8.81,578603,870.3,664.8,50.98,127.65,1.2
4206,Kab/Kota Dummy 42-06,Maluku Utara,Maluku,2025,74.97,8.72,584220,870.3,671.3,50.96,127.65,1.2
4207,Kab/Kota Dummy 42-07,Maluku Utara,Maluku,2021,64.08,15.41,324107,4322.3,75.0,49.95,127.95,1.2
4207,Kab/Kota Dummy 42-07,Maluku Utara,Maluku,2022,66.34,14.83,327348,4322.3,75.7,48.54,127.95,1.2
4207,Kab/Kota Dummy 42-07,Maluku Utara,Maluku,2023,67.15,14.88,330589,4322.3,76.5,49.2,127.95,1.2
4207,Kab/Kota Dummy 42-07,Maluku Utara,Maluku,2024,66.93,14.58,333830,4322.3,77.2,48.67,127.95,1.2
4207,Kab/Kota Dummy 42-07,Maluku Utara,Maluku,2025,68.11,13.68,337071,4322.3,78.0,46.1,127.95,1.2
4208,Kab/Kota Dummy 42-08,Maluku Utara,Maluku,2021,70.42,11.16,182072,1095.4,166.2,20.31,128.25,1.2
4208,Kab/Kota Dummy 42-08,Maluku Utara,Maluku,2022,71.53,10.16,183892,1095.4,167.9,18.69,128.25,1.2
4208,Kab/Kota Dummy 42-08,Maluku Utara,Maluku,2023,72.13,11.06,185713,1095.4,169.5,20.54,128.25,1.2
4208,Kab/Kota Dummy 42-08,Maluku Utara,Maluku,2024,72.63,8.78,187534,1095.4,171.2,16.46,128.25,1.2
4208,Kab/Kota Dummy 42-08,Maluku Utara,Maluku,2025,73.05,9.65,189354,1095.4,172.9,18.28,128.25,1.2
4209,Kab/Kota Dummy 42-09,Maluku Utara,Maluku,2021,67.47,12.3,949795,3362.4,282.5,116.8,127.35,0.9
4209,Kab/Kota Dummy 42-09,Maluku Utara,Maluku,2022,68.76,11.69,959293,3362.4,285.3,112.15,127.35,0.9
4209,Kab/Kota Dummy 42-09,Maluku Utara,Maluku,2023,68.81,12.21,968791,3362.4,288.1,118.26,127.35,0.9
4209,Kab/Kota Dummy 42-09,Maluku Utara,Maluku,2024,70.86,12.18,978289,3362.4,291.0,119.2,127.35,0.9
4209,Kab/Kota Dummy 42-09,Maluku Utara,Maluku,2025,71.13,12.01,987787,3362.4,293.8,118.59,127.35,0.9
4210,Kab/Kota Dummy 42-10,Maluku Utara,Maluku,2021,71.59,9.66,349494,3236.1,108.0,33.76,127.65,0.9
4210,Kab/Kota Dummy 42-10,Maluku Utara,Maluku,2022,71.6,10.46,352989,3236.1,109.1,36.91,127.65,0.9
4210,Kab/Kota Dummy 42-10,Maluku Utara,Maluku,2023,71.91,10.53,356484,3236.1,110.2,37.53,127.65,0.9
4210,Kab/Kota Dummy 42-10,Maluku Utara,Maluku,2024,73.44,9.15,359979,3236.1,111.2,32.94,127.65,0.9
4210,Kab/Kota Dummy 42-10,Maluku Utara,Maluku,2025,73.37,9.8,363474,3236.1,112.3,35.6,127.65,0.9
4301,Kab/Kota Dummy 43-01,Papua Barat,Papua,2021,65.89,15.0,233727,677.6,344.9,35.06,132.2,-1.2
4301,Kab/Kota Dummy 43-01,Papua Barat,Papua,2022,66.79,13.46,236064,677.6,348.4,31.77,132.2,-1.2
4301,Kab/Kota Dummy 43-01,Papua Barat,Papua,2023,67.36,13.86,238401,677.6,351.8,33.04,132.2,-1.2
4301,Kab/Kota Dummy 43-01,Papua Barat,Papua,2024,67.62,12.57,240738,677.6,355.3,30.26,132.2,-1.2
4301,Kab/Kota Dummy 43-01,Papua Barat,Papua,2025,68.52,13.08,243076,677.6,358.7,31.79,132.2,-1.2
4302,Kab/Kota Dummy 43-02,Papua Barat,Papua,2021,68.39,11.52,449441,1445.5,310.9,51.79,132.5,-1.2
4302,Kab/Kota Dummy 43-02,Papua Barat,Papua,2022,69.86,11.42,453935,1445.5,314.0,51.83,132.5,-1.2
4302,Kab/Kota Dummy 43-02,Papua Barat,Papua,2023,71.19,10.9,458430,1445.5,317.1,49.95,132.5,-1.2
4302,Kab/Kota Dummy 43-02,Papua Barat,Papua,2024,72.03,9.96,462924,1445.5,320.3,46.12,132.5,-1.2
4302,Kab/Kota Dummy 43-02,Papua Barat,Papua,2025,71.77,9.86,467418,1445.5,323.4,46.11,132.5,-1.2
4303,Kab/Kota Dummy 43-03,Papua Barat,Papua,2021,65.04,16.04,273417,7970.7,34.3,43.85,132.8,-1.2
4303,Kab/Kota Dummy 43-03,Papua Barat,Papua,2022,66.63,14.45,276151,7970.7,34.6,39.9,132.8,-1.2
4303,Kab/Kota Dummy 43-03,Papua Barat,Papua,2023,66.38,14.97,278885,7970.7,35.0,41.74,132.8,-1.2
4303,Kab/Kota Dummy 43-03,Papua Barat,Papua,2024,67.75,14.36,281620,7970.7,35.3,40.44,132.8,-1.2
4303,Kab/Kota Dummy 43-03,Papua Barat,Papua,2025,69.68,14.47,284354,7970.7,35.7,41.13,132.8,-1.2
4304,Kab/Kota Dummy 43-04,Papua Barat,Papua,2021,69.63,10.85,307709,1954.1,157.5,33.38,132.2,-1.5
4304,Kab/Kota Dummy 43-04,Papua Barat,Papua,2022,70.16,11.47,310786,1954.1,159.0,35.65,132.2,-1.5
4304,Kab/Kota Dummy 43-04,Papua Barat,Papua,2023,71.52,11.08,313863,1954.1,160.6,34.79,132.2,-1.5
4304,Kab/Kota Dummy 43-04,Papua Barat,Papua,2024,73.2,10.38,316941,1954.1,162.2,32.91,132.2,-1.5
4304,Kab/Kota Dummy 43-04,Papua Barat,Papua,2025,73.38,10.9,320018,1954.1,163.8,34.88,132.2,-1.5
4305,Kab/Kota Dummy 43-05,Papua Barat,Papua,2021,68.7,12.77,237451,2784.2,85.3,30.31,132.5,-1.5
4305,Kab/Kota Dummy 43-05,Papua Barat,Papua,2022,69.01,12.37,239826,2784.2,86.1,29.68,132.5,-1.5
4305,Kab/Kota Dummy 43-05,Papua Barat,Papua,2023,69.34,11.62,242200,2784.2,87.0,28.16,132.5,-1.5
4305,Kab/Kota Dummy 43-05,Papua Barat,Papua,2024,71.33,10.83,244575,2784.2,87.8,26.49,132.5,-1.5
4305,Kab/Kota Dummy 43-05,Papua Barat,Papua,2025,71.65,11.37,246949,2784.2,88.7,28.08,132.5,-1.5
4306,Kab/Kota Dummy 43-06,Papua Barat,Papua,2021,69.4,11.87,632150,115.4,5476.2,75.05,132.8,-1.5
4306,Kab/Kota Dummy 43-06,Papua Barat,Papua,2022,71.48,10.65,638472,115.4,5531.0,67.98,132.8,-1.5
4306,Kab/Kota Dummy 43-06,Papua Barat,Papua,2023,72.43,9.89,644793,115.4,5585.7,63.79,132.8,-1.5
4306,Kab/Kota Dummy 43-06,Papua Barat,Papua,2024,72.93,9.69,651115,115.4,5640.5,63.1,132.8,-1.5
4306,Kab/Kota Dummy 43-06,Papua Barat,Papua,2025,73.17,10.88,657436,115.4,5695.3,71.53,132.8,-1.5
4307,Kab/Kota Dummy 43-07,Papua Barat,Papua,2021,66.79,12.18,139874,2363.4,59.2,17.04,132.2,-1.8
4307,Kab/Kota Dummy 43-07,Papua Barat,Papua,2022,67.34,12.44,141273,2363.4,59.8,17.58,132.2,-1.8
4307,Kab/Kota Dummy 43-07,Papua Barat,Papua,2023,68.62,12.66,142672,2363.4,60.4,18.06,132.2,-1.8
4307,Kab/Kota Dummy 43-07,Papua Barat,Papua,2024,69.17,12.97,144071,2363.4,61.0,18.69,132.2,-1.8
4307,Kab/Kota Dummy 43-07,Papua Barat,Papua,2025,70.37,11.59,145469,2363.4,61.6,16.86,132.2,-1.8
4401,Kab/Kota Dummy 44-01,Papua Barat Daya,Papua,2021,75.12,8.34,251310,230.3,1091.3,20.95,130.7,-0.75
4401,Kab/Kota Dummy 44-01,Papua Barat Daya,Papua,2022,75.16,6.73,253823,230.3,1102.2,17.09,130.7,-0.75
4401,Kab/Kota Dummy 44-01,Papua Barat Daya,Papua,2023,76.49,7.16,256336,230.3,1113.1,18.35,130.7,-0.75
4401,Kab/Kota Dummy 44-01,Papua Barat Daya,Papua,2024,76.87,8.18,258849,230.3,1124.0,21.18,130.7,-0.75
4401,Kab/Kota Dummy 44-01,Papua Barat Daya,Papua,2025,77.58,6.52,261362,230.3,1134.9,17.05,130.7,-0.75
4402,Kab/Kota Dummy 44-02,Papua Barat Daya,Papua,2021,66.69,14.23,186286,2986.8,62.4,26.5,131.0,-0.75
4402,Kab/Kota Dummy 44-02,Papua Barat Daya,Papua,2022,65.53,14.19,188149,2986.8,63.0,26.69,131.0,-0.75
4402,Kab/Kota Dummy 44-02,Papua Barat Daya,Papua,2023,66.51,13.53,190012,2986.8,63.6,25.71,131.0,-0.75
4402,Kab/Kota Dummy 44-02,Papua Barat Daya,Papua,2024,67.98,13.41,191874,2986.8,64.2,25.72,131.0,-0.75
4402,Kab/Kota Dummy 44-02,Papua Barat Daya,Papua,2025,68.17,13.04,193737,2986.8,64.9,25.26,131.0,-0.75
4403,Kab/Kota Dummy 44-03,Papua Barat Daya,Papua,2021,64.65,14.36,951049,5527.2,172.1,136.54,131.3,-0.75
4403,Kab/Kota Dummy 44-03,Papua Barat Daya,Papua,2022,65.71,14.91,960559,5527.2,173.8,143.2,131.3,-0.75
4403,Kab/Kota Dummy 44-03,Papua Barat Daya,Papua,2023,66.27,14.78,970070,5527.2,175.5,143.34,131.3,-0.75
4403,Kab/Kota Dummy 44-03,Papua Barat Daya,Papua,2024,66.22,13.72,979580,5527.2,177.2,134.4,131.3,-0.75
4403,Kab/Kota Dummy 44-03,Papua Barat Daya,Papua,2025,68.16,12.9,989091,5527.2,179.0,127.61,131.3,-0.75
4404,Kab/Kota Dummy 44-04,Papua Barat Daya,Papua,2021,68.82,11.69,261982,1800.3,145.5,30.62,130.7,-1.05
4404,Kab/Kota Dummy 44-04,Papua Barat Daya,Papua,2022,69.2,11.26,264602,1800.3,147.0,29.78,130.7,-1.05
4404,Kab/Kota Dummy 44-04,Papua Barat Daya,Papua,2023,69.93,11.53,267222,1800.3,148.4,30.81,130.7,-1.05
4404,Kab/Kota Dummy 44-04,Papua Barat Daya,Papua,2024,71.12,10.76,269842,1800.3,149.9,29.05,130.7,-1.05
4404,Kab/Kota Dummy 44-04,Papua Barat Daya,Papua,2025,71.76,11.13,272461,1800.3,151.3,30.31,130.7,-1.05
4405,Kab/Kota Dummy 44-05,Papua Barat Daya,Papua,2021,66.82,13.1,229216,304.0,754.1,30.03,131.0,-1.05
4405,Kab/Kota Dummy 44-05,Papua Barat Daya,Papua,2022,68.66,13.06,231508,304.0,761.6,30.23,131.0,-1.05
4405,Kab/Kota Dummy 44-05,Papua Barat Daya,Papua,2023,68.95,11.62,233800,304.0,769.2,27.16,131.0,-1.05
4405,Kab/Kota Dummy 44-05,Papua Barat Daya,Papua,2024,70.57,11.76,236092,304.0,776.7,27.76,131.0,-1.05
4405,Kab/Kota Dummy 44-05,Papua Barat Daya,Papua,2025,71.82,12.39,238385,304.0,784.2,29.52,131.0,-1.05
4406,Kab/Kota Dummy 44-06,Papua Barat Daya,Papua,2021,65.2,15.93,166639,8853.6,18.8,26.55,131.3,-1.05
4406,Kab/Kota Dummy 44-06,Papua Barat Daya,Papua,2022,65.3,15.73,168305,8853.6,19.0,26.48,131.3,-1.05
4406,Kab/Kota Dummy 44-06,Papua Barat Daya,Papua,2023,66.94,15.61,169972,8853.6,19.2,26.54,131.3,-1.05
4406,Kab/Kota Dummy 44-06,Papua Barat Daya,Papua,2024,67.33,14.38,171638,8853.6,19.4,24.69,131.3,-1.05
4406,Kab/Kota Dummy 44-06,Papua Barat Daya,Papua,2025,68.47,12.68,173304,8853.6,19.6,21.98,131.3,-1.05
4501,Kab/Kota Dummy 45-01,Papua Selatan,Papua,2021,63.29,16.01,200179,1249.0,160.3,32.05,139.35,-6.85
4501,Kab/Kota Dummy 45-01,Papua Selatan,Papua,2022,64.22,16.09,202181,1249.0,161.9,32.54,139.35,-6.85
4501,Kab/Kota Dummy 45-01,Papua Selatan,Papua,2023,64.67,16.24,204182,1249.0,163.5,33.15,139.35,-6.85
4501,Kab/Kota Dummy 45-01,Papua Selatan,Papua,2024,65.85,15.7,206184,1249.0,165.1,32.37,139.35,-6.85
4501,Kab/Kota Dummy 45-01,Papua Selatan,Papua,2025,67.14,14.88,208186,1249.0,166.7,30.98,139.35,-6.85
4502,Kab/Kota Dummy 45-02,Papua Selatan,Papua,2021,68.72,12.07,234644,4676.7,50.2,28.32,139.65,-6.85
4502,Kab/Kota Dummy 45-02,Papua Selatan,Papua,2022,69.04,10.76,236990,4676.7,50.7,25.51,139.65,-6.85
4502,Kab/Kota Dummy 45-02,Papua Selatan,Papua,2023,69.7,11.08,239337,4676.7,51.2,26.51,139.65,-6.85
4502,Kab/Kota Dummy 45-02,Papua Selatan,Papua,2024,69.99,10.79,241683,4676.7,51.7,26.08,139.65,-6.85
4502,Kab/Kota Dummy 45-02,Papua Selatan,Papua,2025,71.03,10.79,244030,4676.7,52.2,26.32,139.65,-6.85
4503,Kab/Kota Dummy 45-03,Papua Selatan,Papua,2021,64.44,15.23,234374,1138.6,205.8,35.71,139.35,-7.15
4503,Kab/Kota Dummy 45-03,Papua Selatan,Papua,2022,65.89,14.83,236718,1138.6,207.9,35.11,139.35,-7.15
4503,Kab/Kota Dummy 45-03,Papua Selatan,Papua,2023,67.01,15.18,239062,1138.6,210.0,36.29,139.35,-7.15
4503,Kab/Kota Dummy 45-03,Papua Selatan,Papua,2024,67.57,13.96,241406,1138.6,212.0,33.7,139.35,-7.15
4503,Kab/Kota Dummy 45-03,Papua Selatan,Papua,2025,68.26,14.05,243749,1138.6,214.1,34.25,139.35,-7.15
4504,Kab/Kota Dummy 45-04,Papua Selatan,Papua,2021,61.65,16.89,332501,909.0,365.8,56.16,139.65,-7.15
4504,Kab/Kota Dummy 45-04,Papua Selatan,Papua,2022,62.87,16.47,335826,909.0,369.4,55.32,139.65,-7.15
4504,Kab/Kota Dummy 45-04,Papua Selatan,Papua,2023,63.9,17.72,339151,909.0,373.1,60.1,139.65,-7.15
4504,Kab/Kota Dummy 45-04,Papua Selatan,Papua,2024,63.83,17.18,342476,909.0,376.8,58.82,139.65,-7.15
4504,Kab/Kota Dummy 45-04,Papua Selatan,Papua,2025,65.53,17.45,345801,909.0,380.4,60.33,139.65,-7.15
4601,Kab/Kota Dummy 46-01,Papua,Papua,2021,63.5,15.05,517241,1017.6,508.3,77.86,138.7,-2.7
4601,Kab/Kota Dummy 46-01,Papua,Papua,2022,65.45,15.33,522414,1017.6,513.4,80.09,138.7,-2.7
4601,Kab/Kota Dummy 46-01,Papua,Papua,2023,65.52,15.0,527586,1017.6,518.5,79.14,138.7,-2.7
4601,Kab/Kota Dummy 46-01,Papua,Papua,2024,66.46,15.62,532758,1017.6,523.6,83.24,138.7,-2.7
4601,Kab/Kota Dummy 46-01,Papua,Papua,2025,67.07,14.71,537931,1017.6,528.6,79.12,138.7,-2.7
4602,Kab/Kota Dummy 46-02,Papua,Papua,2021,65.36,13.45,191557,5195.2,36.9,25.77,139.0,-2.7
4602,Kab/Kota Dummy 46-02,Papua,Papua,2022,67.12,14.69,193473,5195.2,37.2,28.42,139.0,-2.7
4602,Kab/Kota Dummy 46-02,Papua,Papua,2023,67.27,13.29,195388,5195.2,37.6,25.97,139.0,-2.7
4602,Kab/Kota Dummy 46-02,Papua,Papua,2024,68.75,12.85,197304,5195.2,38.0,25.36,139.0,-2.7
4602,Kab/Kota Dummy 46-02,Papua,Papua,2025,69.79,13.36,199220,5195.2,38.3,26.62,139.0,-2.7
4603,Kab/Kota Dummy 46-03,Papua,Papua,2021,63.74,15.81,178155,941.8,189.2,28.17,139.3,-2.7
4603,Kab/Kota Dummy 46-03,Papua,Papua,2022,65.18,14.56,179937,941.8,191.1,26.2,139.3,-2.7
4603,Kab/Kota Dummy 46-03,Papua,Papua,2023,65.67,14.86,181718,941.8,192.9,27.0,139.3,-2.7
4603,Kab/Kota Dummy 46-03,Papua,Papua,2024,66.2,14.33,183500,941.8,194.8,26.29,139.3,-2.7
4603,Kab/Kota Dummy 46-03,Papua,Papua,2025,67.26,14.14,185281,941.8,196.7,26.2,139.3,-2.7
4604,Kab/Kota Dummy 46-04,Papua,Papua,2021,66.54,14.02,185921,784.5,237.0,26.06,138.7,-3.0
4604,Kab/Kota Dummy 46-04,Papua,Papua,2022,66.86,14.43,187780,784.5,239.4,27.1,138.7,-3.0
4604,Kab/Kota Dummy 46-04,Papua,Papua,2023,67.56,13.49,189640,784.5,241.7,25.59,138.7,-3.0
4604,Kab/Kota Dummy 46-04,Papua,Papua,2024,69.1,13.4,191499,784.5,244.1,25.66,138.7,-3.0
4604,Kab/Kota Dummy 46-04,Papua,Papua,2025,69.77,13.21,193358,784.5,246.5,25.54,138.7,-3.0
4605,Kab/Kota Dummy 46-05,Papua,Papua,2021,66.12,15.55,300711,5342.4,56.3,46.77,139.0,-3.0
4605,Kab/Kota Dummy 46-05,Papua,Papua,2022,66.15,14.86,303718,5342.4,56.9,45.13,139.0,-3.0
4605,Kab/Kota Dummy 46-05,Papua,Papua,2023,66.93,13.56,306726,5342.4,57.4,41.6,139.0,-3.0
4605,Kab/Kota Dummy 46-05,Papua,Papua,2024,67.52,13.1,309733,5342.4,58.0,40.58,139.0,-3.0
4605,Kab/Kota Dummy 46-05,Papua,Papua,2025,68.62,13.59,312740,5342.4,58.5,42.51,139.0,-3.0
4606,Kab/Kota Dummy 46-06,Papua,Papua,2021,65.78,13.49,692006,1399.3,494.5,93.32,139.3,-3.0
4606,Kab/Kota Dummy 46-06,Papua,Papua,2022,66.74,14.66,698926,1399.3,499.5,102.45,139.3,-3.0
4606,Kab/Kota Dummy 46-06,Papua,Papua,2023,66.54,15.68,705846,1399.3,504.4,110.69,139.3,-3.0
4606,Kab/Kota Dummy 46-06,Papua,Papua,2024,68.16,13.13,712766,1399.3,509.4,93.62,139.3,-3.0
4606,Kab/Kota Dummy 46-06,Papua,Papua,2025,69.17,13.78,719686,1399.3,514.3,99.16,139.3,-3.0
4607,Kab/Kota Dummy 46-07,Papua,Papua,2021,63.06,17.42,515615,1869.8,275.8,89.8,138.7,-3.3
4607,Kab/Kota Dummy 46-07,Papua,Papua,2022,63.97,16.01,520772,1869.8,278.5,83.36,138.7,-3.3
4607,Kab/Kota Dummy 46-07,Papua,Papua,2023,65.6,15.34,525928,1869.8,281.3,80.68,138.7,-3.3
4607,Kab/Kota Dummy 46-07,Papua,Papua,2024,66.34,15.8,531084,1869.8,284.0,83.93,138.7,-3.3
4607,Kab/Kota Dummy 46-07,Papua,Papua,2025,66.48,16.14,536240,1869.8,286.8,86.57,138.7,-3.3
4608,Kab/Kota Dummy 46-08,Papua,Papua,2021,67.0,13.34,503846,6470.6,77.9,67.2,139.0,-3.3
4608,Kab/Kota Dummy 46-08,Papua,Papua,2022,67.59,13.53,508885,6470.6,78.6,68.86,139.0,-3.3
4608,Kab/Kota Dummy 46-08,Papua,Papua,2023,70.16,12.91,513923,6470.6,79.4,66.32,139.0,-3.3
4608,Kab/Kota Dummy 46-08,Papua,Papua,2024,69.64,11.18,518962,6470.6,80.2,58.04,139.0,-3.3
4608,Kab/Kota Dummy 46-08,Papua,Papua,2025,71.51,12.05,524000,6470.6,81.0,63.13,139.0,-3.3
4609,Kab/Kota Dummy 46-09,Papua,Papua,2021,66.56,13.33,1360840,175.3,7764.3,181.45,139.3,-3.3
4609,Kab/Kota Dummy 46-09,Papua,Papua,2022,67.2,12.21,1374448,175.3,7841.9,167.83,139.3,-3.3
4609,Kab/Kota Dummy 46-09,Papua,Papua,2023,68.0,12.41,1388057,175.3,7919.5,172.24,139.3,-3.3
4609,Kab/Kota Dummy 46-09,Papua,Papua,2024,69.15,13.67,1401665,175.3,7997.2,191.62,139.3,-3.3
4609,Kab/Kota Dummy 46-09,Papua,Papua,2025,69.11,13.3,1415274,175.3,8074.8,188.21,139.3,-3.3
4701,Kab/Kota Dummy 47-01,Papua Tengah,Papua,2021,62.0,17.97,571598,2113.8,270.4,102.71,135.7,-3.7
4701,Kab/Kota Dummy 47-01,Papua Tengah,Papua,2022,62.74,16.49,577314,2113.8,273.1,95.2,135.7,-3.7
4701,Kab/Kota Dummy 47-01,Papua Tengah,Papua,2023,62.49,16.63,583030,2113.8,275.8,96.97,135.7,-3.7
4701,Kab/Kota Dummy 47-01,Papua Tengah,Papua,2024,63.98,17.23,588746,2113.8,278.5,101.46,135.7,-3.7
4701,Kab/Kota Dummy 47-01,Papua Tengah,Papua,2025,65.37,16.12,594462,2113.8,281.2,95.81,135.7,-3.7
4702,Kab/Kota Dummy 47-02,Papua Tengah,Papua,2021,62.56,16.66,864604,2369.1,365.0,144.06,136.0,-3.7
4702,Kab/Kota Dummy 47-02,Papua Tengah,Papua,2022,64.97,15.71,873250,2369.1,368.6,137.21,136.0,-3.7
4702,Kab/Kota Dummy 47-02,Papua Tengah,Papua,2023,66.2,15.14,881896,2369.1,372.2,133.54,136.0,-3.7
4702,Kab/Kota Dummy 47-02,Papua Tengah,Papua,2024,66.6,14.35,890542,2369.1,375.9,127.76,136.0,-3.7
4702,Kab/Kota Dummy 47-02,Papua Tengah,Papua,2025,66.42,14.6,899188,2369.1,379.5,131.27,136.0,-3.7
4703,Kab/Kota Dummy 47-03,Papua Tengah,Papua,2021,62.87,17.16,498233,1580.6,315.2,85.49,136.3,-3.7
4703,Kab/Kota Dummy 47-03,Papua Tengah,Papua,2022,63.09,15.9,503215,1580.6,318.4,80.0,136.3,-3.7
4703,Kab/Kota Dummy 47-03,Papua Tengah,Papua,2023,63.97,16.32,508198,1580.6,321.5,82.96,136.3,-3.7
4703,Kab/Kota Dummy 47-03,Papua Tengah,Papua,2024,65.73,16.46,513180,1580.6,324.7,84.47,136.3,-3.7
4703,Kab/Kota Dummy 47-03,Papua Tengah,Papua,2025,66.83,14.64,518162,1580.6,327.8,75.86,136.3,-3.7
4704,Kab/Kota Dummy 47-04,Papua Tengah,Papua,2021,59.58,18.05,484935,10454.1,46.4,87.53,135.7,-4.0
4704,Kab/Kota Dummy 47-04,Papua Tengah,Papua,2022,60.12,19.97,489784,10454.1,46.9,97.82,135.7,-4.0
4704,Kab/Kota Dummy 47-04,Papua Tengah,Papua,2023,61.12,17.35,494633,10454.1,47.3,85.83,135.7,-4.0
4704,Kab/Kota Dummy 47-04,Papua Tengah,Papua,2024,61.44,19.01,499483,10454.1,47.8,94.95,135.7,-4.0
4704,Kab/Kota Dummy 47-04,Papua Tengah,Papua,2025,61.71,16.4,504332,10454.1,48.2,82.71,135.7,-4.0
4705,Kab/Kota Dummy 47-05,Papua Tengah,Papua,2021,65.38,14.31,195061,1305.5,149.4,27.92,136.0,-4.0
4705,Kab/Kota Dummy 47-05,Papua Tengah,Papua,2022,67.0,13.51,197011,1305.5,150.9,26.62,136.0,-4.0
4705,Kab/Kota Dummy 47-05,Papua Tengah,Papua,2023,67.95,13.42,198962,1305.5,152.4,26.71,136.0,-4.0
4705,Kab/Kota Dummy 47-05,Papua Tengah,Papua,2024,68.54,12.68,200912,1305.5,153.9,25.47,136.0,-4.0
4705,Kab/Kota Dummy 47-05,Papua Tengah,Papua,2025,69.24,12.79,202863,1305.5,155.4,25.95,136.0,-4.0
4706,Kab/Kota Dummy 47-06,Papua Tengah,Papua,2021,67.59,13.3,417390,1360.6,306.8,55.53,136.3,-4.0
4706,Kab/Kota Dummy 47-06,Papua Tengah,Papua,2022,67.52,13.24,421564,1360.6,309.8,55.81,136.3,-4.0
4706,Kab/Kota Dummy 47-06,Papua Tengah,Papua,2023,68.94,13.1,425737,1360.6,312.9,55.76,136.3,-4.0
4706,Kab/Kota Dummy 47-06,Papua Tengah,Papua,2024,69.04,12.82,429911,1360.6,316.0,55.12,136.3,-4.0
4706,Kab/Kota Dummy 47-06,Papua Tengah,Papua,2025,70.02,11.49,434085,1360.6,319.0,49.87,136.3,-4.0
4707,Kab/Kota Dummy 47-07,Papua Tengah,Papua,2021,60.73,18.08,488387,1223.2,399.3,88.31,135.7,-4.3
4707,Kab/Kota Dummy 47-07,Papua Tengah,Papua,2022,61.86,16.52,493271,1223.2,403.3,81.5,135.7,-4.3
4707,Kab/Kota Dummy 47-07,Papua Tengah,Papua,2023,61.84,17.5,498155,1223.2,407.3,87.2,135.7,-4.3
4707,Kab/Kota Dummy 47-07,Papua Tengah,Papua,2024,63.59,17.1,503038,1223.2,411.3,86.02,135.7,-4.3
4707,Kab/Kota Dummy 47-07,Papua Tengah,Papua,2025,64.67,16.94,507922,1223.2,415.2,86.04,135.7,-4.3
4708,Kab/Kota Dummy 47-08,Papua Tengah,Papua,2021,67.7,11.6,402234,3106.9,129.5,46.67,136.0,-4.3
4708,Kab/Kota Dummy 47-08,Papua Tengah,Papua,2022,68.96,13.23,406256,3106.9,130.8,53.76,136.0,-4.3
4708,Kab/Kota Dummy 47-08,Papua Tengah,Papua,2023,69.39,10.71,410279,3106.9,132.1,43.92,136.0,-4.3
4708,Kab/Kota Dummy 47-08,Papua Tengah,Papua,2024,70.48,11.56,414301,3106.9,133.3,47.88,136.0,-4.3
4708,Kab/Kota Dummy 47-08,Papua Tengah,Papua,2025,70.94,11.27,418323,3106.9,134.6,47.16,136.0,-4.3
4801,Kab/Kota Dummy 48-01,Papua Pegunungan,Papua,2021,63.26,16.58,365413,586.5,623.1,60.59,138.2,-4.3
4801,Kab/Kota Dummy 48-01,Papua Pegunungan,Papua,2022,63.85,15.42,369067,586.5,629.3,56.89,138.2,-4.3
4801,Kab/Kota Dummy 48-01,Papua Pegunungan,Papua,2023,64.87,16.69,372721,586.5,635.6,62.21,138.2,-4.3
4801,Kab/Kota Dummy 48-01,Papua Pegunungan,Papua,2024,64.94,15.84,376376,586.5,641.8,59.6,138.2,-4.3
4801,Kab/Kota Dummy 48-01,Papua Pegunungan,Papua,2025,65.79,16.3,380030,586.5,648.0,61.95,138.2,-4.3
4802,Kab/Kota Dummy 48-02,Papua Pegunungan,Papua,2021,62.2,17.92,257036,5214.7,49.3,46.05,138.5,-4.3
4802,Kab/Kota Dummy 48-02,Papua Pegunungan,Papua,2022,63.51,17.57,259607,5214.7,49.8,45.62,138.5,-4.3
4802,Kab/Kota Dummy 48-02,Papua Pegunungan,Papua,2023,62.77,15.09,262177,5214.7,50.3,39.56,138.5,-4.3
4802,Kab/Kota Dummy 48-02,Papua Pegunungan,Papua,2024,63.49,16.42,264747,5214.7,50.8,43.47,138.5,-4.3
4802,Kab/Kota Dummy 48-02,Papua Pegunungan,Papua,2025,64.96,16.78,267318,5214.7,51.3,44.85,138.5,-4.3
4803,Kab/Kota Dummy 48-03,Papua Pegunungan,Papua,2021,63.69,15.02,398578,3021.2,131.9,59.87,138.8,-4.3
4803,Kab/Kota Dummy 48-03,Papua Pegunungan,Papua,2022,64.94,15.29,402564,3021.2,133.2,61.57,138.8,-4.3
4803,Kab/Kota Dummy 48-03,Papua Pegunungan,Papua,2023,65.09,14.71,406550,3021.2,134.6,59.82,138.8,-4.3
4803,Kab/Kota Dummy 48-03,Papua Pegunungan,Papua,2024,66.59,13.68,410536,3021.2,135.9,56.15,138.8,-4.3
4803,Kab/Kota Dummy 48-03,Papua Pegunungan,Papua,2025,67.99,16.2,414521,3021.2,137.2,67.13,138.8,-4.3
4804,Kab/Kota Dummy 48-04,Papua Pegunungan,Papua,2021,72.1,9.38,153802,848.3,181.3,14.43,138.2,-4.6
4804,Kab/Kota Dummy 48-04,Papua Pegunungan,Papua,2022,72.27,10.68,155340,848.3,183.1,16.59,138.2,-4.6
4804,Kab/Kota Dummy 48-04,Papua Pegunungan,Papua,2023,74.6,9.38,156878,848.3,184.9,14.71,138.2,-4.6
4804,Kab/Kota Dummy 48-04,Papua Pegunungan,Papua,2024,74.6,7.43,158416,848.3,186.7,11.77,138.2,-4.6
4804,Kab/Kota Dummy 48-04,Papua Pegunungan,Papua,2025,75.47,8.44,159954,848.3,188.6,13.5,138.2,-4.6
4805,Kab/Kota Dummy 48-05,Papua Pegunungan,Papua,2021,70.71,10.66,326442,158.4,2061.3,34.78,138.5,-4.6
4805,Kab/Kota Dummy 48-05,Papua Pegunungan,Papua,2022,70.98,10.93,329706,158.4,2081.9,36.05,138.5,-4.6
4805,Kab/Kota Dummy 48-05,Papua Pegunungan,Papua,2023,72.19,8.43,332971,158.4,2102.5,28.08,138.5,-4.6
4805,Kab/Kota Dummy 48-05,Papua Pegunungan,Papua,2024,72.95,8.77,336235,158.4,2123.1,29.49,138.5,-4.6
4805,Kab/Kota Dummy 48-05,Papua Pegunungan,Papua,2025,74.05,9.73,339500,158.4,2143.8,33.05,138.5,-4.6
4806,Kab/Kota Dummy 48-06,Papua Pegunungan,Papua,2021,63.65,15.47,508234,2180.2,233.1,78.65,138.8,-4.6
4806,Kab/Kota Dummy 48-06,Papua Pegunungan,Papua,2022,65.04,14.56,513317,2180.2,235.4,74.72,138.8,-4.6
4806,Kab/Kota Dummy 48-06,Papua Pegunungan,Papua,2023,64.97,15.41,518399,2180.2,237.8,79.86,138.8,-4.6
4806,Kab/Kota Dummy 48-06,Papua Pegunungan,Papua,2024,67.01,14.02,523482,2180.2,240.1,73.41,138.8,-4.6
4806,Kab/Kota Dummy 48-06,Papua Pegunungan,Papua,2025,67.4,14.18,528564,2180.2,242.4,74.96,138.8,-4.6
4807,Kab/Kota Dummy 48-07,Papua Pegunungan,Papua,2021,63.22,14.9,102284,6557.4,15.6,15.24,138.2,-4.9
4807,Kab/Kota Dummy 48-07,Papua Pegunungan,Papua,2022,63.49,15.29,103307,6557.4,15.8,15.8,138.2,-4.9
4807,Kab/Kota Dummy 48-07,Papua Pegunungan,Papua,2023,63.69,16.51,104330,6557.4,15.9,17.23,138.2,-4.9
4807,Kab/Kota Dummy 48-07,Papua Pegunungan,Papua,2024,64.76,15.63,105353,6557.4,16.1,16.47,138.2,-4.9
4807,Kab/Kota Dummy 48-07,Papua Pegunungan,Papua,2025,65.63,15.65,106376,6557.4,16.2,16.65,138.2,-4.9
4808,Kab/Kota Dummy 48-08,Papua Pegunungan,Papua,2021,64.88,16.26,704675,7917.0,89.0,114.61,138.5,-4.9
4808,Kab/Kota Dummy 48-08,Papua Pegunungan,Papua,2022,65.48,14.75,711722,7917.0,89.9,105.01,138.5,-4.9
4808,Kab/Kota Dummy 48-08,Papua Pegunungan,Papua,2023,66.08,15.34,718769,7917.0,90.8,110.23,138.5,-4.9
4808,Kab/Kota Dummy 48-08,Papua Pegunungan,Papua,2024,66.72,13.22,725816,7917.0,91.7,95.94,138.5,-4.9
4808,Kab/Kota Dummy 48-08,Papua Pegunungan,Papua,2025,68.17,14.12,732862,7917.0,92.6,103.5,138.5,-4.9
