{"type": "FeatureCollection", "features": [{"type": "Feature", "properties": {"kode": "1101"}, "geometry": {"type": "Polygon", "coordinates": [[[96.05, 4.95], [96.35, 4.95], [96.35, 5.25], [96.05, 5.25], [96.05, 4.95]]]}}, {"type": "Feature", "properties": {"kode": "1102"}, "geometry": {"type": "Polygon", "coordinates": [[[96.35, 4.95], [96.64999999999999, 4.95], [96.64999999999999, 5.25], [96.35, 5.25], [96.35, 4.95]]]}}, {"type": "Feature", "properties": {"kode": "1103"}, "geometry": {"type": "Polygon", "coordinates": [[[96.64999999999999, 4.95], [96.94999999999999, 4.95], [96.94999999999999, 5.25], [96.64999999999999, 5.25], [96.64999999999999, 4.95]]]}}, {"type": "Feature", "properties": {"kode": "1104"}, "geometry": {"type": "Polygon", "coordinates": [[[96.95, 4.95], [97.25, 4.95], [97.25, 5.25], [96.95, 5.25], [96.95, 4.95]]]}}, {"type": "Feature", "properties": {"kode": "1105"}, "geometry": {"type": "Polygon", "coordinates": [[[97.25, 4.95], [97.55, 4.95], [97.55, 5.25], [97.25, 5.25], [97.25, 4.95]]]}}, {"type": "Feature", "properties": {"kode": "1106"}, "geometry": {"type": "Polygon", "coordinates": [[[96.05, 4.65], [96.35, 4.65], [96.35, 4.95], [96.05, 4.95], [96.05, 4.65]]]}}, {"type": "Feature", "properties": {"kode": "1107"}, "geometry": {"type": "Polygon", "coordinates": [[[96.35, 4.65], [96.64999999999999, 4.65], [96.64999999999999, 4.95], [96.35, 4.95], [96.35, 4.65]]]}}, {"type": "Feature", "properties": {"kode": "1108"}, "geometry": {"type": "Polygon", "coordinates": [[[96.64999999999999, 4.65], [96.94999999999999, 4.65], [96.94999999999999, 4.95], [96.64999999999999, 4.95], [96.64999999999999, 4.65]]]}}, {"type": "Feature", "properties": {"kode": "1109"}, "geometry": {"type": "Polygon", "coordinates": [[[96.95, 4.65], [97.25, 4.65], [97.25, 4.95], [96.95, 4.95], [96.95, 4.65]]]}}, {"type": "Feature", "properties": {"kode": "1110"}, "geometry": {"type": "Polygon", "coordinates": [[[97.25, 4.65], [97.55, 4.65], [97.55, 4.95], [97.25, 4.95], [97.25, 4.65]]]}}, {"type": "Feature", "properties": {"kode": "1111"}, "geometry": {"type": "Polygon", "coordinates": [[[96.05, 4.35], [96.35, 4.35], [96.35, 4.6499999999999995], [96.05, 4.6499999999999995], [96.05, 4.35]]]}}, {"type": "Feature", "properties": {"kode": "1112"}, "geometry": {"type": "Polygon", "coordinates": [[[96.35, 4.35], [96.64999999999999, 4.35], [96.64999999999999, 4.6499999999999995], [96.35, 4.6499999999999995], [96.35, 4.35]]]}}, {"type": "Feature", "properties": {"kode": "1113"}, "geometry": {"type": "Polygon", "coordinates": [[[96.64999999999999, 4.35], [96.94999999999999, 4.35], [96.94999999999999, 4.6499999999999995], [96.64999999999999, 4.6499999999999995], [96.64999999999999, 4.35]]]}}, {"type": "Feature", "properties": {"kode": "1114"}, "geometry": {"type": "Polygon", "coordinates": [[[96.95, 4.35], [97.25, 4.35], [97.25, 4.6499999999999995], [96.95, 4.6499999999999995], [96.95, 4.35]]]}}, {"type": "Feature", "properties": {"kode": "1115"}, "geometry": {"type": "Polygon", "coordinates": [[[97.25, 4.35], [97.55, 4.35], [97.55, 4.6499999999999995], [97.25, 4.6499999999999995], [97.25, 4.35]]]}}, {"type": "Feature", "properties": {"kode": "1116"}, "geometry": {"type": "Polygon", "coordinates": [[[96.05, 4.05], [96.35, 4.05], [96.35, 4.35], [96.05, 4.35], [96.05, 4.05]]]}}, {"type": "Feature", "properties": {"kode": "1117"}, "geometry": {"type": "Polygon", "coordinates": [[[96.35, 4.05], [96.64999999999999, 4.05], [96.64999999999999, 4.35], [96.35, 4.35], [96.35, 4.05]]]}}, {"type": "Feature", "properties": {"kode": "1118"}, "geometry": {"type": "Polygon", "coordinates": [[[96.64999999999999, 4.05], [96.94999999999999, 4.05], [96.94999999999999, 4.35], [96.64999999999999, 4.35], [96.64999999999999, 4.05]]]}}, {"type": "Feature", "properties": {"kode": "1119"}, "geometry": {"type": "Polygon", "coordinates": [[[96.95, 4.05], [97.25, 4.05], [97.25, 4.35], [96.95, 4.35], [96.95, 4.05]]]}}, {"type": "Feature", "properties": {"kode": "1120"}, "geometry": {"type": "Polygon", "coordinates": [[[97.25, 4.05], [97.55, 4.05], [97.55, 4.35], [97.25, 4.35], [97.25, 4.05]]]}}, {"type": "Feature", "properties": {"kode": "1121"}, "geometry": {"type": "Polygon", "coordinates": [[[96.05, 3.75], [96.35, 3.75], [96.35, 4.05], [96.05, 4.05], [96.05, 3.75]]]}}, {"type": "Feature", "properties": {"kode": "1122"}, "geometry": {"type": "Polygon", "coordinates": [[[96.35, 3.75], [96.64999999999999, 3.75], [96.64999999999999, 4.05], [96.35, 4.05], [96.35, 3.75]]]}}, {"type": "Feature", "properties": {"kode": "1123"}, "geometry": {"type": "Polygon", "coordinates": [[[96.64999999999999, 3.75], [96.94999999999999, 3.75], [96.94999999999999, 4.05], [96.64999999999999, 4.05], [96.64999999999999, 3.75]]]}}, {"type": "Feature", "properties": {"kode": "1201"}, "geometry": {"type": "Polygon", "coordinates": [[[98.1, 3.1], [98.39999999999999, 3.1], [98.39999999999999, 3.4], [98.1, 3.4], [98.1, 3.1]]]}}, {"type": "Feature", "properties": {"kode": "1202"}, "geometry": {"type": "Polygon", "coordinates": [[[98.39999999999999, 3.1], [98.69999999999999, 3.1], [98.69999999999999, 3.4], [98.39999999999999, 3.4], [98.39999999999999, 3.1]]]}}, {"type": "Feature", "properties": {"kode": "1203"}, "geometry": {"type": "Polygon", "coordinates": [[[98.69999999999999, 3.1], [98.99999999999999, 3.1], [98.99999999999999, 3.4], [98.69999999999999, 3.4], [98.69999999999999, 3.1]]]}}, {"type": "Feature", "properties": {"kode": "1204"}, "geometry": {"type": "Polygon", "coordinates": [[[99.0, 3.1], [99.3, 3.1], [99.3, 3.4], [99.0, 3.4], [99.0, 3.1]]]}}, {"type": "Feature", "properties": {"kode": "1205"}, "geometry": {"type": "Polygon", "coordinates": [[[99.3, 3.1], [99.6, 3.1], [99.6, 3.4], [99.3, 3.4], [99.3, 3.1]]]}}, {"type": "Feature", "properties": {"kode": "1206"}, "geometry": {"type": "Polygon", "coordinates": [[[99.6, 3.1], [99.89999999999999, 3.1], [99.89999999999999, 3.4], [99.6, 3.4], [99.6, 3.1]]]}}, {"type": "Feature", "properties": {"kode": "1207"}, "geometry": {"type": "Polygon", "coordinates": [[[98.1, 2.8], [98.39999999999999, 2.8], [98.39999999999999, 3.0999999999999996], [98.1, 3.0999999999999996], [98.1, 2.8]]]}}, {"type": "Feature", "properties": {"kode": "1208"}, "geometry": {"type": "Polygon", "coordinates": [[[98.39999999999999, 2.8], [98.69999999999999, 2.8], [98.69999999999999, 3.0999999999999996], [98.39999999999999, 3.0999999999999996], [98.39999999999999, 2.8]]]}}, {"type": "Feature", "properties": {"kode": "1209"}, "geometry": {"type": "Polygon", "coordinates": [[[98.69999999999999, 2.8], [98.99999999999999, 2.8], [98.99999999999999, 3.0999999999999996], [98.69999999999999, 3.0999999999999996], [98.69999999999999, 2.8]]]}}, {"type": "Feature", "properties": {"kode": "1210"}, "geometry": {"type": "Polygon", "coordinates": [[[99.0, 2.8], [99.3, 2.8], [99.3, 3.0999999999999996], [99.0, 3.0999999999999996], [99.0, 2.8]]]}}, {"type": "Feature", "properties": {"kode": "1211"}, "geometry": {"type": "Polygon", "coordinates": [[[99.3, 2.8], [99.6, 2.8], [99.6, 3.0999999999999996], [99.3, 3.0999999999999996], [99.3, 2.8]]]}}, {"type": "Feature", "properties": {"kode": "1212"}, "geometry": {"type": "Polygon", "coordinates": [[[99.6, 2.8], [99.89999999999999, 2.8], [99.89999999999999, 3.0999999999999996], [99.6, 3.0999999999999996], [99.6, 2.8]]]}}, {"type": "Feature", "properties": {"kode": "1213"}, "geometry": {"type": "Polygon", "coordinates": [[[98.1, 2.5], [98.39999999999999, 2.5], [98.39999999999999, 2.8], [98.1, 2.8], [98.1, 2.5]]]}}, {"type": "Feature", "properties": {"kode": "1214"}, "geometry": {"type": "Polygon", "coordinates": [[[98.39999999999999, 2.5], [98.69999999999999, 2.5], [98.69999999999999, 2.8], [98.39999999999999, 2.8], [98.39999999999999, 2.5]]]}}, {"type": "Feature", "properties": {"kode": "1215"}, "geometry": {"type": "Polygon", "coordinates": [[[98.69999999999999, 2.5], [98.99999999999999, 2.5], [98.99999999999999, 2.8], [98.69999999999999, 2.8], [98.69999999999999, 2.5]]]}}, {"type": "Feature", "properties": {"kode": "1216"}, "geometry": {"type": "Polygon", "coordinates": [[[99.0, 2.5], [99.3, 2.5], [99.3, 2.8], [99.0, 2.8], [99.0, 2.5]]]}}, {"type": "Feature", "properties": {"kode": "1217"}, "geometry": {"type": "Polygon", "coordinates": [[[99.3, 2.5], [99.6, 2.5], [99.6, 2.8], [99.3, 2.8], [99.3, 2.5]]]}}, {"type": "Feature", "properties": {"kode": "1218"}, "geometry": {"type": "Polygon", "coordinates": [[[99.6, 2.5], [99.89999999999999, 2.5], [99.89999999999999, 2.8], [99.6, 2.8], [99.6, 2.5]]]}}, {"type": "Feature", "properties": {"kode": "1219"}, "geometry": {"type": "Polygon", "coordinates": [[[98.1, 2.2], [98.39999999999999, 2.2], [98.39999999999999, 2.5], [98.1, 2.5], [98.1, 2.2]]]}}, {"type": "Feature", "properties": {"kode": "1220"}, "geometry": {"type": "Polygon", "coordinates": [[[98.39999999999999, 2.2], [98.69999999999999, 2.2], [98.69999999999999, 2.5], [98.39999999999999, 2.5], [98.39999999999999, 2.2]]]}}, {"type": "Feature", "properties": {"kode": "1221"}, "geometry": {"type": "Polygon", "coordinates": [[[98.69999999999999, 2.2], [98.99999999999999, 2.2], [98.99999999999999, 2.5], [98.69999999999999, 2.5], [98.69999999999999, 2.2]]]}}, {"type": "Feature", "properties": {"kode": "1222"}, "geometry": {"type": "Polygon", "coordinates": [[[99.0, 2.2], [99.3, 2.2], [99.3, 2.5], [99.0, 2.5], [99.0, 2.2]]]}}, {"type": "Feature", "properties": {"kode": "1223"}, "geometry": {"type": "Polygon", "coordinates": [[[99.3, 2.2], [99.6, 2.2], [99.6, 2.5], [99.3, 2.5], [99.3, 2.2]]]}}, {"type": "Feature", "properties": {"kode": "1224"}, "geometry": {"type": "Polygon", "coordinates": [[[99.6, 2.2], [99.89999999999999, 2.2], [99.89999999999999, 2.5], [99.6, 2.5], [99.6, 2.2]]]}}, {"type": "Feature", "properties": {"kode": "1225"}, "geometry": {"type": "Polygon", "coordinates": [[[98.1, 1.9], [98.39999999999999, 1.9], [98.39999999999999, 2.1999999999999997], [98.1, 2.1999999999999997], [98.1, 1.9]]]}}, {"type": "Feature", "properties": {"kode": "1226"}, "geometry": {"type": "Polygon", "coordinates": [[[98.39999999999999, 1.9], [98.69999999999999, 1.9], [98.69999999999999, 2.1999999999999997], [98.39999999999999, 2.1999999999999997], [98.39999999999999, 1.9]]]}}, {"type": "Feature", "properties": {"kode": "1227"}, "geometry": {"type": "Polygon", "coordinates": [[[98.69999999999999, 1.9], [98.99999999999999, 1.9], [98.99999999999999, 2.1999999999999997], [98.69999999999999, 2.1999999999999997], [98.69999999999999, 1.9]]]}}, {"type": "Feature", "properties": {"kode": "1228"}, "geometry": {"type": "Polygon", "coordinates": [[[99.0, 1.9], [99.3, 1.9], [99.3, 2.1999999999999997], [99.0, 2.1999999999999997], [99.0, 1.9]]]}}, {"type": "Feature", "properties": {"kode": "1229"}, "geometry": {"type": "Polygon", "coordinates": [[[99.3, 1.9], [99.6, 1.9], [99.6, 2.1999999999999997], [99.3, 2.1999999999999997], [99.3, 1.9]]]}}, {"type": "Feature", "properties": {"kode": "1230"}, "geometry": {"type": "Polygon", "coordinates": [[[99.6, 1.9], [99.89999999999999, 1.9], [99.89999999999999, 2.1999999999999997], [99.6, 2.1999999999999997], [99.6, 1.9]]]}}, {"type": "Feature", "properties": {"kode": "1231"}, "geometry": {"type": "Polygon", "coordinates": [[[98.1, 1.6], [98.39999999999999, 1.6], [98.39999999999999, 1.9000000000000001], [98.1, 1.9000000000000001], [98.1, 1.6]]]}}, {"type": "Feature", "properties": {"kode": "1232"}, "geometry": {"type": "Polygon", "coordinates": [[[98.39999999999999, 1.6], [98.69999999999999, 1.6], [98.69999999999999, 1.9000000000000001], [98.39999999999999, 1.9000000000000001], [98.39999999999999, 1.6]]]}}, {"type": "Feature", "properties": {"kode": "1233"}, "geometry": {"type": "Polygon", "coordinates": [[[98.69999999999999, 1.6], [98.99999999999999, 1.6], [98.99999999999999, 1.9000000000000001], [98.69999999999999, 1.9000000000000001], [98.69999999999999, 1.6]]]}}, {"type": "Feature", "properties": {"kode": "1301"}, "geometry": {"type": "Polygon", "coordinates": [[[99.75, -0.6000000000000001], [100.05, -0.6000000000000001], [100.05, -0.3000000000000001], [99.75, -0.3000000000000001], [99.75, -0.6000000000000001]]]}}, {"type": "Feature", "properties": {"kode": "1302"}, "geometry": {"type": "Polygon", "coordinates": [[[100.05, -0.6000000000000001], [100.35, -0.6000000000000001], [100.35, -0.3000000000000001], [100.05, -0.3000000000000001], [100.05, -0.6000000000000001]]]}}, {"type": "Feature", "properties": {"kode": "1303"}, "geometry": {"type": "Polygon", "coordinates": [[[100.35, -0.6000000000000001], [100.64999999999999, -0.6000000000000001], [100.64999999999999, -0.3000000000000001], [100.35, -0.3000000000000001], [100.35, -0.6000000000000001]]]}}, {"type": "Feature", "properties": {"kode": "1304"}, "geometry": {"type": "Polygon", "coordinates": [[[100.65, -0.6000000000000001], [100.95, -0.6000000000000001], [100.95, -0.3000000000000001], [100.65, -0.3000000000000001], [100.65, -0.6000000000000001]]]}}, {"type": "Feature", "properties": {"kode": "1305"}, "geometry": {"type": "Polygon", "coordinates": [[[100.95, -0.6000000000000001], [101.25, -0.6000000000000001], [101.25, -0.3000000000000001], [100.95, -0.3000000000000001], [100.95, -0.6000000000000001]]]}}, {"type": "Feature", "properties": {"kode": "1306"}, "geometry": {"type": "Polygon", "coordinates": [[[99.75, -0.9], [100.05, -0.9], [100.05, -0.6000000000000001], [99.75, -0.6000000000000001], [99.75, -0.9]]]}}, {"type": "Feature", "properties": {"kode": "1307"}, "geometry": {"type": "Polygon", "coordinates": [[[100.05, -0.9], [100.35, -0.9], [100.35, -0.6000000000000001], [100.05, -0.6000000000000001], [100.05, -0.9]]]}}, {"type": "Feature", "properties": {"kode": "1308"}, "geometry": {"type": "Polygon", "coordinates": [[[100.35, -0.9], [100.64999999999999, -0.9], [100.64999999999999, -0.6000000000000001], [100.35, -0.6000000000000001], [100.35, -0.9]]]}}, {"type": "Feature", "properties": {"kode": "1309"}, "geometry": {"type": "Polygon", "coordinates": [[[100.65, -0.9], [100.95, -0.9], [100.95, -0.6000000000000001], [100.65, -0.6000000000000001], [100.65, -0.9]]]}}, {"type": "Feature", "properties": {"kode": "1310"}, "geometry": {"type": "Polygon", "coordinates": [[[100.95, -0.9], [101.25, -0.9], [101.25, -0.6000000000000001], [100.95, -0.6000000000000001], [100.95, -0.9]]]}}, {"type": "Feature", "properties": {"kode": "1311"}, "geometry": {"type": "Polygon", "coordinates": [[[99.75, -1.2], [100.05, -1.2], [100.05, -0.8999999999999999], [99.75, -0.8999999999999999], [99.75, -1.2]]]}}, {"type": "Feature", "properties": {"kode": "1312"}, "geometry": {"type": "Polygon", "coordinates": [[[100.05, -1.2], [100.35, -1.2], [100.35, -0.8999999999999999], [100.05, -0.8999999999999999], [100.05, -1.2]]]}}, {"type": "Feature", "properties": {"kode": "1313"}, "geometry": {"type": "Polygon", "coordinates": [[[100.35, -1.2], [100.64999999999999, -1.2], [100.64999999999999, -0.8999999999999999], [100.35, -0.8999999999999999], [100.35, -1.2]]]}}, {"type": "Feature", "properties": {"kode": "1314"}, "geometry": {"type": "Polygon", "coordinates": [[[100.65, -1.2], [100.95, -1.2], [100.95, -0.8999999999999999], [100.65, -0.8999999999999999], [100.65, -1.2]]]}}, {"type": "Feature", "properties": {"kode": "1315"}, "geometry": {"type": "Polygon", "coordinates": [[[100.95, -1.2], [101.25, -1.2], [101.25, -0.8999999999999999], [100.95, -0.8999999999999999], [100.95, -1.2]]]}}, {"type": "Feature", "properties": {"kode": "1316"}, "geometry": {"type": "Polygon", "coordinates": [[[99.75, -1.5], [100.05, -1.5], [100.05, -1.2], [99.75, -1.2], [99.75, -1.5]]]}}, {"type": "Feature", "properties": {"kode": "1317"}, "geometry": {"type": "Polygon", "coordinates": [[[100.05, -1.5], [100.35, -1.5], [100.35, -1.2], [100.05, -1.2], [100.05, -1.5]]]}}, {"type": "Feature", "properties": {"kode": "1318"}, "geometry": {"type": "Polygon", "coordinates": [[[100.35, -1.5], [100.64999999999999, -1.5], [100.64999999999999, -1.2], [100.35, -1.2], [100.35, -1.5]]]}}, {"type": "Feature", "properties": {"kode": "1319"}, "geometry": {"type": "Polygon", "coordinates": [[[100.65, -1.5], [100.95, -1.5], [100.95, -1.2], [100.65, -1.2], [100.65, -1.5]]]}}, {"type": "Feature", "properties": {"kode": "1401"}, "geometry": {"type": "Polygon", "coordinates": [[[101.2, 0.6499999999999999], [101.5, 0.6499999999999999], [101.5, 0.95], [101.2, 0.95], [101.2, 0.6499999999999999]]]}}, {"type": "Feature", "properties": {"kode": "1402"}, "geometry": {"type": "Polygon", "coordinates": [[[101.5, 0.6499999999999999], [101.8, 0.6499999999999999], [101.8, 0.95], [101.5, 0.95], [101.5, 0.6499999999999999]]]}}, {"type": "Feature", "properties": {"kode": "1403"}, "geometry": {"type": "Polygon", "coordinates": [[[101.8, 0.6499999999999999], [102.1, 0.6499999999999999], [102.1, 0.95], [101.8, 0.95], [101.8, 0.6499999999999999]]]}}, {"type": "Feature", "properties": {"kode": "1404"}, "geometry": {"type": "Polygon", "coordinates": [[[102.10000000000001, 0.6499999999999999], [102.4, 0.6499999999999999], [102.4, 0.95], [102.10000000000001, 0.95], [102.10000000000001, 0.6499999999999999]]]}}, {"type": "Feature", "properties": {"kode": "1405"}, "geometry": {"type": "Polygon", "coordinates": [[[101.2, 0.35], [101.5, 0.35], [101.5, 0.6499999999999999], [101.2, 0.6499999999999999], [101.2, 0.35]]]}}, {"type": "Feature", "properties": {"kode": "1406"}, "geometry": {"type": "Polygon", "coordinates": [[[101.5, 0.35], [101.8, 0.35], [101.8, 0.6499999999999999], [101.5, 0.6499999999999999], [101.5, 0.35]]]}}, {"type": "Feature", "properties": {"kode": "1407"}, "geometry": {"type": "Polygon", "coordinates": [[[101.8, 0.35], [102.1, 0.35], [102.1, 0.6499999999999999], [101.8, 0.6499999999999999], [101.8, 0.35]]]}}, {"type": "Feature", "properties": {"kode": "1408"}, "geometry": {"type": "Polygon", "coordinates": [[[102.10000000000001, 0.35], [102.4, 0.35], [102.4, 0.6499999999999999], [102.10000000000001, 0.6499999999999999], [102.10000000000001, 0.35]]]}}, {"type": "Feature", "properties": {"kode": "1409"}, "geometry": {"type": "Polygon", "coordinates": [[[101.2, 0.050000000000000044], [101.5, 0.050000000000000044], [101.5, 0.35000000000000003], [101.2, 0.35000000000000003], [101.2, 0.050000000000000044]]]}}, {"type": "Feature", "properties": {"kode": "1410"}, "geometry": {"type": "Polygon", "coordinates": [[[101.5, 0.050000000000000044], [101.8, 0.050000000000000044], [101.8, 0.35000000000000003], [101.5, 0.35000000000000003], [101.5, 0.050000000000000044]]]}}, {"type": "Feature", "properties": {"kode": "1411"}, "geometry": {"type": "Polygon", "coordinates": [[[101.8, 0.050000000000000044], [102.1, 0.050000000000000044], [102.1, 0.35000000000000003], [101.8, 0.35000000000000003], [101.8, 0.050000000000000044]]]}}, {"type": "Feature", "properties": {"kode": "1412"}, "geometry": {"type": "Polygon", "coordinates": [[[102.10000000000001, 0.050000000000000044], [102.4, 0.050000000000000044], [102.4, 0.35000000000000003], [102.10000000000001, 0.35000000000000003], [102.10000000000001, 0.050000000000000044]]]}}, {"type": "Feature", "properties": {"kode": "1501"}, "geometry": {"type": "Polygon", "coordinates": [[[101.9, -1.4500000000000002], [102.2, -1.4500000000000002], [102.2, -1.1500000000000001], [101.9, -1.1500000000000001], [101.9, -1.4500000000000002]]]}}, {"type": "Feature", "properties": {"kode": "1502"}, "geometry": {"type": "Polygon", "coordinates": [[[102.2, -1.4500000000000002], [102.5, -1.4500000000000002], [102.5, -1.1500000000000001], [102.2, -1.1500000000000001], [102.2, -1.4500000000000002]]]}}, {"type": "Feature", "properties": {"kode": "1503"}, "geometry": {"type": "Polygon", "coordinates": [[[102.5, -1.4500000000000002], [102.8, -1.4500000000000002], [102.8, -1.1500000000000001], [102.5, -1.1500000000000001], [102.5, -1.4500000000000002]]]}}, {"type": "Feature", "properties": {"kode": "1504"}, "geometry": {"type": "Polygon", "coordinates": [[[102.80000000000001, -1.4500000000000002], [103.10000000000001, -1.4500000000000002], [103.10000000000001, -1.1500000000000001], [102.80000000000001, -1.1500000000000001], [102.80000000000001, -1.4500000000000002]]]}}, {"type": "Feature", "properties": {"kode": "1505"}, "geometry": {"type": "Polygon", "coordinates": [[[101.9, -1.75], [102.2, -1.75], [102.2, -1.45], [101.9, -1.45], [101.9, -1.75]]]}}, {"type": "Feature", "properties": {"kode": "1506"}, "geometry": {"type": "Polygon", "coordinates": [[[102.2, -1.75], [102.5, -1.75], [102.5, -1.45], [102.2, -1.45], [102.2, -1.75]]]}}, {"type": "Feature", "properties": {"kode": "1507"}, "geometry": {"type": "Polygon", "coordinates": [[[102.5, -1.75], [102.8, -1.75], [102.8, -1.45], [102.5, -1.45], [102.5, -1.75]]]}}, {"type": "Feature", "properties": {"kode": "1508"}, "geometry": {"type": "Polygon", "coordinates": [[[102.80000000000001, -1.75], [103.10000000000001, -1.75], [103.10000000000001, -1.45], [102.80000000000001, -1.45], [102.80000000000001, -1.75]]]}}, {"type": "Feature", "properties": {"kode": "1509"}, "geometry": {"type": "Polygon", "coordinates": [[[101.9, -2.05], [102.2, -2.05], [102.2, -1.7499999999999998], [101.9, -1.7499999999999998], [101.9, -2.05]]]}}, {"type": "Feature", "properties": {"kode": "1510"}, "geometry": {"type": "Polygon", "coordinates": [[[102.2, -2.05], [102.5, -2.05], [102.5, -1.7499999999999998], [102.2, -1.7499999999999998], [102.2, -2.05]]]}}, {"type": "Feature", "properties": {"kode": "1511"}, "geometry": {"type": "Polygon", "coordinates": [[[102.5, -2.05], [102.8, -2.05], [102.8, -1.7499999999999998], [102.5, -1.7499999999999998], [102.5, -2.05]]]}}, {"type": "Feature", "properties": {"kode": "1601"}, "geometry": {"type": "Polygon", "coordinates": [[[103.25, -2.9], [103.55, -2.9], [103.55, -2.6], [103.25, -2.6], [103.25, -2.9]]]}}, {"type": "Feature", "properties": {"kode": "1602"}, "geometry": {"type": "Polygon", "coordinates": [[[103.55, -2.9], [103.85, -2.9], [103.85, -2.6], [103.55, -2.6], [103.55, -2.9]]]}}, {"type": "Feature", "properties": {"kode": "1603"}, "geometry": {"type": "Polygon", "coordinates": [[[103.85, -2.9], [104.14999999999999, -2.9], [104.14999999999999, -2.6], [103.85, -2.6], [103.85, -2.9]]]}}, {"type": "Feature", "properties": {"kode": "1604"}, "geometry": {"type": "Polygon", "coordinates": [[[104.15, -2.9], [104.45, -2.9], [104.45, -2.6], [104.15, -2.6], [104.15, -2.9]]]}}, {"type": "Feature", "properties": {"kode": "1605"}, "geometry": {"type": "Polygon", "coordinates": [[[104.45, -2.9], [104.75, -2.9], [104.75, -2.6], [104.45, -2.6], [104.45, -2.9]]]}}, {"type": "Feature", "properties": {"kode": "1606"}, "geometry": {"type": "Polygon", "coordinates": [[[103.25, -3.2], [103.55, -3.2], [103.55, -2.9000000000000004], [103.25, -2.9000000000000004], [103.25, -3.2]]]}}, {"type": "Feature", "properties": {"kode": "1607"}, "geometry": {"type": "Polygon", "coordinates": [[[103.55, -3.2], [103.85, -3.2], [103.85, -2.9000000000000004], [103.55, -2.9000000000000004], [103.55, -3.2]]]}}, {"type": "Feature", "properties": {"kode": "1608"}, "geometry": {"type": "Polygon", "coordinates": [[[103.85, -3.2], [104.14999999999999, -3.2], [104.14999999999999, -2.9000000000000004], [103.85, -2.9000000000000004], [103.85, -3.2]]]}}, {"type": "Feature", "properties": {"kode": "1609"}, "geometry": {"type": "Polygon", "coordinates": [[[104.15, -3.2], [104.45, -3.2], [104.45, -2.9000000000000004], [104.15, -2.9000000000000004], [104.15, -3.2]]]}}, {"type": "Feature", "properties": {"kode": "1610"}, "geometry": {"type": "Polygon", "coordinates": [[[104.45, -3.2], [104.75, -3.2], [104.75, -2.9000000000000004], [104.45, -2.9000000000000004], [104.45, -3.2]]]}}, {"type": "Feature", "properties": {"kode": "1611"}, "geometry": {"type": "Polygon", "coordinates": [[[103.25, -3.5], [103.55, -3.5], [103.55, -3.2], [103.25, -3.2], [103.25, -3.5]]]}}, {"type": "Feature", "properties": {"kode": "1612"}, "geometry": {"type": "Polygon", "coordinates": [[[103.55, -3.5], [103.85, -3.5], [103.85, -3.2], [103.55, -3.2], [103.55, -3.5]]]}}, {"type": "Feature", "properties": {"kode": "1613"}, "geometry": {"type": "Polygon", "coordinates": [[[103.85, -3.5], [104.14999999999999, -3.5], [104.14999999999999, -3.2], [103.85, -3.2], [103.85, -3.5]]]}}, {"type": "Feature", "properties": {"kode": "1614"}, "geometry": {"type": "Polygon", "coordinates": [[[104.15, -3.5], [104.45, -3.5], [104.45, -3.2], [104.15, -3.2], [104.15, -3.5]]]}}, {"type": "Feature", "properties": {"kode": "1615"}, "geometry": {"type": "Polygon", "coordinates": [[[104.45, -3.5], [104.75, -3.5], [104.75, -3.2], [104.45, -3.2], [104.45, -3.5]]]}}, {"type": "Feature", "properties": {"kode": "1616"}, "geometry": {"type": "Polygon", "coordinates": [[[103.25, -3.8], [103.55, -3.8], [103.55, -3.5], [103.25, -3.5], [103.25, -3.8]]]}}, {"type": "Feature", "properties": {"kode": "1617"}, "geometry": {"type": "Polygon", "coordinates": [[[103.55, -3.8], [103.85, -3.8], [103.85, -3.5], [103.55, -3.5], [103.55, -3.8]]]}}, {"type": "Feature", "properties": {"kode": "1701"}, "geometry": {"type": "Polygon", "coordinates": [[[101.7, -3.6499999999999995], [102.0, -3.6499999999999995], [102.0, -3.3499999999999996], [101.7, -3.3499999999999996], [101.7, -3.6499999999999995]]]}}, {"type": "Feature", "properties": {"kode": "1702"}, "geometry": {"type": "Polygon", "coordinates": [[[102.0, -3.6499999999999995], [102.3, -3.6499999999999995], [102.3, -3.3499999999999996], [102.0, -3.3499999999999996], [102.0, -3.6499999999999995]]]}}, {"type": "Feature", "properties": {"kode": "1703"}, "geometry": {"type": "Polygon", "coordinates": [[[102.3, -3.6499999999999995], [102.6, -3.6499999999999995], [102.6, -3.3499999999999996], [102.3, -3.3499999999999996], [102.3, -3.6499999999999995]]]}}, {"type": "Feature", "properties": {"kode": "1704"}, "geometry": {"type": "Polygon", "coordinates": [[[102.60000000000001, -3.6499999999999995], [102.9, -3.6499999999999995], [102.9, -3.3499999999999996], [102.60000000000001, -3.3499999999999996], [102.60000000000001, -3.6499999999999995]]]}}, {"type": "Feature", "properties": {"kode": "1705"}, "geometry": {"type": "Polygon", "coordinates": [[[101.7, -3.9499999999999997], [102.0, -3.9499999999999997], [102.0, -3.65], [101.7, -3.65], [101.7, -3.9499999999999997]]]}}, {"type": "Feature", "properties": {"kode": "1706"}, "geometry": {"type": "Polygon", "coordinates": [[[102.0, -3.9499999999999997], [102.3, -3.9499999999999997], [102.3, -3.65], [102.0, -3.65], [102.0, -3.9499999999999997]]]}}, {"type": "Feature", "properties": {"kode": "1707"}, "geometry": {"type": "Polygon", "coordinates": [[[102.3, -3.9499999999999997], [102.6, -3.9499999999999997], [102.6, -3.65], [102.3, -3.65], [102.3, -3.9499999999999997]]]}}, {"type": "Feature", "properties": {"kode": "1708"}, "geometry": {"type": "Polygon", "coordinates": [[[102.60000000000001, -3.9499999999999997], [102.9, -3.9499999999999997], [102.9, -3.65], [102.60000000000001, -3.65], [102.60000000000001, -3.9499999999999997]]]}}, {"type": "Feature", "properties": {"kode": "1709"}, "geometry": {"type": "Polygon", "coordinates": [[[101.7, -4.25], [102.0, -4.25], [102.0, -3.95], [101.7, -3.95], [101.7, -4.25]]]}}, {"type": "Feature", "properties": {"kode": "1710"}, "geometry": {"type": "Polygon", "coordinates": [[[102.0, -4.25], [102.3, -4.25], [102.3, -3.95], [102.0, -3.95], [102.0, -4.25]]]}}, {"type": "Feature", "properties": {"kode": "1801"}, "geometry": {"type": "Polygon", "coordinates": [[[104.60000000000001, -4.6000000000000005], [104.9, -4.6000000000000005], [104.9, -4.300000000000001], [104.60000000000001, -4.300000000000001], [104.60000000000001, -4.6000000000000005]]]}}, {"type": "Feature", "properties": {"kode": "1802"}, "geometry": {"type": "Polygon", "coordinates": [[[104.9, -4.6000000000000005], [105.2, -4.6000000000000005], [105.2, -4.300000000000001], [104.9, -4.300000000000001], [104.9, -4.6000000000000005]]]}}, {"type": "Feature", "properties": {"kode": "1803"}, "geometry": {"type": "Polygon", "coordinates": [[[105.2, -4.6000000000000005], [105.5, -4.6000000000000005], [105.5, -4.300000000000001], [105.2, -4.300000000000001], [105.2, -4.6000000000000005]]]}}, {"type": "Feature", "properties": {"kode": "1804"}, "geometry": {"type": "Polygon", "coordinates": [[[105.50000000000001, -4.6000000000000005], [105.80000000000001, -4.6000000000000005], [105.80000000000001, -4.300000000000001], [105.50000000000001, -4.300000000000001], [105.50000000000001, -4.6000000000000005]]]}}, {"type": "Feature", "properties": {"kode": "1805"}, "geometry": {"type": "Polygon", "coordinates": [[[104.60000000000001, -4.9], [104.9, -4.9], [104.9, -4.6000000000000005], [104.60000000000001, -4.6000000000000005], [104.60000000000001, -4.9]]]}}, {"type": "Feature", "properties": {"kode": "1806"}, "geometry": {"type": "Polygon", "coordinates": [[[104.9, -4.9], [105.2, -4.9], [105.2, -4.6000000000000005], [104.9, -4.6000000000000005], [104.9, -4.9]]]}}, {"type": "Feature", "properties": {"kode": "1807"}, "geometry": {"type": "Polygon", "coordinates": [[[105.2, -4.9], [105.5, -4.9], [105.5, -4.6000000000000005], [105.2, -4.6000000000000005], [105.2, -4.9]]]}}, {"type": "Feature", "properties": {"kode": "1808"}, "geometry": {"type": "Polygon", "coordinates": [[[105.50000000000001, -4.9], [105.80000000000001, -4.9], [105.80000000000001, -4.6000000000000005], [105.50000000000001, -4.6000000000000005], [105.50000000000001, -4.9]]]}}, {"type": "Feature", "properties": {"kode": "1809"}, "geometry": {"type": "Polygon", "coordinates": [[[104.60000000000001, -5.200000000000001], [104.9, -5.200000000000001], [104.9, -4.900000000000001], [104.60000000000001, -4.900000000000001], [104.60000000000001, -5.200000000000001]]]}}, {"type": "Feature", "properties": {"kode": "1810"}, "geometry": {"type": "Polygon", "coordinates": [[[104.9, -5.200000000000001], [105.2, -5.200000000000001], [105.2, -4.900000000000001], [104.9, -4.900000000000001], [104.9, -5.200000000000001]]]}}, {"type": "Feature", "properties": {"kode": "1811"}, "geometry": {"type": "Polygon", "coordinates": [[[105.2, -5.200000000000001], [105.5, -5.200000000000001], [105.5, -4.900000000000001], [105.2, -4.900000000000001], [105.2, -5.200000000000001]]]}}, {"type": "Feature", "properties": {"kode": "1812"}, "geometry": {"type": "Polygon", "coordinates": [[[105.50000000000001, -5.200000000000001], [105.80000000000001, -5.200000000000001], [105.80000000000001, -4.900000000000001], [105.50000000000001, -4.900000000000001], [105.50000000000001, -5.200000000000001]]]}}, {"type": "Feature", "properties": {"kode": "1813"}, "geometry": {"type": "Polygon", "coordinates": [[[104.60000000000001, -5.500000000000001], [104.9, -5.500000000000001], [104.9, -5.200000000000001], [104.60000000000001, -5.200000000000001], [104.60000000000001, -5.500000000000001]]]}}, {"type": "Feature", "properties": {"kode": "1814"}, "geometry": {"type": "Polygon", "coordinates": [[[104.9, -5.500000000000001], [105.2, -5.500000000000001], [105.2, -5.200000000000001], [104.9, -5.200000000000001], [104.9, -5.500000000000001]]]}}, {"type": "Feature", "properties": {"kode": "1815"}, "geometry": {"type": "Polygon", "coordinates": [[[105.2, -5.500000000000001], [105.5, -5.500000000000001], [105.5, -5.200000000000001], [105.2, -5.200000000000001], [105.2, -5.500000000000001]]]}}, {"type": "Feature", "properties": {"kode": "1901"}, "geometry": {"type": "Polygon", "coordinates": [[[105.85, -2.0500000000000003], [106.14999999999999, -2.0500000000000003], [106.14999999999999, -1.7500000000000002], [105.85, -1.7500000000000002], [105.85, -2.0500000000000003]]]}}, {"type": "Feature", "properties": {"kode": "1902"}, "geometry": {"type": "Polygon", "coordinates": [[[106.14999999999999, -2.0500000000000003], [106.44999999999999, -2.0500000000000003], [106.44999999999999, -1.7500000000000002], [106.14999999999999, -1.7500000000000002], [106.14999999999999, -2.0500000000000003]]]}}, {"type": "Feature", "properties": {"kode": "1903"}, "geometry": {"type": "Polygon", "coordinates": [[[106.44999999999999, -2.0500000000000003], [106.74999999999999, -2.0500000000000003], [106.74999999999999, -1.7500000000000002], [106.44999999999999, -1.7500000000000002], [106.44999999999999, -2.0500000000000003]]]}}, {"type": "Feature", "properties": {"kode": "1904"}, "geometry": {"type": "Polygon", "coordinates": [[[105.85, -2.35], [106.14999999999999, -2.35], [106.14999999999999, -2.0500000000000003], [105.85, -2.0500000000000003], [105.85, -2.35]]]}}, {"type": "Feature", "properties": {"kode": "1905"}, "geometry": {"type": "Polygon", "coordinates": [[[106.14999999999999, -2.35], [106.44999999999999, -2.35], [106.44999999999999, -2.0500000000000003], [106.14999999999999, -2.0500000000000003], [106.14999999999999, -2.35]]]}}, {"type": "Feature", "properties": {"kode": "1906"}, "geometry": {"type": "Polygon", "coordinates": [[[106.44999999999999, -2.35], [106.74999999999999, -2.35], [106.74999999999999, -2.0500000000000003], [106.44999999999999, -2.0500000000000003], [106.44999999999999, -2.35]]]}}, {"type": "Feature", "properties": {"kode": "1907"}, "geometry": {"type": "Polygon", "coordinates": [[[105.85, -2.6500000000000004], [106.14999999999999, -2.6500000000000004], [106.14999999999999, -2.3500000000000005], [105.85, -2.3500000000000005], [105.85, -2.6500000000000004]]]}}, {"type": "Feature", "properties": {"kode": "2001"}, "geometry": {"type": "Polygon", "coordinates": [[[104.45, 1.05], [104.75, 1.05], [104.75, 1.35], [104.45, 1.35], [104.45, 1.05]]]}}, {"type": "Feature", "properties": {"kode": "2002"}, "geometry": {"type": "Polygon", "coordinates": [[[104.75, 1.05], [105.05, 1.05], [105.05, 1.35], [104.75, 1.35], [104.75, 1.05]]]}}, {"type": "Feature", "properties": {"kode": "2003"}, "geometry": {"type": "Polygon", "coordinates": [[[105.05, 1.05], [105.35, 1.05], [105.35, 1.35], [105.05, 1.35], [105.05, 1.05]]]}}, {"type": "Feature", "properties": {"kode": "2004"}, "geometry": {"type": "Polygon", "coordinates": [[[104.45, 0.7500000000000001], [104.75, 0.7500000000000001], [104.75, 1.05], [104.45, 1.05], [104.45, 0.7500000000000001]]]}}, {"type": "Feature", "properties": {"kode": "2005"}, "geometry": {"type": "Polygon", "coordinates": [[[104.75, 0.7500000000000001], [105.05, 0.7500000000000001], [105.05, 1.05], [104.75, 1.05], [104.75, 0.7500000000000001]]]}}, {"type": "Feature", "properties": {"kode": "2006"}, "geometry": {"type": "Polygon", "coordinates": [[[105.05, 0.7500000000000001], [105.35, 0.7500000000000001], [105.35, 1.05], [105.05, 1.05], [105.05, 0.7500000000000001]]]}}, {"type": "Feature", "properties": {"kode": "2007"}, "geometry": {"type": "Polygon", "coordinates": [[[104.45, 0.4500000000000002], [104.75, 0.4500000000000002], [104.75, 0.7500000000000002], [104.45, 0.7500000000000002], [104.45, 0.4500000000000002]]]}}, {"type": "Feature", "properties": {"kode": "2101"}, "geometry": {"type": "Polygon", "coordinates": [[[106.35, -6.2], [106.64999999999999, -6.2], [106.64999999999999, -5.9], [106.35, -5.9], [106.35, -6.2]]]}}, {"type": "Feature", "properties": {"kode": "2102"}, "geometry": {"type": "Polygon", "coordinates": [[[106.64999999999999, -6.2], [106.94999999999999, -6.2], [106.94999999999999, -5.9], [106.64999999999999, -5.9], [106.64999999999999, -6.2]]]}}, {"type": "Feature", "properties": {"kode": "2103"}, "geometry": {"type": "Polygon", "coordinates": [[[106.94999999999999, -6.2], [107.24999999999999, -6.2], [107.24999999999999, -5.9], [106.94999999999999, -5.9], [106.94999999999999, -6.2]]]}}, {"type": "Feature", "properties": {"kode": "2104"}, "geometry": {"type": "Polygon", "coordinates": [[[106.35, -6.5], [106.64999999999999, -6.5], [106.64999999999999, -6.2], [106.35, -6.2], [106.35, -6.5]]]}}, {"type": "Feature", "properties": {"kode": "2105"}, "geometry": {"type": "Polygon", "coordinates": [[[106.64999999999999, -6.5], [106.94999999999999, -6.5], [106.94999999999999, -6.2], [106.64999999999999, -6.2], [106.64999999999999, -6.5]]]}}, {"type": "Feature", "properties": {"kode": "2106"}, "geometry": {"type": "Polygon", "coordinates": [[[106.94999999999999, -6.5], [107.24999999999999, -6.5], [107.24999999999999, -6.2], [106.94999999999999, -6.2], [106.94999999999999, -6.5]]]}}, {"type": "Feature", "properties": {"kode": "2201"}, "geometry": {"type": "Polygon", "coordinates": [[[105.14999999999999, -6.35], [105.44999999999999, -6.35], [105.44999999999999, -6.05], [105.14999999999999, -6.05], [105.14999999999999, -6.35]]]}}, {"type": "Feature", "properties": {"kode": "2202"}, "geometry": {"type": "Polygon", "coordinates": [[[105.44999999999999, -6.35], [105.74999999999999, -6.35], [105.74999999999999, -6.05], [105.44999999999999, -6.05], [105.44999999999999, -6.35]]]}}, {"type": "Feature", "properties": {"kode": "2203"}, "geometry": {"type": "Polygon", "coordinates": [[[105.74999999999999, -6.35], [106.04999999999998, -6.35], [106.04999999999998, -6.05], [105.74999999999999, -6.05], [105.74999999999999, -6.35]]]}}, {"type": "Feature", "properties": {"kode": "2204"}, "geometry": {"type": "Polygon", "coordinates": [[[105.14999999999999, -6.6499999999999995], [105.44999999999999, -6.6499999999999995], [105.44999999999999, -6.35], [105.14999999999999, -6.35], [105.14999999999999, -6.6499999999999995]]]}}, {"type": "Feature", "properties": {"kode": "2205"}, "geometry": {"type": "Polygon", "coordinates": [[[105.44999999999999, -6.6499999999999995], [105.74999999999999, -6.6499999999999995], [105.74999999999999, -6.35], [105.44999999999999, -6.35], [105.44999999999999, -6.6499999999999995]]]}}, {"type": "Feature", "properties": {"kode": "2206"}, "geometry": {"type": "Polygon", "coordinates": [[[105.74999999999999, -6.6499999999999995], [106.04999999999998, -6.6499999999999995], [106.04999999999998, -6.35], [105.74999999999999, -6.35], [105.74999999999999, -6.6499999999999995]]]}}, {"type": "Feature", "properties": {"kode": "2207"}, "geometry": {"type": "Polygon", "coordinates": [[[105.14999999999999, -6.949999999999999], [105.44999999999999, -6.949999999999999], [105.44999999999999, -6.6499999999999995], [105.14999999999999, -6.6499999999999995], [105.14999999999999, -6.949999999999999]]]}}, {"type": "Feature", "properties": {"kode": "2208"}, "geometry": {"type": "Polygon", "coordinates": [[[105.44999999999999, -6.949999999999999], [105.74999999999999, -6.949999999999999], [105.74999999999999, -6.6499999999999995], [105.44999999999999, -6.6499999999999995], [105.44999999999999, -6.949999999999999]]]}}, {"type": "Feature", "properties": {"kode": "2301"}, "geometry": {"type": "Polygon", "coordinates": [[[107.3, -6.6499999999999995], [107.6, -6.6499999999999995], [107.6, -6.35], [107.3, -6.35], [107.3, -6.6499999999999995]]]}}, {"type": "Feature", "properties": {"kode": "2302"}, "geometry": {"type": "Polygon", "coordinates": [[[107.6, -6.6499999999999995], [107.89999999999999, -6.6499999999999995], [107.89999999999999, -6.35], [107.6, -6.35], [107.6, -6.6499999999999995]]]}}, {"type": "Feature", "properties": {"kode": "2303"}, "geometry": {"type": "Polygon", "coordinates": [[[107.89999999999999, -6.6499999999999995], [108.19999999999999, -6.6499999999999995], [108.19999999999999, -6.35], [107.89999999999999, -6.35], [107.89999999999999, -6.6499999999999995]]]}}, {"type": "Feature", "properties": {"kode": "2304"}, "geometry": {"type": "Polygon", "coordinates": [[[108.2, -6.6499999999999995], [108.5, -6.6499999999999995], [108.5, -6.35], [108.2, -6.35], [108.2, -6.6499999999999995]]]}}, {"type": "Feature", "properties": {"kode": "2305"}, "geometry": {"type": "Polygon", "coordinates": [[[108.5, -6.6499999999999995], [108.8, -6.6499999999999995], [108.8, -6.35], [108.5, -6.35], [108.5, -6.6499999999999995]]]}}, {"type": "Feature", "properties": {"kode": "2306"}, "geometry": {"type": "Polygon", "coordinates": [[[108.8, -6.6499999999999995], [109.1, -6.6499999999999995], [109.1, -6.35], [108.8, -6.35], [108.8, -6.6499999999999995]]]}}, {"type": "Feature", "properties": {"kode": "2307"}, "geometry": {"type": "Polygon", "coordinates": [[[107.3, -6.949999999999999], [107.6, -6.949999999999999], [107.6, -6.6499999999999995], [107.3, -6.6499999999999995], [107.3, -6.949999999999999]]]}}, {"type": "Feature", "properties": {"kode": "2308"}, "geometry": {"type": "Polygon", "coordinates": [[[107.6, -6.949999999999999], [107.89999999999999, -6.949999999999999], [107.89999999999999, -6.6499999999999995], [107.6, -6.6499999999999995], [107.6, -6.949999999999999]]]}}, {"type": "Feature", "properties": {"kode": "2309"}, "geometry": {"type": "Polygon", "coordinates": [[[107.89999999999999, -6.949999999999999], [108.19999999999999, -6.949999999999999], [108.19999999999999, -6.6499999999999995], [107.89999999999999, -6.6499999999999995], [107.89999999999999, -6.949999999999999]]]}}, {"type": "Feature", "properties": {"kode": "2310"}, "geometry": {"type": "Polygon", "coordinates": [[[108.2, -6.949999999999999], [108.5, -6.949999999999999], [108.5, -6.6499999999999995], [108.2, -6.6499999999999995], [108.2, -6.949999999999999]]]}}, {"type": "Feature", "properties": {"kode": "2311"}, "geometry": {"type": "Polygon", "coordinates": [[[108.5, -6.949999999999999], [108.8, -6.949999999999999], [108.8, -6.6499999999999995], [108.5, -6.6499999999999995], [108.5, -6.949999999999999]]]}}, {"type": "Feature", "properties": {"kode": "2312"}, "geometry": {"type": "Polygon", "coordinates": [[[108.8, -6.949999999999999], [109.1, -6.949999999999999], [109.1, -6.6499999999999995], [108.8, -6.6499999999999995], [108.8, -6.949999999999999]]]}}, {"type": "Feature", "properties": {"kode": "2313"}, "geometry": {"type": "Polygon", "coordinates": [[[107.3, -7.25], [107.6, -7.25], [107.6, -6.95], [107.3, -6.95], [107.3, -7.25]]]}}, {"type": "Feature", "properties": {"kode": "2314"}, "geometry": {"type": "Polygon", "coordinates": [[[107.6, -7.25], [107.89999999999999, -7.25], [107.89999999999999, -6.95], [107.6, -6.95], [107.6, -7.25]]]}}, {"type": "Feature", "properties": {"kode": "2315"}, "geometry": {"type": "Polygon", "coordinates": [[[107.89999999999999, -7.25], [108.19999999999999, -7.25], [108.19999999999999, -6.95], [107.89999999999999, -6.95], [107.89999999999999, -7.25]]]}}, {"type": "Feature", "properties": {"kode": "2316"}, "geometry": {"type": "Polygon", "coordinates": [[[108.2, -7.25], [108.5, -7.25], [108.5, -6.95], [108.2, -6.95], [108.2, -7.25]]]}}, {"type": "Feature", "properties": {"kode": "2317"}, "geometry": {"type": "Polygon", "coordinates": [[[108.5, -7.25], [108.8, -7.25], [108.8, -6.95], [108.5, -6.95], [108.5, -7.25]]]}}, {"type": "Feature", "properties": {"kode": "2318"}, "geometry": {"type": "Polygon", "coordinates": [[[108.8, -7.25], [109.1, -7.25], [109.1, -6.95], [108.8, -6.95], [108.8, -7.25]]]}}, {"type": "Feature", "properties": {"kode": "2319"}, "geometry": {"type": "Polygon", "coordinates": [[[107.3, -7.55], [107.6, -7.55], [107.6, -7.25], [107.3, -7.25], [107.3, -7.55]]]}}, {"type": "Feature", "properties": {"kode": "2320"}, "geometry": {"type": "Polygon", "coordinates": [[[107.6, -7.55], [107.89999999999999, -7.55], [107.89999999999999, -7.25], [107.6, -7.25], [107.6, -7.55]]]}}, {"type": "Feature", "properties": {"kode": "2321"}, "geometry": {"type": "Polygon", "coordinates": [[[107.89999999999999, -7.55], [108.19999999999999, -7.55], [108.19999999999999, -7.25], [107.89999999999999, -7.25], [107.89999999999999, -7.55]]]}}, {"type": "Feature", "properties": {"kode": "2322"}, "geometry": {"type": "Polygon", "coordinates": [[[108.2, -7.55], [108.5, -7.55], [108.5, -7.25], [108.2, -7.25], [108.2, -7.55]]]}}, {"type": "Feature", "properties": {"kode": "2323"}, "geometry": {"type": "Polygon", "coordinates": [[[108.5, -7.55], [108.8, -7.55], [108.8, -7.25], [108.5, -7.25], [108.5, -7.55]]]}}, {"type": "Feature", "properties": {"kode": "2324"}, "geometry": {"type": "Polygon", "coordinates": [[[108.8, -7.55], [109.1, -7.55], [109.1, -7.25], [108.8, -7.25], [108.8, -7.55]]]}}, {"type": "Feature", "properties": {"kode": "2325"}, "geometry": {"type": "Polygon", "coordinates": [[[107.3, -7.85], [107.6, -7.85], [107.6, -7.55], [107.3, -7.55], [107.3, -7.85]]]}}, {"type": "Feature", "properties": {"kode": "2326"}, "geometry": {"type": "Polygon", "coordinates": [[[107.6, -7.85], [107.89999999999999, -7.85], [107.89999999999999, -7.55], [107.6, -7.55], [107.6, -7.85]]]}}, {"type": "Feature", "properties": {"kode": "2327"}, "geometry": {"type": "Polygon", "coordinates": [[[107.89999999999999, -7.85], [108.19999999999999, -7.85], [108.19999999999999, -7.55], [107.89999999999999, -7.55], [107.89999999999999, -7.85]]]}}, {"type": "Feature", "properties": {"kode": "2401"}, "geometry": {"type": "Polygon", "coordinates": [[[110.0, -6.8], [110.3, -6.8], [110.3, -6.5], [110.0, -6.5], [110.0, -6.8]]]}}, {"type": "Feature", "properties": {"kode": "2402"}, "geometry": {"type": "Polygon", "coordinates": [[[110.3, -6.8], [110.6, -6.8], [110.6, -6.5], [110.3, -6.5], [110.3, -6.8]]]}}, {"type": "Feature", "properties": {"kode": "2403"}, "geometry": {"type": "Polygon", "coordinates": [[[110.6, -6.8], [110.89999999999999, -6.8], [110.89999999999999, -6.5], [110.6, -6.5], [110.6, -6.8]]]}}, {"type": "Feature", "properties": {"kode": "2404"}, "geometry": {"type": "Polygon", "coordinates": [[[110.9, -6.8], [111.2, -6.8], [111.2, -6.5], [110.9, -6.5], [110.9, -6.8]]]}}, {"type": "Feature", "properties": {"kode": "2405"}, "geometry": {"type": "Polygon", "coordinates": [[[111.2, -6.8], [111.5, -6.8], [111.5, -6.5], [111.2, -6.5], [111.2, -6.8]]]}}, {"type": "Feature", "properties": {"kode": "2406"}, "geometry": {"type": "Polygon", "coordinates": [[[111.5, -6.8], [111.8, -6.8], [111.8, -6.5], [111.5, -6.5], [111.5, -6.8]]]}}, {"type": "Feature", "properties": {"kode": "2407"}, "geometry": {"type": "Polygon", "coordinates": [[[110.0, -7.1], [110.3, -7.1], [110.3, -6.8], [110.0, -6.8], [110.0, -7.1]]]}}, {"type": "Feature", "properties": {"kode": "2408"}, "geometry": {"type": "Polygon", "coordinates": [[[110.3, -7.1], [110.6, -7.1], [110.6, -6.8], [110.3, -6.8], [110.3, -7.1]]]}}, {"type": "Feature", "properties": {"kode": "2409"}, "geometry": {"type": "Polygon", "coordinates": [[[110.6, -7.1], [110.89999999999999, -7.1], [110.89999999999999, -6.8], [110.6, -6.8], [110.6, -7.1]]]}}, {"type": "Feature", "properties": {"kode": "2410"}, "geometry": {"type": "Polygon", "coordinates": [[[110.9, -7.1], [111.2, -7.1], [111.2, -6.8], [110.9, -6.8], [110.9, -7.1]]]}}, {"type": "Feature", "properties": {"kode": "2411"}, "geometry": {"type": "Polygon", "coordinates": [[[111.2, -7.1], [111.5, -7.1], [111.5, -6.8], [111.2, -6.8], [111.2, -7.1]]]}}, {"type": "Feature", "properties": {"kode": "2412"}, "geometry": {"type": "Polygon", "coordinates": [[[111.5, -7.1], [111.8, -7.1], [111.8, -6.8], [111.5, -6.8], [111.5, -7.1]]]}}, {"type": "Feature", "properties": {"kode": "2413"}, "geometry": {"type": "Polygon", "coordinates": [[[110.0, -7.4], [110.3, -7.4], [110.3, -7.1000000000000005], [110.0, -7.1000000000000005], [110.0, -7.4]]]}}, {"type": "Feature", "properties": {"kode": "2414"}, "geometry": {"type": "Polygon", "coordinates": [[[110.3, -7.4], [110.6, -7.4], [110.6, -7.1000000000000005], [110.3, -7.1000000000000005], [110.3, -7.4]]]}}, {"type": "Feature", "properties": {"kode": "2415"}, "geometry": {"type": "Polygon", "coordinates": [[[110.6, -7.4], [110.89999999999999, -7.4], [110.89999999999999, -7.1000000000000005], [110.6, -7.1000000000000005], [110.6, -7.4]]]}}, {"type": "Feature", "properties": {"kode": "2416"}, "geometry": {"type": "Polygon", "coordinates": [[[110.9, -7.4], [111.2, -7.4], [111.2, -7.1000000000000005], [110.9, -7.1000000000000005], [110.9, -7.4]]]}}, {"type": "Feature", "properties": {"kode": "2417"}, "geometry": {"type": "Polygon", "coordinates": [[[111.2, -7.4], [111.5, -7.4], [111.5, -7.1000000000000005], [111.2, -7.1000000000000005], [111.2, -7.4]]]}}, {"type": "Feature", "properties": {"kode": "2418"}, "geometry": {"type": "Polygon", "coordinates": [[[111.5, -7.4], [111.8, -7.4], [111.8, -7.1000000000000005], [111.5, -7.1000000000000005], [111.5, -7.4]]]}}, {"type": "Feature", "properties": {"kode": "2419"}, "geometry": {"type": "Polygon", "coordinates": [[[110.0, -7.7], [110.3, -7.7], [110.3, -7.4], [110.0, -7.4], [110.0, -7.7]]]}}, {"type": "Feature", "properties": {"kode": "2420"}, "geometry": {"type": "Polygon", "coordinates": [[[110.3, -7.7], [110.6, -7.7], [110.6, -7.4], [110.3, -7.4], [110.3, -7.7]]]}}, {"type": "Feature", "properties": {"kode": "2421"}, "geometry": {"type": "Polygon", "coordinates": [[[110.6, -7.7], [110.89999999999999, -7.7], [110.89999999999999, -7.4], [110.6, -7.4], [110.6, -7.7]]]}}, {"type": "Feature", "properties": {"kode": "2422"}, "geometry": {"type": "Polygon", "coordinates": [[[110.9, -7.7], [111.2, -7.7], [111.2, -7.4], [110.9, -7.4], [110.9, -7.7]]]}}, {"type": "Feature", "properties": {"kode": "2423"}, "geometry": {"type": "Polygon", "coordinates": [[[111.2, -7.7], [111.5, -7.7], [111.5, -7.4], [111.2, -7.4], [111.2, -7.7]]]}}, {"type": "Feature", "properties": {"kode": "2424"}, "geometry": {"type": "Polygon", "coordinates": [[[111.5, -7.7], [111.8, -7.7], [111.8, -7.4], [111.5, -7.4], [111.5, -7.7]]]}}, {"type": "Feature", "properties": {"kode": "2425"}, "geometry": {"type": "Polygon", "coordinates": [[[110.0, -8.0], [110.3, -8.0], [110.3, -7.7], [110.0, -7.7], [110.0, -8.0]]]}}, {"type": "Feature", "properties": {"kode": "2426"}, "geometry": {"type": "Polygon", "coordinates": [[[110.3, -8.0], [110.6, -8.0], [110.6, -7.7], [110.3, -7.7], [110.3, -8.0]]]}}, {"type": "Feature", "properties": {"kode": "2427"}, "geometry": {"type": "Polygon", "coordinates": [[[110.6, -8.0], [110.89999999999999, -8.0], [110.89999999999999, -7.7], [110.6, -7.7], [110.6, -8.0]]]}}, {"type": "Feature", "properties": {"kode": "2428"}, "geometry": {"type": "Polygon", "coordinates": [[[110.9, -8.0], [111.2, -8.0], [111.2, -7.7], [110.9, -7.7], [110.9, -8.0]]]}}, {"type": "Feature", "properties": {"kode": "2429"}, "geometry": {"type": "Polygon", "coordinates": [[[111.2, -8.0], [111.5, -8.0], [111.5, -7.7], [111.2, -7.7], [111.2, -8.0]]]}}, {"type": "Feature", "properties": {"kode": "2430"}, "geometry": {"type": "Polygon", "coordinates": [[[111.5, -8.0], [111.8, -8.0], [111.8, -7.7], [111.5, -7.7], [111.5, -8.0]]]}}, {"type": "Feature", "properties": {"kode": "2431"}, "geometry": {"type": "Polygon", "coordinates": [[[110.0, -8.3], [110.3, -8.3], [110.3, -8.0], [110.0, -8.0], [110.0, -8.3]]]}}, {"type": "Feature", "properties": {"kode": "2432"}, "geometry": {"type": "Polygon", "coordinates": [[[110.3, -8.3], [110.6, -8.3], [110.6, -8.0], [110.3, -8.0], [110.3, -8.3]]]}}, {"type": "Feature", "properties": {"kode": "2433"}, "geometry": {"type": "Polygon", "coordinates": [[[110.6, -8.3], [110.89999999999999, -8.3], [110.89999999999999, -8.0], [110.6, -8.0], [110.6, -8.3]]]}}, {"type": "Feature", "properties": {"kode": "2434"}, "geometry": {"type": "Polygon", "coordinates": [[[110.9, -8.3], [111.2, -8.3], [111.2, -8.0], [110.9, -8.0], [110.9, -8.3]]]}}, {"type": "Feature", "properties": {"kode": "2435"}, "geometry": {"type": "Polygon", "coordinates": [[[111.2, -8.3], [111.5, -8.3], [111.5, -8.0], [111.2, -8.0], [111.2, -8.3]]]}}, {"type": "Feature", "properties": {"kode": "2501"}, "geometry": {"type": "Polygon", "coordinates": [[[109.95, -8.9], [110.25, -8.9], [110.25, -8.6], [109.95, -8.6], [109.95, -8.9]]]}}, {"type": "Feature", "properties": {"kode": "2502"}, "geometry": {"type": "Polygon", "coordinates": [[[110.25, -8.9], [110.55, -8.9], [110.55, -8.6], [110.25, -8.6], [110.25, -8.9]]]}}, {"type": "Feature", "properties": {"kode": "2503"}, "geometry": {"type": "Polygon", "coordinates": [[[110.55, -8.9], [110.85, -8.9], [110.85, -8.6], [110.55, -8.6], [110.55, -8.9]]]}}, {"type": "Feature", "properties": {"kode": "2504"}, "geometry": {"type": "Polygon", "coordinates": [[[109.95, -9.2], [110.25, -9.2], [110.25, -8.899999999999999], [109.95, -8.899999999999999], [109.95, -9.2]]]}}, {"type": "Feature", "properties": {"kode": "2505"}, "geometry": {"type": "Polygon", "coordinates": [[[110.25, -9.2], [110.55, -9.2], [110.55, -8.899999999999999], [110.25, -8.899999999999999], [110.25, -9.2]]]}}, {"type": "Feature", "properties": {"kode": "2601"}, "geometry": {"type": "Polygon", "coordinates": [[[112.25, -7.3999999999999995], [112.55, -7.3999999999999995], [112.55, -7.1], [112.25, -7.1], [112.25, -7.3999999999999995]]]}}, {"type": "Feature", "properties": {"kode": "2602"}, "geometry": {"type": "Polygon", "coordinates": [[[112.55, -7.3999999999999995], [112.85, -7.3999999999999995], [112.85, -7.1], [112.55, -7.1], [112.55, -7.3999999999999995]]]}}, {"type": "Feature", "properties": {"kode": "2603"}, "geometry": {"type": "Polygon", "coordinates": [[[112.85, -7.3999999999999995], [113.14999999999999, -7.3999999999999995], [113.14999999999999, -7.1], [112.85, -7.1], [112.85, -7.3999999999999995]]]}}, {"type": "Feature", "properties": {"kode": "2604"}, "geometry": {"type": "Polygon", "coordinates": [[[113.15, -7.3999999999999995], [113.45, -7.3999999999999995], [113.45, -7.1], [113.15, -7.1], [113.15, -7.3999999999999995]]]}}, {"type": "Feature", "properties": {"kode": "2605"}, "geometry": {"type": "Polygon", "coordinates": [[[113.45, -7.3999999999999995], [113.75, -7.3999999999999995], [113.75, -7.1], [113.45, -7.1], [113.45, -7.3999999999999995]]]}}, {"type": "Feature", "properties": {"kode": "2606"}, "geometry": {"type": "Polygon", "coordinates": [[[113.75, -7.3999999999999995], [114.05, -7.3999999999999995], [114.05, -7.1], [113.75, -7.1], [113.75, -7.3999999999999995]]]}}, {"type": "Feature", "properties": {"kode": "2607"}, "geometry": {"type": "Polygon", "coordinates": [[[114.05, -7.3999999999999995], [114.35, -7.3999999999999995], [114.35, -7.1], [114.05, -7.1], [114.05, -7.3999999999999995]]]}}, {"type": "Feature", "properties": {"kode": "2608"}, "geometry": {"type": "Polygon", "coordinates": [[[112.25, -7.699999999999999], [112.55, -7.699999999999999], [112.55, -7.3999999999999995], [112.25, -7.3999999999999995], [112.25, -7.699999999999999]]]}}, {"type": "Feature", "properties": {"kode": "2609"}, "geometry": {"type": "Polygon", "coordinates": [[[112.55, -7.699999999999999], [112.85, -7.699999999999999], [112.85, -7.3999999999999995], [112.55, -7.3999999999999995], [112.55, -7.699999999999999]]]}}, {"type": "Feature", "properties": {"kode": "2610"}, "geometry": {"type": "Polygon", "coordinates": [[[112.85, -7.699999999999999], [113.14999999999999, -7.699999999999999], [113.14999999999999, -7.3999999999999995], [112.85, -7.3999999999999995], [112.85, -7.699999999999999]]]}}, {"type": "Feature", "properties": {"kode": "2611"}, "geometry": {"type": "Polygon", "coordinates": [[[113.15, -7.699999999999999], [113.45, -7.699999999999999], [113.45, -7.3999999999999995], [113.15, -7.3999999999999995], [113.15, -7.699999999999999]]]}}, {"type": "Feature", "properties": {"kode": "2612"}, "geometry": {"type": "Polygon", "coordinates": [[[113.45, -7.699999999999999], [113.75, -7.699999999999999], [113.75, -7.3999999999999995], [113.45, -7.3999999999999995], [113.45, -7.699999999999999]]]}}, {"type": "Feature", "properties": {"kode": "2613"}, "geometry": {"type": "Polygon", "coordinates": [[[113.75, -7.699999999999999], [114.05, -7.699999999999999], [114.05, -7.3999999999999995], [113.75, -7.3999999999999995], [113.75, -7.699999999999999]]]}}, {"type": "Feature", "properties": {"kode": "2614"}, "geometry": {"type": "Polygon", "coordinates": [[[114.05, -7.699999999999999], [114.35, -7.699999999999999], [114.35, -7.3999999999999995], [114.05, -7.3999999999999995], [114.05, -7.699999999999999]]]}}, {"type": "Feature", "properties": {"kode": "2615"}, "geometry": {"type": "Polygon", "coordinates": [[[112.25, -8.0], [112.55, -8.0], [112.55, -7.7], [112.25, -7.7], [112.25, -8.0]]]}}, {"type": "Feature", "properties": {"kode": "2616"}, "geometry": {"type": "Polygon", "coordinates": [[[112.55, -8.0], [112.85, -8.0], [112.85, -7.7], [112.55, -7.7], [112.55, -8.0]]]}}, {"type": "Feature", "properties": {"kode": "2617"}, "geometry": {"type": "Polygon", "coordinates": [[[112.85, -8.0], [113.14999999999999, -8.0], [113.14999999999999, -7.7], [112.85, -7.7], [112.85, -8.0]]]}}, {"type": "Feature", "properties": {"kode": "2618"}, "geometry": {"type": "Polygon", "coordinates": [[[113.15, -8.0], [113.45, -8.0], [113.45, -7.7], [113.15, -7.7], [113.15, -8.0]]]}}, {"type": "Feature", "properties": {"kode": "2619"}, "geometry": {"type": "Polygon", "coordinates": [[[113.45, -8.0], [113.75, -8.0], [113.75, -7.7], [113.45, -7.7], [113.45, -8.0]]]}}, {"type": "Feature", "properties": {"kode": "2620"}, "geometry": {"type": "Polygon", "coordinates": [[[113.75, -8.0], [114.05, -8.0], [114.05, -7.7], [113.75, -7.7], [113.75, -8.0]]]}}, {"type": "Feature", "properties": {"kode": "2621"}, "geometry": {"type": "Polygon", "coordinates": [[[114.05, -8.0], [114.35, -8.0], [114.35, -7.7], [114.05, -7.7], [114.05, -8.0]]]}}, {"type": "Feature", "properties": {"kode": "2622"}, "geometry": {"type": "Polygon", "coordinates": [[[112.25, -8.299999999999999], [112.55, -8.299999999999999], [112.55, -7.999999999999999], [112.25, -7.999999999999999], [112.25, -8.299999999999999]]]}}, {"type": "Feature", "properties": {"kode": "2623"}, "geometry": {"type": "Polygon", "coordinates": [[[112.55, -8.299999999999999], [112.85, -8.299999999999999], [112.85, -7.999999999999999], [112.55, -7.999999999999999], [112.55, -8.299999999999999]]]}}, {"type": "Feature", "properties": {"kode": "2624"}, "geometry": {"type": "Polygon", "coordinates": [[[112.85, -8.299999999999999], [113.14999999999999, -8.299999999999999], [113.14999999999999, -7.999999999999999], [112.85, -7.999999999999999], [112.85, -8.299999999999999]]]}}, {"type": "Feature", "properties": {"kode": "2625"}, "geometry": {"type": "Polygon", "coordinates": [[[113.15, -8.299999999999999], [113.45, -8.299999999999999], [113.45, -7.999999999999999], [113.15, -7.999999999999999], [113.15, -8.299999999999999]]]}}, {"type": "Feature", "properties": {"kode": "2626"}, "geometry": {"type": "Polygon", "coordinates": [[[113.45, -8.299999999999999], [113.75, -8.299999999999999], [113.75, -7.999999999999999], [113.45, -7.999999999999999], [113.45, -8.299999999999999]]]}}, {"type": "Feature", "properties": {"kode": "2627"}, "geometry": {"type": "Polygon", "coordinates": [[[113.75, -8.299999999999999], [114.05, -8.299999999999999], [114.05, -7.999999999999999], [113.75, -7.999999999999999], [113.75, -8.299999999999999]]]}}, {"type": "Feature", "properties": {"kode": "2628"}, "geometry": {"type": "Polygon", "coordinates": [[[114.05, -8.299999999999999], [114.35, -8.299999999999999], [114.35, -7.999999999999999], [114.05, -7.999999999999999], [114.05, -8.299999999999999]]]}}, {"type": "Feature", "properties": {"kode": "2629"}, "geometry": {"type": "Polygon", "coordinates": [[[112.25, -8.6], [112.55, -8.6], [112.55, -8.299999999999999], [112.25, -8.299999999999999], [112.25, -8.6]]]}}, {"type": "Feature", "properties": {"kode": "2630"}, "geometry": {"type": "Polygon", "coordinates": [[[112.55, -8.6], [112.85, -8.6], [112.85, -8.299999999999999], [112.55, -8.299999999999999], [112.55, -8.6]]]}}, {"type": "Feature", "properties": {"kode": "2631"}, "geometry": {"type": "Polygon", "coordinates": [[[112.85, -8.6], [113.14999999999999, -8.6], [113.14999999999999, -8.299999999999999], [112.85, -8.299999999999999], [112.85, -8.6]]]}}, {"type": "Feature", "properties": {"kode": "2632"}, "geometry": {"type": "Polygon", "coordinates": [[[113.15, -8.6], [113.45, -8.6], [113.45, -8.299999999999999], [113.15, -8.299999999999999], [113.15, -8.6]]]}}, {"type": "Feature", "properties": {"kode": "2633"}, "geometry": {"type": "Polygon", "coordinates": [[[113.45, -8.6], [113.75, -8.6], [113.75, -8.299999999999999], [113.45, -8.299999999999999], [113.45, -8.6]]]}}, {"type": "Feature", "properties": {"kode": "2634"}, "geometry": {"type": "Polygon", "coordinates": [[[113.75, -8.6], [114.05, -8.6], [114.05, -8.299999999999999], [113.75, -8.299999999999999], [113.75, -8.6]]]}}, {"type": "Feature", "properties": {"kode": "2635"}, "geometry": {"type": "Polygon", "coordinates": [[[114.05, -8.6], [114.35, -8.6], [114.35, -8.299999999999999], [114.05, -8.299999999999999], [114.05, -8.6]]]}}, {"type": "Feature", "properties": {"kode": "2636"}, "geometry": {"type": "Polygon", "coordinates": [[[112.25, -8.899999999999999], [112.55, -8.899999999999999], [112.55, -8.599999999999998], [112.25, -8.599999999999998], [112.25, -8.899999999999999]]]}}, {"type": "Feature", "properties": {"kode": "2637"}, "geometry": {"type": "Polygon", "coordinates": [[[112.55, -8.899999999999999], [112.85, -8.899999999999999], [112.85, -8.599999999999998], [112.55, -8.599999999999998], [112.55, -8.899999999999999]]]}}, {"type": "Feature", "properties": {"kode": "2638"}, "geometry": {"type": "Polygon", "coordinates": [[[112.85, -8.899999999999999], [113.14999999999999, -8.899999999999999], [113.14999999999999, -8.599999999999998], [112.85, -8.599999999999998], [112.85, -8.899999999999999]]]}}, {"type": "Feature", "properties": {"kode": "2701"}, "geometry": {"type": "Polygon", "coordinates": [[[114.95, -8.350000000000001], [115.25, -8.350000000000001], [115.25, -8.05], [114.95, -8.05], [114.95, -8.350000000000001]]]}}, {"type": "Feature", "properties": {"kode": "2702"}, "geometry": {"type": "Polygon", "coordinates": [[[115.25, -8.350000000000001], [115.55, -8.350000000000001], [115.55, -8.05], [115.25, -8.05], [115.25, -8.350000000000001]]]}}, {"type": "Feature", "properties": {"kode": "2703"}, "geometry": {"type": "Polygon", "coordinates": [[[115.55, -8.350000000000001], [115.85, -8.350000000000001], [115.85, -8.05], [115.55, -8.05], [115.55, -8.350000000000001]]]}}, {"type": "Feature", "properties": {"kode": "2704"}, "geometry": {"type": "Polygon", "coordinates": [[[114.95, -8.65], [115.25, -8.65], [115.25, -8.35], [114.95, -8.35], [114.95, -8.65]]]}}, {"type": "Feature", "properties": {"kode": "2705"}, "geometry": {"type": "Polygon", "coordinates": [[[115.25, -8.65], [115.55, -8.65], [115.55, -8.35], [115.25, -8.35], [115.25, -8.65]]]}}, {"type": "Feature", "properties": {"kode": "2706"}, "geometry": {"type": "Polygon", "coordinates": [[[115.55, -8.65], [115.85, -8.65], [115.85, -8.35], [115.55, -8.35], [115.55, -8.65]]]}}, {"type": "Feature", "properties": {"kode": "2707"}, "geometry": {"type": "Polygon", "coordinates": [[[114.95, -8.950000000000001], [115.25, -8.950000000000001], [115.25, -8.65], [114.95, -8.65], [114.95, -8.950000000000001]]]}}, {"type": "Feature", "properties": {"kode": "2708"}, "geometry": {"type": "Polygon", "coordinates": [[[115.25, -8.950000000000001], [115.55, -8.950000000000001], [115.55, -8.65], [115.25, -8.65], [115.25, -8.950000000000001]]]}}, {"type": "Feature", "properties": {"kode": "2709"}, "geometry": {"type": "Polygon", "coordinates": [[[115.55, -8.950000000000001], [115.85, -8.950000000000001], [115.85, -8.65], [115.55, -8.65], [115.55, -8.950000000000001]]]}}, {"type": "Feature", "properties": {"kode": "2801"}, "geometry": {"type": "Polygon", "coordinates": [[[116.60000000000001, -8.450000000000001], [116.9, -8.450000000000001], [116.9, -8.15], [116.60000000000001, -8.15], [116.60000000000001, -8.450000000000001]]]}}, {"type": "Feature", "properties": {"kode": "2802"}, "geometry": {"type": "Polygon", "coordinates": [[[116.9, -8.450000000000001], [117.2, -8.450000000000001], [117.2, -8.15], [116.9, -8.15], [116.9, -8.450000000000001]]]}}, {"type": "Feature", "properties": {"kode": "2803"}, "geometry": {"type": "Polygon", "coordinates": [[[117.2, -8.450000000000001], [117.5, -8.450000000000001], [117.5, -8.15], [117.2, -8.15], [117.2, -8.450000000000001]]]}}, {"type": "Feature", "properties": {"kode": "2804"}, "geometry": {"type": "Polygon", "coordinates": [[[117.50000000000001, -8.450000000000001], [117.80000000000001, -8.450000000000001], [117.80000000000001, -8.15], [117.50000000000001, -8.15], [117.50000000000001, -8.450000000000001]]]}}, {"type": "Feature", "properties": {"kode": "2805"}, "geometry": {"type": "Polygon", "coordinates": [[[116.60000000000001, -8.75], [116.9, -8.75], [116.9, -8.45], [116.60000000000001, -8.45], [116.60000000000001, -8.75]]]}}, {"type": "Feature", "properties": {"kode": "2806"}, "geometry": {"type": "Polygon", "coordinates": [[[116.9, -8.75], [117.2, -8.75], [117.2, -8.45], [116.9, -8.45], [116.9, -8.75]]]}}, {"type": "Feature", "properties": {"kode": "2807"}, "geometry": {"type": "Polygon", "coordinates": [[[117.2, -8.75], [117.5, -8.75], [117.5, -8.45], [117.2, -8.45], [117.2, -8.75]]]}}, {"type": "Feature", "properties": {"kode": "2808"}, "geometry": {"type": "Polygon", "coordinates": [[[117.50000000000001, -8.75], [117.80000000000001, -8.75], [117.80000000000001, -8.45], [117.50000000000001, -8.45], [117.50000000000001, -8.75]]]}}, {"type": "Feature", "properties": {"kode": "2809"}, "geometry": {"type": "Polygon", "coordinates": [[[116.60000000000001, -9.05], [116.9, -9.05], [116.9, -8.75], [116.60000000000001, -8.75], [116.60000000000001, -9.05]]]}}, {"type": "Feature", "properties": {"kode": "2810"}, "geometry": {"type": "Polygon", "coordinates": [[[116.9, -9.05], [117.2, -9.05], [117.2, -8.75], [116.9, -8.75], [116.9, -9.05]]]}}, {"type": "Feature", "properties": {"kode": "2901"}, "geometry": {"type": "Polygon", "coordinates": [[[120.75, -9.05], [121.05, -9.05], [121.05, -8.75], [120.75, -8.75], [120.75, -9.05]]]}}, {"type": "Feature", "properties": {"kode": "2902"}, "geometry": {"type": "Polygon", "coordinates": [[[121.05, -9.05], [121.35, -9.05], [121.35, -8.75], [121.05, -8.75], [121.05, -9.05]]]}}, {"type": "Feature", "properties": {"kode": "2903"}, "geometry": {"type": "Polygon", "coordinates": [[[121.35, -9.05], [121.64999999999999, -9.05], [121.64999999999999, -8.75], [121.35, -8.75], [121.35, -9.05]]]}}, {"type": "Feature", "properties": {"kode": "2904"}, "geometry": {"type": "Polygon", "coordinates": [[[121.65, -9.05], [121.95, -9.05], [121.95, -8.75], [121.65, -8.75], [121.65, -9.05]]]}}, {"type": "Feature", "properties": {"kode": "2905"}, "geometry": {"type": "Polygon", "coordinates": [[[121.95, -9.05], [122.25, -9.05], [122.25, -8.75], [121.95, -8.75], [121.95, -9.05]]]}}, {"type": "Feature", "properties": {"kode": "2906"}, "geometry": {"type": "Polygon", "coordinates": [[[120.75, -9.35], [121.05, -9.35], [121.05, -9.049999999999999], [120.75, -9.049999999999999], [120.75, -9.35]]]}}, {"type": "Feature", "properties": {"kode": "2907"}, "geometry": {"type": "Polygon", "coordinates": [[[121.05, -9.35], [121.35, -9.35], [121.35, -9.049999999999999], [121.05, -9.049999999999999], [121.05, -9.35]]]}}, {"type": "Feature", "properties": {"kode": "2908"}, "geometry": {"type": "Polygon", "coordinates": [[[121.35, -9.35], [121.64999999999999, -9.35], [121.64999999999999, -9.049999999999999], [121.35, -9.049999999999999], [121.35, -9.35]]]}}, {"type": "Feature", "properties": {"kode": "2909"}, "geometry": {"type": "Polygon", "coordinates": [[[121.65, -9.35], [121.95, -9.35], [121.95, -9.049999999999999], [121.65, -9.049999999999999], [121.65, -9.35]]]}}, {"type": "Feature", "properties": {"kode": "2910"}, "geometry": {"type": "Polygon", "coordinates": [[[121.95, -9.35], [122.25, -9.35], [122.25, -9.049999999999999], [121.95, -9.049999999999999], [121.95, -9.35]]]}}, {"type": "Feature", "properties": {"kode": "2911"}, "geometry": {"type": "Polygon", "coordinates": [[[120.75, -9.65], [121.05, -9.65], [121.05, -9.35], [120.75, -9.35], [120.75, -9.65]]]}}, {"type": "Feature", "properties": {"kode": "2912"}, "geometry": {"type": "Polygon", "coordinates": [[[121.05, -9.65], [121.35, -9.65], [121.35, -9.35], [121.05, -9.35], [121.05, -9.65]]]}}, {"type": "Feature", "properties": {"kode": "2913"}, "geometry": {"type": "Polygon", "coordinates": [[[121.35, -9.65], [121.64999999999999, -9.65], [121.64999999999999, -9.35], [121.35, -9.35], [121.35, -9.65]]]}}, {"type": "Feature", "properties": {"kode": "2914"}, "geometry": {"type": "Polygon", "coordinates": [[[121.65, -9.65], [121.95, -9.65], [121.95, -9.35], [121.65, -9.35], [121.65, -9.65]]]}}, {"type": "Feature", "properties": {"kode": "2915"}, "geometry": {"type": "Polygon", "coordinates": [[[121.95, -9.65], [122.25, -9.65], [122.25, -9.35], [121.95, -9.35], [121.95, -9.65]]]}}, {"type": "Feature", "properties": {"kode": "2916"}, "geometry": {"type": "Polygon", "coordinates": [[[120.75, -9.95], [121.05, -9.95], [121.05, -9.649999999999999], [120.75, -9.649999999999999], [120.75, -9.95]]]}}, {"type": "Feature", "properties": {"kode": "2917"}, "geometry": {"type": "Polygon", "coordinates": [[[121.05, -9.95], [121.35, -9.95], [121.35, -9.649999999999999], [121.05, -9.649999999999999], [121.05, -9.95]]]}}, {"type": "Feature", "properties": {"kode": "2918"}, "geometry": {"type": "Polygon", "coordinates": [[[121.35, -9.95], [121.64999999999999, -9.95], [121.64999999999999, -9.649999999999999], [121.35, -9.649999999999999], [121.35, -9.95]]]}}, {"type": "Feature", "properties": {"kode": "2919"}, "geometry": {"type": "Polygon", "coordinates": [[[121.65, -9.95], [121.95, -9.95], [121.95, -9.649999999999999], [121.65, -9.649999999999999], [121.65, -9.95]]]}}, {"type": "Feature", "properties": {"kode": "2920"}, "geometry": {"type": "Polygon", "coordinates": [[[121.95, -9.95], [122.25, -9.95], [122.25, -9.649999999999999], [121.95, -9.649999999999999], [121.95, -9.95]]]}}, {"type": "Feature", "properties": {"kode": "2921"}, "geometry": {"type": "Polygon", "coordinates": [[[120.75, -10.25], [121.05, -10.25], [121.05, -9.95], [120.75, -9.95], [120.75, -10.25]]]}}, {"type": "Feature", "properties": {"kode": "2922"}, "geometry": {"type": "Polygon", "coordinates": [[[121.05, -10.25], [121.35, -10.25], [121.35, -9.95], [121.05, -9.95], [121.05, -10.25]]]}}, {"type": "Feature", "properties": {"kode": "3001"}, "geometry": {"type": "Polygon", "coordinates": [[[110.2, 0.09999999999999998], [110.5, 0.09999999999999998], [110.5, 0.39999999999999997], [110.2, 0.39999999999999997], [110.2, 0.09999999999999998]]]}}, {"type": "Feature", "properties": {"kode": "3002"}, "geometry": {"type": "Polygon", "coordinates": [[[110.5, 0.09999999999999998], [110.8, 0.09999999999999998], [110.8, 0.39999999999999997], [110.5, 0.39999999999999997], [110.5, 0.09999999999999998]]]}}, {"type": "Feature", "properties": {"kode": "3003"}, "geometry": {"type": "Polygon", "coordinates": [[[110.8, 0.09999999999999998], [111.1, 0.09999999999999998], [111.1, 0.39999999999999997], [110.8, 0.39999999999999997], [110.8, 0.09999999999999998]]]}}, {"type": "Feature", "properties": {"kode": "3004"}, "geometry": {"type": "Polygon", "coordinates": [[[111.10000000000001, 0.09999999999999998], [111.4, 0.09999999999999998], [111.4, 0.39999999999999997], [111.10000000000001, 0.39999999999999997], [111.10000000000001, 0.09999999999999998]]]}}, {"type": "Feature", "properties": {"kode": "3005"}, "geometry": {"type": "Polygon", "coordinates": [[[110.2, -0.2], [110.5, -0.2], [110.5, 0.09999999999999998], [110.2, 0.09999999999999998], [110.2, -0.2]]]}}, {"type": "Feature", "properties": {"kode": "3006"}, "geometry": {"type": "Polygon", "coordinates": [[[110.5, -0.2], [110.8, -0.2], [110.8, 0.09999999999999998], [110.5, 0.09999999999999998], [110.5, -0.2]]]}}, {"type": "Feature", "properties": {"kode": "3007"}, "geometry": {"type": "Polygon", "coordinates": [[[110.8, -0.2], [111.1, -0.2], [111.1, 0.09999999999999998], [110.8, 0.09999999999999998], [110.8, -0.2]]]}}, {"type": "Feature", "properties": {"kode": "3008"}, "geometry": {"type": "Polygon", "coordinates": [[[111.10000000000001, -0.2], [111.4, -0.2], [111.4, 0.09999999999999998], [111.10000000000001, 0.09999999999999998], [111.10000000000001, -0.2]]]}}, {"type": "Feature", "properties": {"kode": "3009"}, "geometry": {"type": "Polygon", "coordinates": [[[110.2, -0.49999999999999994], [110.5, -0.49999999999999994], [110.5, -0.19999999999999996], [110.2, -0.19999999999999996], [110.2, -0.49999999999999994]]]}}, {"type": "Feature", "properties": {"kode": "3010"}, "geometry": {"type": "Polygon", "coordinates": [[[110.5, -0.49999999999999994], [110.8, -0.49999999999999994], [110.8, -0.19999999999999996], [110.5, -0.19999999999999996], [110.5, -0.49999999999999994]]]}}, {"type": "Feature", "properties": {"kode": "3011"}, "geometry": {"type": "Polygon", "coordinates": [[[110.8, -0.49999999999999994], [111.1, -0.49999999999999994], [111.1, -0.19999999999999996], [110.8, -0.19999999999999996], [110.8, -0.49999999999999994]]]}}, {"type": "Feature", "properties": {"kode": "3012"}, "geometry": {"type": "Polygon", "coordinates": [[[111.10000000000001, -0.49999999999999994], [111.4, -0.49999999999999994], [111.4, -0.19999999999999996], [111.10000000000001, -0.19999999999999996], [111.10000000000001, -0.49999999999999994]]]}}, {"type": "Feature", "properties": {"kode": "3013"}, "geometry": {"type": "Polygon", "coordinates": [[[110.2, -0.8], [110.5, -0.8], [110.5, -0.5], [110.2, -0.5], [110.2, -0.8]]]}}, {"type": "Feature", "properties": {"kode": "3014"}, "geometry": {"type": "Polygon", "coordinates": [[[110.5, -0.8], [110.8, -0.8], [110.8, -0.5], [110.5, -0.5], [110.5, -0.8]]]}}, {"type": "Feature", "properties": {"kode": "3101"}, "geometry": {"type": "Polygon", "coordinates": [[[112.9, -1.4000000000000001], [113.2, -1.4000000000000001], [113.2, -1.1], [112.9, -1.1], [112.9, -1.4000000000000001]]]}}, {"type": "Feature", "properties": {"kode": "3102"}, "geometry": {"type": "Polygon", "coordinates": [[[113.2, -1.4000000000000001], [113.5, -1.4000000000000001], [113.5, -1.1], [113.2, -1.1], [113.2, -1.4000000000000001]]]}}, {"type": "Feature", "properties": {"kode": "3103"}, "geometry": {"type": "Polygon", "coordinates": [[[113.5, -1.4000000000000001], [113.8, -1.4000000000000001], [113.8, -1.1], [113.5, -1.1], [113.5, -1.4000000000000001]]]}}, {"type": "Feature", "properties": {"kode": "3104"}, "geometry": {"type": "Polygon", "coordinates": [[[113.80000000000001, -1.4000000000000001], [114.10000000000001, -1.4000000000000001], [114.10000000000001, -1.1], [113.80000000000001, -1.1], [113.80000000000001, -1.4000000000000001]]]}}, {"type": "Feature", "properties": {"kode": "3105"}, "geometry": {"type": "Polygon", "coordinates": [[[112.9, -1.7000000000000002], [113.2, -1.7000000000000002], [113.2, -1.4000000000000001], [112.9, -1.4000000000000001], [112.9, -1.7000000000000002]]]}}, {"type": "Feature", "properties": {"kode": "3106"}, "geometry": {"type": "Polygon", "coordinates": [[[113.2, -1.7000000000000002], [113.5, -1.7000000000000002], [113.5, -1.4000000000000001], [113.2, -1.4000000000000001], [113.2, -1.7000000000000002]]]}}, {"type": "Feature", "properties": {"kode": "3107"}, "geometry": {"type": "Polygon", "coordinates": [[[113.5, -1.7000000000000002], [113.8, -1.7000000000000002], [113.8, -1.4000000000000001], [113.5, -1.4000000000000001], [113.5, -1.7000000000000002]]]}}, {"type": "Feature", "properties": {"kode": "3108"}, "geometry": {"type": "Polygon", "coordinates": [[[113.80000000000001, -1.7000000000000002], [114.10000000000001, -1.7000000000000002], [114.10000000000001, -1.4000000000000001], [113.80000000000001, -1.4000000000000001], [113.80000000000001, -1.7000000000000002]]]}}, {"type": "Feature", "properties": {"kode": "3109"}, "geometry": {"type": "Polygon", "coordinates": [[[112.9, -2.0], [113.2, -2.0], [113.2, -1.7], [112.9, -1.7], [112.9, -2.0]]]}}, {"type": "Feature", "properties": {"kode": "3110"}, "geometry": {"type": "Polygon", "coordinates": [[[113.2, -2.0], [113.5, -2.0], [113.5, -1.7], [113.2, -1.7], [113.2, -2.0]]]}}, {"type": "Feature", "properties": {"kode": "3111"}, "geometry": {"type": "Polygon", "coordinates": [[[113.5, -2.0], [113.8, -2.0], [113.8, -1.7], [113.5, -1.7], [113.5, -2.0]]]}}, {"type": "Feature", "properties": {"kode": "3112"}, "geometry": {"type": "Polygon", "coordinates": [[[113.80000000000001, -2.0], [114.10000000000001, -2.0], [114.10000000000001, -1.7], [113.80000000000001, -1.7], [113.80000000000001, -2.0]]]}}, {"type": "Feature", "properties": {"kode": "3113"}, "geometry": {"type": "Polygon", "coordinates": [[[112.9, -2.3], [113.2, -2.3], [113.2, -1.9999999999999998], [112.9, -1.9999999999999998], [112.9, -2.3]]]}}, {"type": "Feature", "properties": {"kode": "3114"}, "geometry": {"type": "Polygon", "coordinates": [[[113.2, -2.3], [113.5, -2.3], [113.5, -1.9999999999999998], [113.2, -1.9999999999999998], [113.2, -2.3]]]}}, {"type": "Feature", "properties": {"kode": "3201"}, "geometry": {"type": "Polygon", "coordinates": [[[114.60000000000001, -2.6999999999999997], [114.9, -2.6999999999999997], [114.9, -2.4], [114.60000000000001, -2.4], [114.60000000000001, -2.6999999999999997]]]}}, {"type": "Feature", "properties": {"kode": "3202"}, "geometry": {"type": "Polygon", "coordinates": [[[114.9, -2.6999999999999997], [115.2, -2.6999999999999997], [115.2, -2.4], [114.9, -2.4], [114.9, -2.6999999999999997]]]}}, {"type": "Feature", "properties": {"kode": "3203"}, "geometry": {"type": "Polygon", "coordinates": [[[115.2, -2.6999999999999997], [115.5, -2.6999999999999997], [115.5, -2.4], [115.2, -2.4], [115.2, -2.6999999999999997]]]}}, {"type": "Feature", "properties": {"kode": "3204"}, "geometry": {"type": "Polygon", "coordinates": [[[115.50000000000001, -2.6999999999999997], [115.80000000000001, -2.6999999999999997], [115.80000000000001, -2.4], [115.50000000000001, -2.4], [115.50000000000001, -2.6999999999999997]]]}}, {"type": "Feature", "properties": {"kode": "3205"}, "geometry": {"type": "Polygon", "coordinates": [[[114.60000000000001, -3.0], [114.9, -3.0], [114.9, -2.7], [114.60000000000001, -2.7], [114.60000000000001, -3.0]]]}}, {"type": "Feature", "properties": {"kode": "3206"}, "geometry": {"type": "Polygon", "coordinates": [[[114.9, -3.0], [115.2, -3.0], [115.2, -2.7], [114.9, -2.7], [114.9, -3.0]]]}}, {"type": "Feature", "properties": {"kode": "3207"}, "geometry": {"type": "Polygon", "coordinates": [[[115.2, -3.0], [115.5, -3.0], [115.5, -2.7], [115.2, -2.7], [115.2, -3.0]]]}}, {"type": "Feature", "properties": {"kode": "3208"}, "geometry": {"type": "Polygon", "coordinates": [[[115.50000000000001, -3.0], [115.80000000000001, -3.0], [115.80000000000001, -2.7], [115.50000000000001, -2.7], [115.50000000000001, -3.0]]]}}, {"type": "Feature", "properties": {"kode": "3209"}, "geometry": {"type": "Polygon", "coordinates": [[[114.60000000000001, -3.3], [114.9, -3.3], [114.9, -3.0], [114.60000000000001, -3.0], [114.60000000000001, -3.3]]]}}, {"type": "Feature", "properties": {"kode": "3210"}, "geometry": {"type": "Polygon", "coordinates": [[[114.9, -3.3], [115.2, -3.3], [115.2, -3.0], [114.9, -3.0], [114.9, -3.3]]]}}, {"type": "Feature", "properties": {"kode": "3211"}, "geometry": {"type": "Polygon", "coordinates": [[[115.2, -3.3], [115.5, -3.3], [115.5, -3.0], [115.2, -3.0], [115.2, -3.3]]]}}, {"type": "Feature", "properties": {"kode": "3212"}, "geometry": {"type": "Polygon", "coordinates": [[[115.50000000000001, -3.3], [115.80000000000001, -3.3], [115.80000000000001, -3.0], [115.50000000000001, -3.0], [115.50000000000001, -3.3]]]}}, {"type": "Feature", "properties": {"kode": "3213"}, "geometry": {"type": "Polygon", "coordinates": [[[114.60000000000001, -3.5999999999999996], [114.9, -3.5999999999999996], [114.9, -3.3], [114.60000000000001, -3.3], [114.60000000000001, -3.5999999999999996]]]}}, {"type": "Feature", "properties": {"kode": "3301"}, "geometry": {"type": "Polygon", "coordinates": [[[116.0, 0.45], [116.3, 0.45], [116.3, 0.75], [116.0, 0.75], [116.0, 0.45]]]}}, {"type": "Feature", "properties": {"kode": "3302"}, "geometry": {"type": "Polygon", "coordinates": [[[116.3, 0.45], [116.6, 0.45], [116.6, 0.75], [116.3, 0.75], [116.3, 0.45]]]}}, {"type": "Feature", "properties": {"kode": "3303"}, "geometry": {"type": "Polygon", "coordinates": [[[116.6, 0.45], [116.89999999999999, 0.45], [116.89999999999999, 0.75], [116.6, 0.75], [116.6, 0.45]]]}}, {"type": "Feature", "properties": {"kode": "3304"}, "geometry": {"type": "Polygon", "coordinates": [[[116.9, 0.45], [117.2, 0.45], [117.2, 0.75], [116.9, 0.75], [116.9, 0.45]]]}}, {"type": "Feature", "properties": {"kode": "3305"}, "geometry": {"type": "Polygon", "coordinates": [[[116.0, 0.15000000000000002], [116.3, 0.15000000000000002], [116.3, 0.45], [116.0, 0.45], [116.0, 0.15000000000000002]]]}}, {"type": "Feature", "properties": {"kode": "3306"}, "geometry": {"type": "Polygon", "coordinates": [[[116.3, 0.15000000000000002], [116.6, 0.15000000000000002], [116.6, 0.45], [116.3, 0.45], [116.3, 0.15000000000000002]]]}}, {"type": "Feature", "properties": {"kode": "3307"}, "geometry": {"type": "Polygon", "coordinates": [[[116.6, 0.15000000000000002], [116.89999999999999, 0.15000000000000002], [116.89999999999999, 0.45], [116.6, 0.45], [116.6, 0.15000000000000002]]]}}, {"type": "Feature", "properties": {"kode": "3308"}, "geometry": {"type": "Polygon", "coordinates": [[[116.9, 0.15000000000000002], [117.2, 0.15000000000000002], [117.2, 0.45], [116.9, 0.45], [116.9, 0.15000000000000002]]]}}, {"type": "Feature", "properties": {"kode": "3309"}, "geometry": {"type": "Polygon", "coordinates": [[[116.0, -0.1499999999999999], [116.3, -0.1499999999999999], [116.3, 0.15000000000000008], [116.0, 0.15000000000000008], [116.0, -0.1499999999999999]]]}}, {"type": "Feature", "properties": {"kode": "3310"}, "geometry": {"type": "Polygon", "coordinates": [[[116.3, -0.1499999999999999], [116.6, -0.1499999999999999], [116.6, 0.15000000000000008], [116.3, 0.15000000000000008], [116.3, -0.1499999999999999]]]}}, {"type": "Feature", "properties": {"kode": "3401"}, "geometry": {"type": "Polygon", "coordinates": [[[116.35, 3.0], [116.64999999999999, 3.0], [116.64999999999999, 3.3], [116.35, 3.3], [116.35, 3.0]]]}}, {"type": "Feature", "properties": {"kode": "3402"}, "geometry": {"type": "Polygon", "coordinates": [[[116.64999999999999, 3.0], [116.94999999999999, 3.0], [116.94999999999999, 3.3], [116.64999999999999, 3.3], [116.64999999999999, 3.0]]]}}, {"type": "Feature", "properties": {"kode": "3403"}, "geometry": {"type": "Polygon", "coordinates": [[[116.94999999999999, 3.0], [117.24999999999999, 3.0], [117.24999999999999, 3.3], [116.94999999999999, 3.3], [116.94999999999999, 3.0]]]}}, {"type": "Feature", "properties": {"kode": "3404"}, "geometry": {"type": "Polygon", "coordinates": [[[116.35, 2.6999999999999997], [116.64999999999999, 2.6999999999999997], [116.64999999999999, 2.9999999999999996], [116.35, 2.9999999999999996], [116.35, 2.6999999999999997]]]}}, {"type": "Feature", "properties": {"kode": "3405"}, "geometry": {"type": "Polygon", "coordinates": [[[116.64999999999999, 2.6999999999999997], [116.94999999999999, 2.6999999999999997], [116.94999999999999, 2.9999999999999996], [116.64999999999999, 2.9999999999999996], [116.64999999999999, 2.6999999999999997]]]}}, {"type": "Feature", "properties": {"kode": "3501"}, "geometry": {"type": "Polygon", "coordinates": [[[124.2, 1.3], [124.5, 1.3], [124.5, 1.6], [124.2, 1.6], [124.2, 1.3]]]}}, {"type": "Feature", "properties": {"kode": "3502"}, "geometry": {"type": "Polygon", "coordinates": [[[124.5, 1.3], [124.8, 1.3], [124.8, 1.6], [124.5, 1.6], [124.5, 1.3]]]}}, {"type": "Feature", "properties": {"kode": "3503"}, "geometry": {"type": "Polygon", "coordinates": [[[124.8, 1.3], [125.1, 1.3], [125.1, 1.6], [124.8, 1.6], [124.8, 1.3]]]}}, {"type": "Feature", "properties": {"kode": "3504"}, "geometry": {"type": "Polygon", "coordinates": [[[125.10000000000001, 1.3], [125.4, 1.3], [125.4, 1.6], [125.10000000000001, 1.6], [125.10000000000001, 1.3]]]}}, {"type": "Feature", "properties": {"kode": "3505"}, "geometry": {"type": "Polygon", "coordinates": [[[124.2, 1.0], [124.5, 1.0], [124.5, 1.3], [124.2, 1.3], [124.2, 1.0]]]}}, {"type": "Feature", "properties": {"kode": "3506"}, "geometry": {"type": "Polygon", "coordinates": [[[124.5, 1.0], [124.8, 1.0], [124.8, 1.3], [124.5, 1.3], [124.5, 1.0]]]}}, {"type": "Feature", "properties": {"kode": "3507"}, "geometry": {"type": "Polygon", "coordinates": [[[124.8, 1.0], [125.1, 1.0], [125.1, 1.3], [124.8, 1.3], [124.8, 1.0]]]}}, {"type": "Feature", "properties": {"kode": "3508"}, "geometry": {"type": "Polygon", "coordinates": [[[125.10000000000001, 1.0], [125.4, 1.0], [125.4, 1.3], [125.10000000000001, 1.3], [125.10000000000001, 1.0]]]}}, {"type": "Feature", "properties": {"kode": "3509"}, "geometry": {"type": "Polygon", "coordinates": [[[124.2, 0.7000000000000002], [124.5, 0.7000000000000002], [124.5, 1.0000000000000002], [124.2, 1.0000000000000002], [124.2, 0.7000000000000002]]]}}, {"type": "Feature", "properties": {"kode": "3510"}, "geometry": {"type": "Polygon", "coordinates": [[[124.5, 0.7000000000000002], [124.8, 0.7000000000000002], [124.8, 1.0000000000000002], [124.5, 1.0000000000000002], [124.5, 0.7000000000000002]]]}}, {"type": "Feature", "properties": {"kode": "3511"}, "geometry": {"type": "Polygon", "coordinates": [[[124.8, 0.7000000000000002], [125.1, 0.7000000000000002], [125.1, 1.0000000000000002], [124.8, 1.0000000000000002], [124.8, 0.7000000000000002]]]}}, {"type": "Feature", "properties": {"kode": "3512"}, "geometry": {"type": "Polygon", "coordinates": [[[125.10000000000001, 0.7000000000000002], [125.4, 0.7000000000000002], [125.4, 1.0000000000000002], [125.10000000000001, 1.0000000000000002], [125.10000000000001, 0.7000000000000002]]]}}, {"type": "Feature", "properties": {"kode": "3513"}, "geometry": {"type": "Polygon", "coordinates": [[[124.2, 0.40000000000000013], [124.5, 0.40000000000000013], [124.5, 0.7000000000000002], [124.2, 0.7000000000000002], [124.2, 0.40000000000000013]]]}}, {"type": "Feature", "properties": {"kode": "3514"}, "geometry": {"type": "Polygon", "coordinates": [[[124.5, 0.40000000000000013], [124.8, 0.40000000000000013], [124.8, 0.7000000000000002], [124.5, 0.7000000000000002], [124.5, 0.40000000000000013]]]}}, {"type": "Feature", "properties": {"kode": "3515"}, "geometry": {"type": "Polygon", "coordinates": [[[124.8, 0.40000000000000013], [125.1, 0.40000000000000013], [125.1, 0.7000000000000002], [124.8, 0.7000000000000002], [124.8, 0.40000000000000013]]]}}, {"type": "Feature", "properties": {"kode": "3601"}, "geometry": {"type": "Polygon", "coordinates": [[[121.95, 0.5999999999999999], [122.25, 0.5999999999999999], [122.25, 0.8999999999999999], [121.95, 0.8999999999999999], [121.95, 0.5999999999999999]]]}}, {"type": "Feature", "properties": {"kode": "3602"}, "geometry": {"type": "Polygon", "coordinates": [[[122.25, 0.5999999999999999], [122.55, 0.5999999999999999], [122.55, 0.8999999999999999], [122.25, 0.8999999999999999], [122.25, 0.5999999999999999]]]}}, {"type": "Feature", "properties": {"kode": "3603"}, "geometry": {"type": "Polygon", "coordinates": [[[122.55, 0.5999999999999999], [122.85, 0.5999999999999999], [122.85, 0.8999999999999999], [122.55, 0.8999999999999999], [122.55, 0.5999999999999999]]]}}, {"type": "Feature", "properties": {"kode": "3604"}, "geometry": {"type": "Polygon", "coordinates": [[[121.95, 0.29999999999999993], [122.25, 0.29999999999999993], [122.25, 0.5999999999999999], [121.95, 0.5999999999999999], [121.95, 0.29999999999999993]]]}}, {"type": "Feature", "properties": {"kode": "3605"}, "geometry": {"type": "Polygon", "coordinates": [[[122.25, 0.29999999999999993], [122.55, 0.29999999999999993], [122.55, 0.5999999999999999], [122.25, 0.5999999999999999], [122.25, 0.29999999999999993]]]}}, {"type": "Feature", "properties": {"kode": "3606"}, "geometry": {"type": "Polygon", "coordinates": [[[122.55, 0.29999999999999993], [122.85, 0.29999999999999993], [122.85, 0.5999999999999999], [122.55, 0.5999999999999999], [122.55, 0.29999999999999993]]]}}, {"type": "Feature", "properties": {"kode": "3701"}, "geometry": {"type": "Polygon", "coordinates": [[[120.4, -0.7], [120.7, -0.7], [120.7, -0.39999999999999997], [120.4, -0.39999999999999997], [120.4, -0.7]]]}}, {"type": "Feature", "properties": {"kode": "3702"}, "geometry": {"type": "Polygon", "coordinates": [[[120.7, -0.7], [121.0, -0.7], [121.0, -0.39999999999999997], [120.7, -0.39999999999999997], [120.7, -0.7]]]}}, {"type": "Feature", "properties": {"kode": "3703"}, "geometry": {"type": "Polygon", "coordinates": [[[121.0, -0.7], [121.3, -0.7], [121.3, -0.39999999999999997], [121.0, -0.39999999999999997], [121.0, -0.7]]]}}, {"type": "Feature", "properties": {"kode": "3704"}, "geometry": {"type": "Polygon", "coordinates": [[[121.30000000000001, -0.7], [121.60000000000001, -0.7], [121.60000000000001, -0.39999999999999997], [121.30000000000001, -0.39999999999999997], [121.30000000000001, -0.7]]]}}, {"type": "Feature", "properties": {"kode": "3705"}, "geometry": {"type": "Polygon", "coordinates": [[[120.4, -1.0], [120.7, -1.0], [120.7, -0.7], [120.4, -0.7], [120.4, -1.0]]]}}, {"type": "Feature", "properties": {"kode": "3706"}, "geometry": {"type": "Polygon", "coordinates": [[[120.7, -1.0], [121.0, -1.0], [121.0, -0.7], [120.7, -0.7], [120.7, -1.0]]]}}, {"type": "Feature", "properties": {"kode": "3707"}, "geometry": {"type": "Polygon", "coordinates": [[[121.0, -1.0], [121.3, -1.0], [121.3, -0.7], [121.0, -0.7], [121.0, -1.0]]]}}, {"type": "Feature", "properties": {"kode": "3708"}, "geometry": {"type": "Polygon", "coordinates": [[[121.30000000000001, -1.0], [121.60000000000001, -1.0], [121.60000000000001, -0.7], [121.30000000000001, -0.7], [121.30000000000001, -1.0]]]}}, {"type": "Feature", "properties": {"kode": "3709"}, "geometry": {"type": "Polygon", "coordinates": [[[120.4, -1.2999999999999998], [120.7, -1.2999999999999998], [120.7, -0.9999999999999998], [120.4, -0.9999999999999998], [120.4, -1.2999999999999998]]]}}, {"type": "Feature", "properties": {"kode": "3710"}, "geometry": {"type": "Polygon", "coordinates": [[[120.7, -1.2999999999999998], [121.0, -1.2999999999999998], [121.0, -0.9999999999999998], [120.7, -0.9999999999999998], [120.7, -1.2999999999999998]]]}}, {"type": "Feature", "properties": {"kode": "3711"}, "geometry": {"type": "Polygon", "coordinates": [[[121.0, -1.2999999999999998], [121.3, -1.2999999999999998], [121.3, -0.9999999999999998], [121.0, -0.9999999999999998], [121.0, -1.2999999999999998]]]}}, {"type": "Feature", "properties": {"kode": "3712"}, "geometry": {"type": "Polygon", "coordinates": [[[121.30000000000001, -1.2999999999999998], [121.60000000000001, -1.2999999999999998], [121.60000000000001, -0.9999999999999998], [121.30000000000001, -0.9999999999999998], [121.30000000000001, -1.2999999999999998]]]}}, {"type": "Feature", "properties": {"kode": "3713"}, "geometry": {"type": "Polygon", "coordinates": [[[120.4, -1.6], [120.7, -1.6], [120.7, -1.3], [120.4, -1.3], [120.4, -1.6]]]}}, {"type": "Feature", "properties": {"kode": "3801"}, "geometry": {"type": "Polygon", "coordinates": [[[118.95, -2.6], [119.25, -2.6], [119.25, -2.3000000000000003], [118.95, -2.3000000000000003], [118.95, -2.6]]]}}, {"type": "Feature", "properties": {"kode": "3802"}, "geometry": {"type": "Polygon", "coordinates": [[[119.25, -2.6], [119.55, -2.6], [119.55, -2.3000000000000003], [119.25, -2.3000000000000003], [119.25, -2.6]]]}}, {"type": "Feature", "properties": {"kode": "3803"}, "geometry": {"type": "Polygon", "coordinates": [[[119.55, -2.6], [119.85, -2.6], [119.85, -2.3000000000000003], [119.55, -2.3000000000000003], [119.55, -2.6]]]}}, {"type": "Feature", "properties": {"kode": "3804"}, "geometry": {"type": "Polygon", "coordinates": [[[118.95, -2.9000000000000004], [119.25, -2.9000000000000004], [119.25, -2.6000000000000005], [118.95, -2.6000000000000005], [118.95, -2.9000000000000004]]]}}, {"type": "Feature", "properties": {"kode": "3805"}, "geometry": {"type": "Polygon", "coordinates": [[[119.25, -2.9000000000000004], [119.55, -2.9000000000000004], [119.55, -2.6000000000000005], [119.25, -2.6000000000000005], [119.25, -2.9000000000000004]]]}}, {"type": "Feature", "properties": {"kode": "3806"}, "geometry": {"type": "Polygon", "coordinates": [[[119.55, -2.9000000000000004], [119.85, -2.9000000000000004], [119.85, -2.6000000000000005], [119.55, -2.6000000000000005], [119.55, -2.9000000000000004]]]}}, {"type": "Feature", "properties": {"kode": "3901"}, "geometry": {"type": "Polygon", "coordinates": [[[119.25, -3.8499999999999996], [119.55, -3.8499999999999996], [119.55, -3.55], [119.25, -3.55], [119.25, -3.8499999999999996]]]}}, {"type": "Feature", "properties": {"kode": "3902"}, "geometry": {"type": "Polygon", "coordinates": [[[119.55, -3.8499999999999996], [119.85, -3.8499999999999996], [119.85, -3.55], [119.55, -3.55], [119.55, -3.8499999999999996]]]}}, {"type": "Feature", "properties": {"kode": "3903"}, "geometry": {"type": "Polygon", "coordinates": [[[119.85, -3.8499999999999996], [120.14999999999999, -3.8499999999999996], [120.14999999999999, -3.55], [119.85, -3.55], [119.85, -3.8499999999999996]]]}}, {"type": "Feature", "properties": {"kode": "3904"}, "geometry": {"type": "Polygon", "coordinates": [[[120.15, -3.8499999999999996], [120.45, -3.8499999999999996], [120.45, -3.55], [120.15, -3.55], [120.15, -3.8499999999999996]]]}}, {"type": "Feature", "properties": {"kode": "3905"}, "geometry": {"type": "Polygon", "coordinates": [[[120.45, -3.8499999999999996], [120.75, -3.8499999999999996], [120.75, -3.55], [120.45, -3.55], [120.45, -3.8499999999999996]]]}}, {"type": "Feature", "properties": {"kode": "3906"}, "geometry": {"type": "Polygon", "coordinates": [[[119.25, -4.1499999999999995], [119.55, -4.1499999999999995], [119.55, -3.8499999999999996], [119.25, -3.8499999999999996], [119.25, -4.1499999999999995]]]}}, {"type": "Feature", "properties": {"kode": "3907"}, "geometry": {"type": "Polygon", "coordinates": [[[119.55, -4.1499999999999995], [119.85, -4.1499999999999995], [119.85, -3.8499999999999996], [119.55, -3.8499999999999996], [119.55, -4.1499999999999995]]]}}, {"type": "Feature", "properties": {"kode": "3908"}, "geometry": {"type": "Polygon", "coordinates": [[[119.85, -4.1499999999999995], [120.14999999999999, -4.1499999999999995], [120.14999999999999, -3.8499999999999996], [119.85, -3.8499999999999996], [119.85, -4.1499999999999995]]]}}, {"type": "Feature", "properties": {"kode": "3909"}, "geometry": {"type": "Polygon", "coordinates": [[[120.15, -4.1499999999999995], [120.45, -4.1499999999999995], [120.45, -3.8499999999999996], [120.15, -3.8499999999999996], [120.15, -4.1499999999999995]]]}}, {"type": "Feature", "properties": {"kode": "3910"}, "geometry": {"type": "Polygon", "coordinates": [[[120.45, -4.1499999999999995], [120.75, -4.1499999999999995], [120.75, -3.8499999999999996], [120.45, -3.8499999999999996], [120.45, -4.1499999999999995]]]}}, {"type": "Feature", "properties": {"kode": "3911"}, "geometry": {"type": "Polygon", "coordinates": [[[119.25, -4.449999999999999], [119.55, -4.449999999999999], [119.55, -4.1499999999999995], [119.25, -4.1499999999999995], [119.25, -4.449999999999999]]]}}, {"type": "Feature", "properties": {"kode": "3912"}, "geometry": {"type": "Polygon", "coordinates": [[[119.55, -4.449999999999999], [119.85, -4.449999999999999], [119.85, -4.1499999999999995], [119.55, -4.1499999999999995], [119.55, -4.449999999999999]]]}}, {"type": "Feature", "properties": {"kode": "3913"}, "geometry": {"type": "Polygon", "coordinates": [[[119.85, -4.449999999999999], [120.14999999999999, -4.449999999999999], [120.14999999999999, -4.1499999999999995], [119.85, -4.1499999999999995], [119.85, -4.449999999999999]]]}}, {"type": "Feature", "properties": {"kode": "3914"}, "geometry": {"type": "Polygon", "coordinates": [[[120.15, -4.449999999999999], [120.45, -4.449999999999999], [120.45, -4.1499999999999995], [120.15, -4.1499999999999995], [120.15, -4.449999999999999]]]}}, {"type": "Feature", "properties": {"kode": "3915"}, "geometry": {"type": "Polygon", "coordinates": [[[120.45, -4.449999999999999], [120.75, -4.449999999999999], [120.75, -4.1499999999999995], [120.45, -4.1499999999999995], [120.45, -4.449999999999999]]]}}, {"type": "Feature", "properties": {"kode": "3916"}, "geometry": {"type": "Polygon", "coordinates": [[[119.25, -4.75], [119.55, -4.75], [119.55, -4.45], [119.25, -4.45], [119.25, -4.75]]]}}, {"type": "Feature", "properties": {"kode": "3917"}, "geometry": {"type": "Polygon", "coordinates": [[[119.55, -4.75], [119.85, -4.75], [119.85, -4.45], [119.55, -4.45], [119.55, -4.75]]]}}, {"type": "Feature", "properties": {"kode": "3918"}, "geometry": {"type": "Polygon", "coordinates": [[[119.85, -4.75], [120.14999999999999, -4.75], [120.14999999999999, -4.45], [119.85, -4.45], [119.85, -4.75]]]}}, {"type": "Feature", "properties": {"kode": "3919"}, "geometry": {"type": "Polygon", "coordinates": [[[120.15, -4.75], [120.45, -4.75], [120.45, -4.45], [120.15, -4.45], [120.15, -4.75]]]}}, {"type": "Feature", "properties": {"kode": "3920"}, "geometry": {"type": "Polygon", "coordinates": [[[120.45, -4.75], [120.75, -4.75], [120.75, -4.45], [120.45, -4.45], [120.45, -4.75]]]}}, {"type": "Feature", "properties": {"kode": "3921"}, "geometry": {"type": "Polygon", "coordinates": [[[119.25, -5.05], [119.55, -5.05], [119.55, -4.75], [119.25, -4.75], [119.25, -5.05]]]}}, {"type": "Feature", "properties": {"kode": "3922"}, "geometry": {"type": "Polygon", "coordinates": [[[119.55, -5.05], [119.85, -5.05], [119.85, -4.75], [119.55, -4.75], [119.55, -5.05]]]}}, {"type": "Feature", "properties": {"kode": "3923"}, "geometry": {"type": "Polygon", "coordinates": [[[119.85, -5.05], [120.14999999999999, -5.05], [120.14999999999999, -4.75], [119.85, -4.75], [119.85, -5.05]]]}}, {"type": "Feature", "properties": {"kode": "3924"}, "geometry": {"type": "Polygon", "coordinates": [[[120.15, -5.05], [120.45, -5.05], [120.45, -4.75], [120.15, -4.75], [120.15, -5.05]]]}}, {"type": "Feature", "properties": {"kode": "4001"}, "geometry": {"type": "Polygon", "coordinates": [[[121.45, -3.6999999999999997], [121.75, -3.6999999999999997], [121.75, -3.4], [121.45, -3.4], [121.45, -3.6999999999999997]]]}}, {"type": "Feature", "properties": {"kode": "4002"}, "geometry": {"type": "Polygon", "coordinates": [[[121.75, -3.6999999999999997], [122.05, -3.6999999999999997], [122.05, -3.4], [121.75, -3.4], [121.75, -3.6999999999999997]]]}}, {"type": "Feature", "properties": {"kode": "4003"}, "geometry": {"type": "Polygon", "coordinates": [[[122.05, -3.6999999999999997], [122.35, -3.6999999999999997], [122.35, -3.4], [122.05, -3.4], [122.05, -3.6999999999999997]]]}}, {"type": "Feature", "properties": {"kode": "4004"}, "geometry": {"type": "Polygon", "coordinates": [[[122.35000000000001, -3.6999999999999997], [122.65, -3.6999999999999997], [122.65, -3.4], [122.35000000000001, -3.4], [122.35000000000001, -3.6999999999999997]]]}}, {"type": "Feature", "properties": {"kode": "4005"}, "geometry": {"type": "Polygon", "coordinates": [[[122.65, -3.6999999999999997], [122.95, -3.6999999999999997], [122.95, -3.4], [122.65, -3.4], [122.65, -3.6999999999999997]]]}}, {"type": "Feature", "properties": {"kode": "4006"}, "geometry": {"type": "Polygon", "coordinates": [[[121.45, -4.0], [121.75, -4.0], [121.75, -3.7], [121.45, -3.7], [121.45, -4.0]]]}}, {"type": "Feature", "properties": {"kode": "4007"}, "geometry": {"type": "Polygon", "coordinates": [[[121.75, -4.0], [122.05, -4.0], [122.05, -3.7], [121.75, -3.7], [121.75, -4.0]]]}}, {"type": "Feature", "properties": {"kode": "4008"}, "geometry": {"type": "Polygon", "coordinates": [[[122.05, -4.0], [122.35, -4.0], [122.35, -3.7], [122.05, -3.7], [122.05, -4.0]]]}}, {"type": "Feature", "properties": {"kode": "4009"}, "geometry": {"type": "Polygon", "coordinates": [[[122.35000000000001, -4.0], [122.65, -4.0], [122.65, -3.7], [122.35000000000001, -3.7], [122.35000000000001, -4.0]]]}}, {"type": "Feature", "properties": {"kode": "4010"}, "geometry": {"type": "Polygon", "coordinates": [[[122.65, -4.0], [122.95, -4.0], [122.95, -3.7], [122.65, -3.7], [122.65, -4.0]]]}}, {"type": "Feature", "properties": {"kode": "4011"}, "geometry": {"type": "Polygon", "coordinates": [[[121.45, -4.3], [121.75, -4.3], [121.75, -4.0], [121.45, -4.0], [121.45, -4.3]]]}}, {"type": "Feature", "properties": {"kode": "4012"}, "geometry": {"type": "Polygon", "coordinates": [[[121.75, -4.3], [122.05, -4.3], [122.05, -4.0], [121.75, -4.0], [121.75, -4.3]]]}}, {"type": "Feature", "properties": {"kode": "4013"}, "geometry": {"type": "Polygon", "coordinates": [[[122.05, -4.3], [122.35, -4.3], [122.35, -4.0], [122.05, -4.0], [122.05, -4.3]]]}}, {"type": "Feature", "properties": {"kode": "4014"}, "geometry": {"type": "Polygon", "coordinates": [[[122.35000000000001, -4.3], [122.65, -4.3], [122.65, -4.0], [122.35000000000001, -4.0], [122.35000000000001, -4.3]]]}}, {"type": "Feature", "properties": {"kode": "4015"}, "geometry": {"type": "Polygon", "coordinates": [[[122.65, -4.3], [122.95, -4.3], [122.95, -4.0], [122.65, -4.0], [122.65, -4.3]]]}}, {"type": "Feature", "properties": {"kode": "4016"}, "geometry": {"type": "Polygon", "coordinates": [[[121.45, -4.6], [121.75, -4.6], [121.75, -4.3], [121.45, -4.3], [121.45, -4.6]]]}}, {"type": "Feature", "properties": {"kode": "4017"}, "geometry": {"type": "Polygon", "coordinates": [[[121.75, -4.6], [122.05, -4.6], [122.05, -4.3], [121.75, -4.3], [121.75, -4.6]]]}}, {"type": "Feature", "properties": {"kode": "4101"}, "geometry": {"type": "Polygon", "coordinates": [[[127.4, -3.25], [127.7, -3.25], [127.7, -2.95], [127.4, -2.95], [127.4, -3.25]]]}}, {"type": "Feature", "properties": {"kode": "4102"}, "geometry": {"type": "Polygon", "coordinates": [[[127.7, -3.25], [128.0, -3.25], [128.0, -2.95], [127.7, -2.95], [127.7, -3.25]]]}}, {"type": "Feature", "properties": {"kode": "4103"}, "geometry": {"type": "Polygon", "coordinates": [[[128.0, -3.25], [128.3, -3.25], [128.3, -2.95], [128.0, -2.95], [128.0, -3.25]]]}}, {"type": "Feature", "properties": {"kode": "4104"}, "geometry": {"type": "Polygon", "coordinates": [[[128.3, -3.25], [128.60000000000002, -3.25], [128.60000000000002, -2.95], [128.3, -2.95], [128.3, -3.25]]]}}, {"type": "Feature", "properties": {"kode": "4105"}, "geometry": {"type": "Polygon", "coordinates": [[[127.4, -3.5500000000000003], [127.7, -3.5500000000000003], [127.7, -3.2500000000000004], [127.4, -3.2500000000000004], [127.4, -3.5500000000000003]]]}}, {"type": "Feature", "properties": {"kode": "4106"}, "geometry": {"type": "Polygon", "coordinates": [[[127.7, -3.5500000000000003], [128.0, -3.5500000000000003], [128.0, -3.2500000000000004], [127.7, -3.2500000000000004], [127.7, -3.5500000000000003]]]}}, {"type": "Feature", "properties": {"kode": "4107"}, "geometry": {"type": "Polygon", "coordinates": [[[128.0, -3.5500000000000003], [128.3, -3.5500000000000003], [128.3, -3.2500000000000004], [128.0, -3.2500000000000004], [128.0, -3.5500000000000003]]]}}, {"type": "Feature", "properties": {"kode": "4108"}, "geometry": {"type": "Polygon", "coordinates": [[[128.3, -3.5500000000000003], [128.60000000000002, -3.5500000000000003], [128.60000000000002, -3.2500000000000004], [128.3, -3.2500000000000004], [128.3, -3.5500000000000003]]]}}, {"type": "Feature", "properties": {"kode": "4109"}, "geometry": {"type": "Polygon", "coordinates": [[[127.4, -3.85], [127.7, -3.85], [127.7, -3.5500000000000003], [127.4, -3.5500000000000003], [127.4, -3.85]]]}}, {"type": "Feature", "properties": {"kode": "4110"}, "geometry": {"type": "Polygon", "coordinates": [[[127.7, -3.85], [128.0, -3.85], [128.0, -3.5500000000000003], [127.7, -3.5500000000000003], [127.7, -3.85]]]}}, {"type": "Feature", "properties": {"kode": "4111"}, "geometry": {"type": "Polygon", "coordinates": [[[128.0, -3.85], [128.3, -3.85], [128.3, -3.5500000000000003], [128.0, -3.5500000000000003], [128.0, -3.85]]]}}, {"type": "Feature", "properties": {"kode": "4201"}, "geometry": {"type": "Polygon", "coordinates": [[[127.2, 1.3499999999999999], [127.5, 1.3499999999999999], [127.5, 1.65], [127.2, 1.65], [127.2, 1.3499999999999999]]]}}, {"type": "Feature", "properties": {"kode": "4202"}, "geometry": {"type": "Polygon", "coordinates": [[[127.5, 1.3499999999999999], [127.8, 1.3499999999999999], [127.8, 1.65], [127.5, 1.65], [127.5, 1.3499999999999999]]]}}, {"type": "Feature", "properties": {"kode": "4203"}, "geometry": {"type": "Polygon", "coordinates": [[[127.8, 1.3499999999999999], [128.1, 1.3499999999999999], [128.1, 1.65], [127.8, 1.65], [127.8, 1.3499999999999999]]]}}, {"type": "Feature", "properties": {"kode": "4204"}, "geometry": {"type": "Polygon", "coordinates": [[[128.1, 1.3499999999999999], [128.4, 1.3499999999999999], [128.4, 1.65], [128.1, 1.65], [128.1, 1.3499999999999999]]]}}, {"type": "Feature", "properties": {"kode": "4205"}, "geometry": {"type": "Polygon", "coordinates": [[[127.2, 1.0499999999999998], [127.5, 1.0499999999999998], [127.5, 1.3499999999999999], [127.2, 1.3499999999999999], [127.2, 1.0499999999999998]]]}}, {"type": "Feature", "properties": {"kode": "4206"}, "geometry": {"type": "Polygon", "coordinates": [[[127.5, 1.0499999999999998], [127.8, 1.0499999999999998], [127.8, 1.3499999999999999], [127.5, 1.3499999999999999], [127.5, 1.0499999999999998]]]}}, {"type": "Feature", "properties": {"kode": "4207"}, "geometry": {"type": "Polygon", "coordinates": [[[127.8, 1.0499999999999998], [128.1, 1.0499999999999998], [128.1, 1.3499999999999999], [127.8, 1.3499999999999999], [127.8, 1.0499999999999998]]]}}, {"type": "Feature", "properties": {"kode": "4208"}, "geometry": {"type": "Polygon", "coordinates": [[[128.1, 1.0499999999999998], [128.4, 1.0499999999999998], [128.4, 1.3499999999999999], [128.1, 1.3499999999999999], [128.1, 1.0499999999999998]]]}}, {"type": "Feature", "properties": {"kode": "4209"}, "geometry": {"type": "Polygon", "coordinates": [[[127.2, 0.75], [127.5, 0.75], [127.5, 1.05], [127.2, 1.05], [127.2, 0.75]]]}}, {"type": "Feature", "properties": {"kode": "4210"}, "geometry": {"type": "Polygon", "coordinates": [[[127.5, 0.75], [127.8, 0.75], [127.8, 1.05], [127.5, 1.05], [127.5, 0.75]]]}}, {"type": "Feature", "properties": {"kode": "4301"}, "geometry": {"type": "Polygon", "coordinates": [[[132.05, -1.35], [132.35000000000002, -1.35], [132.35000000000002, -1.05], [132.05, -1.05], [132.05, -1.35]]]}}, {"type": "Feature", "properties": {"kode": "4302"}, "geometry": {"type": "Polygon", "coordinates": [[[132.35000000000002, -1.35], [132.65000000000003, -1.35], [132.65000000000003, -1.05], [132.35000000000002, -1.05], [132.35000000000002, -1.35]]]}}, {"type": "Feature", "properties": {"kode": "4303"}, "geometry": {"type": "Polygon", "coordinates": [[[132.65, -1.35], [132.95000000000002, -1.35], [132.95000000000002, -1.05], [132.65, -1.05], [132.65, -1.35]]]}}, {"type": "Feature", "properties": {"kode": "4304"}, "geometry": {"type": "Polygon", "coordinates": [[[132.05, -1.65], [132.35000000000002, -1.65], [132.35000000000002, -1.3499999999999999], [132.05, -1.3499999999999999], [132.05, -1.65]]]}}, {"type": "Feature", "properties": {"kode": "4305"}, "geometry": {"type": "Polygon", "coordinates": [[[132.35000000000002, -1.65], [132.65000000000003, -1.65], [132.65000000000003, -1.3499999999999999], [132.35000000000002, -1.3499999999999999], [132.35000000000002, -1.65]]]}}, {"type": "Feature", "properties": {"kode": "4306"}, "geometry": {"type": "Polygon", "coordinates": [[[132.65, -1.65], [132.95000000000002, -1.65], [132.95000000000002, -1.3499999999999999], [132.65, -1.3499999999999999], [132.65, -1.65]]]}}, {"type": "Feature", "properties": {"kode": "4307"}, "geometry": {"type": "Polygon", "coordinates": [[[132.05, -1.95], [132.35000000000002, -1.95], [132.35000000000002, -1.65], [132.05, -1.65], [132.05, -1.95]]]}}, {"type": "Feature", "properties": {"kode": "4401"}, "geometry": {"type": "Polygon", "coordinates": [[[130.55, -0.9000000000000001], [130.85000000000002, -0.9000000000000001], [130.85000000000002, -0.6000000000000001], [130.55, -0.6000000000000001], [130.55, -0.9000000000000001]]]}}, {"type": "Feature", "properties": {"kode": "4402"}, "geometry": {"type": "Polygon", "coordinates": [[[130.85000000000002, -0.9000000000000001], [131.15000000000003, -0.9000000000000001], [131.15000000000003, -0.6000000000000001], [130.85000000000002, -0.6000000000000001], [130.85000000000002, -0.9000000000000001]]]}}, {"type": "Feature", "properties": {"kode": "4403"}, "geometry": {"type": "Polygon", "coordinates": [[[131.15, -0.9000000000000001], [131.45000000000002, -0.9000000000000001], [131.45000000000002, -0.6000000000000001], [131.15, -0.6000000000000001], [131.15, -0.9000000000000001]]]}}, {"type": "Feature", "properties": {"kode": "4404"}, "geometry": {"type": "Polygon", "coordinates": [[[130.55, -1.2000000000000002], [130.85000000000002, -1.2000000000000002], [130.85000000000002, -0.9000000000000001], [130.55, -0.9000000000000001], [130.55, -1.2000000000000002]]]}}, {"type": "Feature", "properties": {"kode": "4405"}, "geometry": {"type": "Polygon", "coordinates": [[[130.85000000000002, -1.2000000000000002], [131.15000000000003, -1.2000000000000002], [131.15000000000003, -0.9000000000000001], [130.85000000000002, -0.9000000000000001], [130.85000000000002, -1.2000000000000002]]]}}, {"type": "Feature", "properties": {"kode": "4406"}, "geometry": {"type": "Polygon", "coordinates": [[[131.15, -1.2000000000000002], [131.45000000000002, -1.2000000000000002], [131.45000000000002, -0.9000000000000001], [131.15, -0.9000000000000001], [131.15, -1.2000000000000002]]]}}, {"type": "Feature", "properties": {"kode": "4501"}, "geometry": {"type": "Polygon", "coordinates": [[[139.2, -7.0], [139.5, -7.0], [139.5, -6.7], [139.2, -6.7], [139.2, -7.0]]]}}, {"type": "Feature", "properties": {"kode": "4502"}, "geometry": {"type": "Polygon", "coordinates": [[[139.5, -7.0], [139.8, -7.0], [139.8, -6.7], [139.5, -6.7], [139.5, -7.0]]]}}, {"type": "Feature", "properties": {"kode": "4503"}, "geometry": {"type": "Polygon", "coordinates": [[[139.2, -7.3], [139.5, -7.3], [139.5, -7.0], [139.2, -7.0], [139.2, -7.3]]]}}, {"type": "Feature", "properties": {"kode": "4504"}, "geometry": {"type": "Polygon", "coordinates": [[[139.5, -7.3], [139.8, -7.3], [139.8, -7.0], [139.5, -7.0], [139.5, -7.3]]]}}, {"type": "Feature", "properties": {"kode": "4601"}, "geometry": {"type": "Polygon", "coordinates": [[[138.55, -2.8499999999999996], [138.85000000000002, -2.8499999999999996], [138.85000000000002, -2.55], [138.55, -2.55], [138.55, -2.8499999999999996]]]}}, {"type": "Feature", "properties": {"kode": "4602"}, "geometry": {"type": "Polygon", "coordinates": [[[138.85000000000002, -2.8499999999999996], [139.15000000000003, -2.8499999999999996], [139.15000000000003, -2.55], [138.85000000000002, -2.55], [138.85000000000002, -2.8499999999999996]]]}}, {"type": "Feature", "properties": {"kode": "4603"}, "geometry": {"type": "Polygon", "coordinates": [[[139.15, -2.8499999999999996], [139.45000000000002, -2.8499999999999996], [139.45000000000002, -2.55], [139.15, -2.55], [139.15, -2.8499999999999996]]]}}, {"type": "Feature", "properties": {"kode": "4604"}, "geometry": {"type": "Polygon", "coordinates": [[[138.55, -3.15], [138.85000000000002, -3.15], [138.85000000000002, -2.85], [138.55, -2.85], [138.55, -3.15]]]}}, {"type": "Feature", "properties": {"kode": "4605"}, "geometry": {"type": "Polygon", "coordinates": [[[138.85000000000002, -3.15], [139.15000000000003, -3.15], [139.15000000000003, -2.85], [138.85000000000002, -2.85], [138.85000000000002, -3.15]]]}}, {"type": "Feature", "properties": {"kode": "4606"}, "geometry": {"type": "Polygon", "coordinates": [[[139.15, -3.15], [139.45000000000002, -3.15], [139.45000000000002, -2.85], [139.15, -2.85], [139.15, -3.15]]]}}, {"type": "Feature", "properties": {"kode": "4607"}, "geometry": {"type": "Polygon", "coordinates": [[[138.55, -3.4499999999999997], [138.85000000000002, -3.4499999999999997], [138.85000000000002, -3.15], [138.55, -3.15], [138.55, -3.4499999999999997]]]}}, {"type": "Feature", "properties": {"kode": "4608"}, "geometry": {"type": "Polygon", "coordinates": [[[138.85000000000002, -3.4499999999999997], [139.15000000000003, -3.4499999999999997], [139.15000000000003, -3.15], [138.85000000000002, -3.15], [138.85000000000002, -3.4499999999999997]]]}}, {"type": "Feature", "properties": {"kode": "4609"}, "geometry": {"type": "Polygon", "coordinates": [[[139.15, -3.4499999999999997], [139.45000000000002, -3.4499999999999997], [139.45000000000002, -3.15], [139.15, -3.15], [139.15, -3.4499999999999997]]]}}, {"type": "Feature", "properties": {"kode": "4701"}, "geometry": {"type": "Polygon", "coordinates": [[[135.55, -3.8499999999999996], [135.85000000000002, -3.8499999999999996], [135.85000000000002, -3.55], [135.55, -3.55], [135.55, -3.8499999999999996]]]}}, {"type": "Feature", "properties": {"kode": "4702"}, "geometry": {"type": "Polygon", "coordinates": [[[135.85000000000002, -3.8499999999999996], [136.15000000000003, -3.8499999999999996], [136.15000000000003, -3.55], [135.85000000000002, -3.55], [135.85000000000002, -3.8499999999999996]]]}}, {"type": "Feature", "properties": {"kode": "4703"}, "geometry": {"type": "Polygon", "coordinates": [[[136.15, -3.8499999999999996], [136.45000000000002, -3.8499999999999996], [136.45000000000002, -3.55], [136.15, -3.55], [136.15, -3.8499999999999996]]]}}, {"type": "Feature", "properties": {"kode": "4704"}, "geometry": {"type": "Polygon", "coordinates": [[[135.55, -4.1499999999999995], [135.85000000000002, -4.1499999999999995], [135.85000000000002, -3.8499999999999996], [135.55, -3.8499999999999996], [135.55, -4.1499999999999995]]]}}, {"type": "Feature", "properties": {"kode": "4705"}, "geometry": {"type": "Polygon", "coordinates": [[[135.85000000000002, -4.1499999999999995], [136.15000000000003, -4.1499999999999995], [136.15000000000003, -3.8499999999999996], [135.85000000000002, -3.8499999999999996], [135.85000000000002, -4.1499999999999995]]]}}, {"type": "Feature", "properties": {"kode": "4706"}, "geometry": {"type": "Polygon", "coordinates": [[[136.15, -4.1499999999999995], [136.45000000000002, -4.1499999999999995], [136.45000000000002, -3.8499999999999996], [136.15, -3.8499999999999996], [136.15, -4.1499999999999995]]]}}, {"type": "Feature", "properties": {"kode": "4707"}, "geometry": {"type": "Polygon", "coordinates": [[[135.55, -4.449999999999999], [135.85000000000002, -4.449999999999999], [135.85000000000002, -4.1499999999999995], [135.55, -4.1499999999999995], [135.55, -4.449999999999999]]]}}, {"type": "Feature", "properties": {"kode": "4708"}, "geometry": {"type": "Polygon", "coordinates": [[[135.85000000000002, -4.449999999999999], [136.15000000000003, -4.449999999999999], [136.15000000000003, -4.1499999999999995], [135.85000000000002, -4.1499999999999995], [135.85000000000002, -4.449999999999999]]]}}, {"type": "Feature", "properties": {"kode": "4801"}, "geometry": {"type": "Polygon", "coordinates": [[[138.05, -4.449999999999999], [138.35000000000002, -4.449999999999999], [138.35000000000002, -4.1499999999999995], [138.05, -4.1499999999999995], [138.05, -4.449999999999999]]]}}, {"type": "Feature", "properties": {"kode": "4802"}, "geometry": {"type": "Polygon", "coordinates": [[[138.35000000000002, -4.449999999999999], [138.65000000000003, -4.449999999999999], [138.65000000000003, -4.1499999999999995], [138.35000000000002, -4.1499999999999995], [138.35000000000002, -4.449999999999999]]]}}, {"type": "Feature", "properties": {"kode": "4803"}, "geometry": {"type": "Polygon", "coordinates": [[[138.65, -4.449999999999999], [138.95000000000002, -4.449999999999999], [138.95000000000002, -4.1499999999999995], [138.65, -4.1499999999999995], [138.65, -4.449999999999999]]]}}, {"type": "Feature", "properties": {"kode": "4804"}, "geometry": {"type": "Polygon", "coordinates": [[[138.05, -4.749999999999999], [138.35000000000002, -4.749999999999999], [138.35000000000002, -4.449999999999999], [138.05, -4.449999999999999], [138.05, -4.749999999999999]]]}}, {"type": "Feature", "properties": {"kode": "4805"}, "geometry": {"type": "Polygon", "coordinates": [[[138.35000000000002, -4.749999999999999], [138.65000000000003, -4.749999999999999], [138.65000000000003, -4.449999999999999], [138.35000000000002, -4.449999999999999], [138.35000000000002, -4.749999999999999]]]}}, {"type": "Feature", "properties": {"kode": "4806"}, "geometry": {"type": "Polygon", "coordinates": [[[138.65, -4.749999999999999], [138.95000000000002, -4.749999999999999], [138.95000000000002, -4.449999999999999], [138.65, -4.449999999999999], [138.65, -4.749999999999999]]]}}, {"type": "Feature", "properties": {"kode": "4807"}, "geometry": {"type": "Polygon", "coordinates": [[[138.05, -5.049999999999999], [138.35000000000002, -5.049999999999999], [138.35000000000002, -4.749999999999999], [138.05, -4.749999999999999], [138.05, -5.049999999999999]]]}}, {"type": "Feature", "properties": {"kode": "4808"}, "geometry": {"type": "Polygon", "coordinates": [[[138.35000000000002, -5.049999999999999], [138.65000000000003, -5.049999999999999], [138.65000000000003, -4.749999999999999], [138.35000000000002, -4.749999999999999], [138.35000000000002, -5.049999999999999]]]}}]}